time,system,cpu,mem_used,disk_r_ops_rate,disk_w_ops_rate,disk_r_bytes_rate,disk_w_bytes_rate,net_sent_pps,net_recv_pps,net_sent_bps,net_recv_bps
0,systemwide,463.8,5175304192,0.0,0.0,0.0,0.0,666.3333333333334,1194.0,1653813.3333333333,1743823.0
0,rdr_proxy,479.5981,4036898816,0.0,0.0,0.0,0.0,666.0,1180.3333333333333,1653799.3333333333,1742921.0
3,systemwide,420.3,5353250816,0.0,0.6666666666666666,0.0,312661.3333333333,538.0,1074.6666666666667,1685877.3333333333,1634816.0
3,rdr_proxy,427.9726666666666,4291256320,0.0,0.0,0.0,0.0,538.0,877.6666666666666,1685877.3333333333,1621814.0
6,systemwide,480.5,5622661120,0.0,0.0,0.0,0.0,617.6666666666666,932.0,2384636.6666666665,2411178.6666666665
6,rdr_proxy,490.6512666666667,4594708480,0.0,0.0,0.0,0.0,617.6666666666666,825.3333333333334,2384636.6666666665,2404138.6666666665
9,systemwide,364.2,5645815808,0.0,1.6666666666666667,0.0,233472.0,280.0,433.6666666666667,1434499.3333333333,1455688.6666666667
9,rdr_proxy,366.9388666666667,4553240576,0.0,0.3333333333333333,0.0,9557.333333333334,280.0,393.6666666666667,1434499.3333333333,1453048.6666666667
12,systemwide,196.0,5450084352,0.0,0.6666666666666666,0.0,386389.3333333333,104.66666666666667,158.0,179169.0,202907.33333333334
12,rdr_proxy,209.1716,4338892800,0.0,0.0,0.0,0.0,104.66666666666667,157.33333333333334,179169.0,202863.33333333334
15,systemwide,127.9,5184274432,0.0,0.6666666666666666,0.0,144725.33333333334,30.666666666666668,59.0,56197.666666666664,59547.0
15,rdr_proxy,132.88036666666667,4045045760,0.0,0.0,0.0,0.0,30.666666666666668,58.666666666666664,56197.666666666664,59525.0
18,systemwide,332.4,4562849792,0.0,0.3333333333333333,0.0,1365.3333333333333,237.0,494.0,627022.3333333334,750799.3333333334
18,rdr_proxy,339.38776666666666,3436331008,0.0,0.0,0.0,0.0,237.0,490.6666666666667,627022.3333333334,750579.3333333334
21,systemwide,182.6,4584849408,0.0,58.0,0.0,456021.3333333333,180.0,277.0,363476.6666666667,374458.0
21,rdr_proxy,194.61856666666665,3486535680,0.0,0.0,0.0,0.0,180.0,277.0,363476.6666666667,374458.0
24,systemwide,71.2,4587470848,0.0,222.0,0.0,17944576.0,20.333333333333332,28.666666666666668,17023.0,16247.0
24,rdr_proxy,76.67309999999999,3497213952,0.0,239.33333333333334,0.0,17944576.0,20.333333333333332,28.666666666666668,17023.0,16247.0
27,systemwide,58.5,4528308224,0.0,1.6666666666666667,0.0,238933.33333333334,13.666666666666666,15.333333333333334,1141.3333333333333,1317.3333333333333
27,rdr_proxy,69.64873333333334,3433140224,0.0,0.3333333333333333,0.0,9557.333333333334,13.666666666666666,15.333333333333334,1141.3333333333333,1317.3333333333333
30,systemwide,240.6,4589256704,0.0,0.0,0.0,0.0,439.0,931.0,1288406.3333333333,1199039.3333333333
30,rdr_proxy,249.78,3491487744,0.0,0.0,0.0,0.0,439.0,904.0,1288406.3333333333,1197297.3333333333
33,systemwide,112.9,4601999360,0.0,0.6666666666666666,0.0,141994.66666666666,120.0,192.66666666666666,181631.33333333334,182735.66666666666
33,rdr_proxy,117.85763333333334,3514953728,0.0,0.0,0.0,0.0,120.0,189.0,181631.33333333334,182493.66666666666
36,systemwide,86.39999999999999,4611899392,0.0,0.0,0.0,0.0,15.333333333333334,22.666666666666668,13453.0,12648.333333333334
36,rdr_proxy,94.06273333333333,3529248768,0.0,0.0,0.0,0.0,15.333333333333334,23.0,13453.0,12670.333333333334
39,systemwide,103.39999999999999,4656279552,0.0,12.333333333333334,0.0,101034.66666666667,116.66666666666667,138.66666666666666,180678.66666666666,190311.66666666666
39,rdr_proxy,107.90469999999999,3567120384,0.0,0.3333333333333333,0.0,9557.333333333334,116.66666666666667,138.33333333333334,180678.66666666666,190289.66666666666
42,systemwide,152.9,4708122624,0.0,0.0,0.0,0.0,160.0,377.0,442329.6666666667,419400.6666666667
42,rdr_proxy,161.10623333333334,3636068352,0.0,0.0,0.0,0.0,160.0,374.6666666666667,442329.6666666667,419246.6666666667
45,systemwide,176.4,5025374208,0.0,2.3333333333333335,0.0,207530.66666666666,181.33333333333334,226.33333333333334,319892.6666666667,383021.0
45,rdr_proxy,170.40316666666666,3918028800,0.0,0.3333333333333333,0.0,1365.3333333333333,181.33333333333334,217.0,319892.6666666667,382405.0
48,systemwide,238.9,4955242496,0.0,200.0,0.0,17646933.333333332,93.66666666666667,105.33333333333333,105319.33333333333,113961.0
48,rdr_proxy,243.3007,3763642368,0.0,216.66666666666666,0.0,17510400.0,93.66666666666667,100.0,105319.33333333333,113609.0
51,systemwide,92.60000000000001,4860194816,0.0,1.0,0.0,124245.33333333333,45.0,60.333333333333336,35484.0,38783.666666666664
51,rdr_proxy,103.8286,3716321280,0.0,0.3333333333333333,0.0,9557.333333333334,45.0,59.333333333333336,35484.0,38717.666666666664
54,systemwide,93.6,4728795136,0.0,0.6666666666666666,0.0,118784.0,26.666666666666668,29.666666666666668,22207.333333333332,21102.0
54,rdr_proxy,101.2796,3602350080,0.0,0.0,0.0,0.0,26.666666666666668,27.0,22207.333333333332,20926.0
57,systemwide,127.7,4654473216,0.0,35.333333333333336,0.0,152917.33333333334,219.33333333333334,405.3333333333333,656726.0,643112.6666666666
57,rdr_proxy,137.6763,3538112512,0.0,0.0,0.0,0.0,219.33333333333334,310.0,656726.0,636820.6666666666
60,systemwide,292.3,4825124864,0.0,0.6666666666666666,0.0,103765.33333333333,258.0,413.3333333333333,1416894.0,1439140.3333333333
60,rdr_proxy,300.4968,3697479680,0.0,0.0,0.0,0.0,258.3333333333333,376.0,1417935.3333333333,1436676.3333333333
63,systemwide,241.4,4919640064,0.0,0.0,0.0,0.0,505.3333333333333,770.6666666666666,3548393.6666666665,4411825.666666667
63,rdr_proxy,251.85736666666665,3854041088,0.0,0.0,0.0,0.0,505.0,578.0,3547352.3333333335,4399109.666666667
66,systemwide,310.3,5155086336,0.0,21.666666666666668,0.0,264874.6666666667,756.0,2276.3333333333335,8372407.0,8922871.0
66,rdr_proxy,321.1462333333333,4118822912,0.0,0.3333333333333333,0.0,9557.333333333334,756.0,2080.3333333333335,8372407.0,8909967.0
69,systemwide,425.3,5424521216,0.0,230.33333333333334,0.0,24376661.333333332,657.6666666666666,1365.0,2060638.3333333333,2017189.0
69,rdr_proxy,433.40903333333335,4422365184,0.0,250.33333333333334,0.0,24285184.0,658.0,1317.0,2060660.3333333333,2015579.3333333333
72,systemwide,129.1,5109125120,0.0,0.6666666666666666,0.0,178858.66666666666,179.0,221.33333333333334,300166.0,234856.66666666666
72,rdr_proxy,133.904,4023312384,0.0,0.0,0.0,0.0,178.66666666666666,219.66666666666666,300144.0,233208.33333333334
75,systemwide,74.3,5031219200,0.0,12.333333333333334,0.0,185685.33333333334,7.0,8.333333333333334,450.0,640.0
75,rdr_proxy,79.26636666666667,3920072704,0.0,0.0,0.0,0.0,7.0,8.333333333333334,450.0,640.0
78,systemwide,94.1,4782874624,0.0,1.0,0.0,105130.66666666667,80.66666666666667,147.0,113624.0,123719.66666666667
78,rdr_proxy,104.36136666666665,3694313472,0.0,0.3333333333333333,0.0,9557.333333333334,80.66666666666667,146.0,113624.0,123653.66666666667
81,systemwide,251.8,5041332224,0.0,0.0,0.0,0.0,613.0,1236.3333333333333,6061514.666666667,7580530.666666667
81,rdr_proxy,260.7979666666667,3982499840,0.0,0.0,0.0,0.0,613.0,1091.0,6061514.666666667,7570938.666666667
84,systemwide,122.5,4913135616,0.0,0.6666666666666666,0.0,170666.66666666666,386.0,2359.3333333333335,1130454.0,3007852.3333333335
84,rdr_proxy,132.9486,3846135808,0.0,0.0,0.0,0.0,386.0,2354.6666666666665,1130454.0,3007552.3333333335
87,systemwide,231.4,5086539776,0.0,0.6666666666666666,0.0,79189.33333333333,594.6666666666666,2934.0,3740819.3333333335,3650860.6666666665
87,rdr_proxy,243.57676666666669,4001357824,0.0,0.0,0.0,0.0,594.6666666666666,2934.0,3740819.3333333335,3650860.6666666665
90,systemwide,376.2,5117313024,0.0,220.66666666666666,0.0,16966997.333333332,649.0,1097.3333333333333,1580611.3333333333,1625396.3333333333
90,rdr_proxy,384.4945666666667,4065701888,0.0,211.0,0.0,16756736.0,649.0,1000.3333333333334,1580611.3333333333,1618994.3333333333
93,systemwide,327.9,5328388096,0.0,0.0,0.0,0.0,317.0,368.0,1416342.6666666667,1603388.6666666667
93,rdr_proxy,339.9515333333333,4281217024,0.0,0.0,0.0,0.0,317.0,362.3333333333333,1416342.6666666667,1603014.6666666667
96,systemwide,100.9,5285523456,0.0,1.0,0.0,155648.0,25.0,25.666666666666668,5593.0,4598.0
96,rdr_proxy,108.71733333333333,4196823040,0.0,0.0,0.0,0.0,25.0,25.666666666666668,5593.0,4598.0
99,systemwide,107.2,4905496576,0.0,0.6666666666666666,0.0,103765.33333333333,21.666666666666668,22.666666666666668,2767.0,4474.0
99,rdr_proxy,117.60073333333334,3812306944,0.0,0.0,0.0,0.0,21.666666666666668,22.666666666666668,2767.0,4474.0
102,systemwide,62.6,4684754944,0.0,0.0,0.0,0.0,2.0,2.6666666666666665,132.0,181.0
102,rdr_proxy,71.00529999999999,3595214848,0.0,0.0,0.0,0.0,2.0,2.6666666666666665,132.0,181.0
105,systemwide,67.6,4701671424,0.0,0.6666666666666666,0.0,102400.0,12.666666666666666,13.0,836.0,879.0
105,rdr_proxy,65.48253333333334,3595636736,0.0,0.0,0.0,0.0,12.666666666666666,13.0,836.0,879.0
108,systemwide,83.7,4695048192,0.0,0.6666666666666666,0.0,94208.0,20.333333333333332,20.333333333333332,1342.0,1386.6666666666667
108,rdr_proxy,90.29423333333334,3592798208,0.0,0.0,0.0,0.0,20.333333333333332,20.333333333333332,1342.0,1386.6666666666667
111,systemwide,62.9,4682059776,0.0,1.0,0.0,70997.33333333333,28.0,31.666666666666668,5070.666666666667,6296.666666666667
111,rdr_proxy,70.97143333333334,3584143360,0.0,0.0,0.0,0.0,28.0,31.666666666666668,5070.666666666667,6296.666666666667
114,systemwide,117.8,4715925504,0.0,0.0,0.0,0.0,394.3333333333333,2675.6666666666665,382266.3333333333,3452607.3333333335
114,rdr_proxy,126.14246666666666,3632246784,0.0,0.0,0.0,0.0,394.3333333333333,2675.6666666666665,382266.3333333333,3452607.3333333335
117,systemwide,75.4,4709662720,0.0,0.6666666666666666,0.0,157013.33333333334,66.0,80.0,131939.66666666666,134997.0
117,rdr_proxy,83.1844,3620700160,0.0,0.0,0.0,0.0,66.66666666666667,80.66666666666667,131983.66666666666,138148.66666666666
120,systemwide,231.7,4849811456,0.0,107.0,0.0,4011349.3333333335,547.3333333333334,3039.3333333333335,1009747.6666666666,3975095.6666666665
120,rdr_proxy,239.9768,3758223360,0.0,110.33333333333333,0.0,3930794.6666666665,546.6666666666666,3038.6666666666665,1009703.6666666666,3971944.0
123,systemwide,237.5,4871278592,0.0,1.0,0.0,135168.0,510.6666666666667,1455.3333333333333,4246630.0,1681133.6666666667
123,rdr_proxy,244.14616666666666,3834429440,0.0,0.3333333333333333,0.0,9557.333333333334,510.6666666666667,1432.3333333333333,4246630.0,1679615.6666666667
126,systemwide,110.6,4853125120,0.0,43.666666666666664,0.0,1875968.0,159.33333333333334,215.66666666666666,293545.6666666667,238607.0
126,rdr_proxy,118.64163333333333,3785080832,0.0,45.666666666666664,0.0,1875968.0,159.33333333333334,212.66666666666666,293545.6666666667,238409.0
129,systemwide,77.9,4792635392,0.0,0.6666666666666666,0.0,122880.0,48.333333333333336,51.0,3167.6666666666665,3585.0
129,rdr_proxy,84.00143333333334,3712622592,0.0,0.0,0.0,0.0,48.333333333333336,51.0,3167.6666666666665,3585.0
132,systemwide,73.3,4638871552,0.0,7.333333333333333,0.0,73728.0,18.333333333333332,18.333333333333332,1210.0,1271.6666666666667
132,rdr_proxy,77.8914,3538571264,0.0,7.666666666666667,0.0,73728.0,18.333333333333332,18.333333333333332,1210.0,1271.6666666666667
135,systemwide,61.9,4633354240,0.0,22.333333333333332,0.0,228010.66666666666,27.666666666666668,29.0,1826.0,2223.0
135,rdr_proxy,69.8015,3534630912,0.0,0.3333333333333333,0.0,9557.333333333334,27.666666666666668,29.0,1826.0,2223.0
138,systemwide,173.4,4732649472,0.0,1.0,0.0,177493.33333333334,283.0,769.6666666666666,960617.0,911495.6666666666
138,rdr_proxy,181.265,3663372288,0.0,0.0,0.0,0.0,283.3333333333333,759.0,960641.6666666666,910791.6666666666
141,systemwide,128.7,4801224704,0.0,179.33333333333334,0.0,14770176.0,203.66666666666666,242.66666666666666,305315.3333333333,260672.66666666666
141,rdr_proxy,134.3885,3719880704,0.0,191.0,0.0,14764714.666666666,203.33333333333334,240.33333333333334,305290.6666666667,260518.66666666666
144,systemwide,170.1,5056593920,0.0,0.6666666666666666,0.0,140629.33333333334,1063.0,10140.333333333334,82132.66666666667,12796238.333333334
144,rdr_proxy,176.93223333333333,3828948992,0.0,0.0,0.0,0.0,1063.3333333333333,10146.0,82158.33333333333,12803308.0
147,systemwide,135.8,5044822016,0.0,1.0,0.0,102400.0,485.0,4313.333333333333,39823.666666666664,5361000.0
147,rdr_proxy,144.74903333333333,3742298112,0.0,0.3333333333333333,0.0,9557.333333333334,485.3333333333333,4314.0,39857.333333333336,5362050.666666667
150,systemwide,102.8,4986785792,0.0,0.0,0.0,0.0,80.33333333333333,173.66666666666666,8171.0,234170.33333333334
150,rdr_proxy,112.45723333333332,3676782592,0.0,0.0,0.0,0.0,79.66666666666667,167.33333333333334,8111.666666666667,226050.0
153,systemwide,79.5,4923985920,0.0,2.0,0.0,163840.0,20.666666666666668,21.0,11891.333333333334,12219.333333333334
153,rdr_proxy,86.65723333333334,3691139072,0.0,1.6666666666666667,0.0,36864.0,20.666666666666668,19.0,11891.333333333334,12087.333333333334
156,systemwide,208.6,4901433344,0.0,173.0,0.0,17433941.333333332,383.3333333333333,442.0,837536.0,810582.3333333334
156,rdr_proxy,215.34130000000002,3829051392,0.0,189.0,0.0,17433941.333333332,383.6666666666667,412.6666666666667,839816.0,808654.3333333334
159,systemwide,262.0,5021593600,0.0,0.6666666666666666,0.0,133802.66666666666,460.3333333333333,857.0,1668726.3333333333,1624519.6666666667
159,rdr_proxy,271.2715666666667,3960020992,0.0,0.0,0.0,0.0,460.0,802.6666666666666,1666446.3333333333,1620937.6666666667
162,systemwide,122.1,5057904640,0.0,0.6666666666666666,0.0,146090.66666666666,204.66666666666666,237.33333333333334,541323.0,564449.3333333334
162,rdr_proxy,133.03973333333332,4012331008,0.0,0.0,0.0,0.0,204.66666666666666,203.33333333333334,541323.0,562205.3333333334
165,systemwide,105.0,4815446016,0.0,1.0,0.0,81920.0,88.66666666666667,96.66666666666667,109410.0,128551.33333333333
165,rdr_proxy,105.17200000000001,3670192128,0.0,0.3333333333333333,0.0,9557.333333333334,88.66666666666667,89.33333333333333,109410.0,128067.33333333333
168,systemwide,74.5,4821749760,0.0,1.0,0.0,206165.33333333334,28.666666666666668,27.666666666666668,2035.0,1854.6666666666667
168,rdr_proxy,78.4126,3687641088,0.0,0.0,0.0,0.0,28.666666666666668,27.666666666666668,2035.0,1854.6666666666667
171,systemwide,99.60000000000001,4871725056,0.0,0.3333333333333333,0.0,4096.0,211.0,1015.6666666666666,503729.6666666667,1061456.3333333333
171,rdr_proxy,106.80863333333333,3754180608,0.0,0.0,0.0,0.0,211.0,1008.3333333333334,503729.6666666667,1060972.3333333333
174,systemwide,312.5,4998549504,0.0,1.6666666666666667,0.0,199338.66666666666,628.0,797.0,2607240.6666666665,1963815.3333333333
174,rdr_proxy,320.07933333333335,3931922432,0.0,0.3333333333333333,0.0,9557.333333333334,628.3333333333334,697.3333333333334,2607269.3333333335,1957237.3333333333
177,systemwide,108.9,5013241856,0.0,0.0,0.0,0.0,79.66666666666667,79.66666666666667,123267.0,30439.0
177,rdr_proxy,117.75963333333334,3938365440,0.0,0.0,0.0,0.0,79.33333333333333,79.66666666666667,123238.33333333333,30439.0
180,systemwide,222.3,5147201536,0.0,0.6666666666666666,0.0,53248.0,367.6666666666667,1131.3333333333333,1370362.3333333333,1328581.3333333333
180,rdr_proxy,228.85233333333335,4094074880,0.0,0.0,0.0,0.0,367.6666666666667,1119.6666666666667,1370362.3333333333,1327811.3333333333
183,systemwide,323.1,5276491776,0.0,0.0,0.0,0.0,545.6666666666666,783.6666666666666,1347544.0,1382560.0
183,rdr_proxy,333.46843333333334,4244123648,0.0,0.0,0.0,0.0,545.6666666666666,697.6666666666666,1347544.0,1376884.0
186,systemwide,280.8,5410705408,0.0,0.6666666666666666,0.0,110592.0,396.3333333333333,568.6666666666666,1651933.6666666667,1537949.0
186,rdr_proxy,291.57896666666664,4372824064,0.0,0.0,0.0,0.0,396.3333333333333,550.3333333333334,1651933.6666666667,1536739.0
189,systemwide,125.10000000000001,5418942464,0.0,62.666666666666664,0.0,1348949.3333333333,37.666666666666664,82.0,54561.333333333336,79236.0
189,rdr_proxy,134.3161,4385849344,0.0,62.333333333333336,0.0,1238357.3333333333,38.0,84.66666666666667,54586.0,82679.0
192,systemwide,104.8,5403697152,0.0,86.33333333333333,0.0,2777088.0,7.0,33.0,52197.0,33791.333333333336
192,rdr_proxy,112.33,4379029504,0.0,91.33333333333333,0.0,2772992.0,6.666666666666667,30.333333333333332,52172.333333333336,30348.333333333332
195,systemwide,94.10000000000001,5204951040,0.0,24.0,0.0,273066.6666666667,40.666666666666664,109.33333333333333,108820.33333333333,115696.33333333333
195,rdr_proxy,102.36656666666666,4166111232,0.0,0.3333333333333333,0.0,1365.3333333333333,40.666666666666664,109.0,108820.33333333333,115674.33333333333
198,systemwide,64.3,5211938816,0.0,22.666666666666668,0.0,1227434.6666666667,9.333333333333334,9.666666666666666,616.0,720.0
198,rdr_proxy,68.2325,4180807680,0.0,23.333333333333332,0.0,1227434.6666666667,9.333333333333334,10.0,616.0,743.3333333333334
201,systemwide,65.3,5209919488,0.0,1.0,0.0,212992.0,14.333333333333334,16.333333333333332,946.0,1134.3333333333333
201,rdr_proxy,70.40473333333334,4194766848,0.0,0.0,0.0,0.0,14.333333333333334,16.333333333333332,946.0,1134.3333333333333
204,systemwide,67.60000000000001,5176647680,0.0,38.333333333333336,0.0,6691498.666666667,1.0,1.3333333333333333,66.0,88.0
204,rdr_proxy,73.02283333333334,4161191936,0.0,39.666666666666664,0.0,6632789.333333333,1.0,1.3333333333333333,66.0,88.0
207,systemwide,62.0,5177868288,0.0,0.0,0.0,0.0,29.666666666666668,30.666666666666668,1926.0,2101.6666666666665
207,rdr_proxy,67.3586,4163596288,0.0,0.0,0.0,0.0,29.666666666666668,30.666666666666668,1926.0,2101.6666666666665
210,systemwide,70.4,5075521536,0.0,15.333333333333334,0.0,8448682.666666666,12.333333333333334,13.333333333333334,814.0,937.0
210,rdr_proxy,74.3763,4033503232,0.0,17.0,0.0,8395434.666666666,12.333333333333334,13.333333333333334,814.0,937.0
213,systemwide,92.1,4915642368,0.0,27.666666666666668,0.0,8370858.666666667,243.66666666666666,1015.3333333333334,390162.0,1161246.3333333333
213,rdr_proxy,101.55946666666667,3849662464,0.0,34.333333333333336,0.0,8370858.666666667,244.0,998.3333333333334,390184.0,1162093.3333333333
216,systemwide,286.1,5047095296,0.0,0.6666666666666666,0.0,196608.0,495.6666666666667,598.3333333333334,2189621.6666666665,1313886.0
216,rdr_proxy,293.88666666666666,3990331392,0.0,0.0,0.0,0.0,495.3333333333333,534.3333333333334,2189599.6666666665,1307713.0
219,systemwide,86.9,5021003776,0.0,57.0,0.0,2058922.6666666667,46.666666666666664,54.333333333333336,7474.333333333333,30468.333333333332
219,rdr_proxy,95.6764,3958755328,0.0,57.0,0.0,1948330.6666666667,46.666666666666664,53.333333333333336,7474.333333333333,30402.333333333332
222,systemwide,171.5,4931854336,0.0,0.0,0.0,0.0,352.6666666666667,478.0,1827091.3333333333,1896418.0
222,rdr_proxy,180.61943333333332,3870695424,0.0,0.0,0.0,0.0,352.6666666666667,387.0,1827091.3333333333,1890412.0
225,systemwide,109.8,4786290688,0.0,14.333333333333334,0.0,294912.0,69.33333333333333,136.33333333333334,14572.333333333334,126361.66666666667
225,rdr_proxy,114.0016,3620270080,0.0,14.333333333333334,0.0,182954.66666666666,69.33333333333333,135.66666666666666,14572.333333333334,126317.66666666667
228,systemwide,79.3,4763840512,0.0,67.33333333333333,0.0,510634.6666666667,11.666666666666666,13.666666666666666,770.0,1349.0
228,rdr_proxy,79.9842,3603546112,0.0,80.33333333333333,0.0,394581.3333333333,11.666666666666666,13.666666666666666,770.0,1349.0
231,systemwide,69.1,4738760704,0.0,0.3333333333333333,0.0,58709.333333333336,65.66666666666667,61.0,4334.0,4865.666666666667
231,rdr_proxy,73.64776666666667,3565232128,0.0,0.0,0.0,0.0,65.66666666666667,61.0,4334.0,4865.666666666667
234,systemwide,77.8,4708806656,0.0,14.333333333333334,0.0,193877.33333333334,92.0,95.33333333333333,87903.66666666667,96152.66666666667
234,rdr_proxy,82.44293333333333,3542749184,0.0,13.666666666666666,0.0,86016.0,92.0,91.33333333333333,87903.66666666667,95888.66666666667
237,systemwide,60.6,4704985088,0.0,0.3333333333333333,0.0,4096.0,7.333333333333333,7.333333333333333,484.0,740.3333333333334
237,rdr_proxy,65.2943,3546165248,0.0,0.0,0.0,0.0,7.333333333333333,7.333333333333333,484.0,740.3333333333334
240,systemwide,58.9,4698193920,0.0,12.666666666666666,0.0,131072.0,12.333333333333334,16.0,810.0,1203.0
240,rdr_proxy,65.69633333333333,3545919488,0.0,12.333333333333334,0.0,75093.33333333333,12.333333333333334,16.0,810.0,1203.0
243,systemwide,59.8,4691075072,0.0,5.0,0.0,101034.66666666667,14.333333333333334,20.333333333333332,946.0,1514.0
243,rdr_proxy,63.48656666666667,3542921216,0.0,4.333333333333333,0.0,66901.33333333333,14.333333333333334,20.333333333333332,946.0,1514.0
246,systemwide,60.9,4691845120,0.0,0.0,0.0,0.0,25.333333333333332,37.0,1680.0,2909.0
246,rdr_proxy,65.65713333333333,3544494080,0.0,0.0,0.0,0.0,25.333333333333332,37.0,1680.0,2909.0
249,systemwide,83.2,4728160256,0.0,65.33333333333333,0.0,1329834.6666666667,205.33333333333334,1004.0,246326.33333333334,1004363.3333333334
249,rdr_proxy,91.31516666666666,3597991936,0.0,65.66666666666667,0.0,1288874.6666666667,206.0,1003.6666666666666,246386.33333333334,1010105.0
252,systemwide,319.1,4899110912,0.0,0.6666666666666666,0.0,105130.66666666667,564.3333333333334,777.3333333333334,1846228.6666666667,1998953.0
252,rdr_proxy,326.0408333333333,3816148992,0.0,0.0,0.0,0.0,565.6666666666666,705.6666666666666,1846300.6666666667,2010369.0
255,systemwide,193.5,4957224960,0.0,77.66666666666667,0.0,2169514.6666666665,311.3333333333333,407.3333333333333,2825978.6666666665,1838761.3333333333
255,rdr_proxy,201.6034,3865661440,0.0,28.0,0.0,1930581.3333333333,309.3333333333333,300.3333333333333,2825846.6666666665,1809793.6666666667
258,systemwide,81.4,4963553280,0.0,0.6666666666666666,0.0,165205.33333333334,22.0,22.666666666666668,1432.0,1599.0
258,rdr_proxy,88.19693333333333,3882692608,0.0,0.0,0.0,0.0,22.0,22.666666666666668,1432.0,1599.0
261,systemwide,105.4,4980850688,0.0,12.333333333333334,0.0,98304.0,27.333333333333332,95.0,105633.0,111526.33333333333
261,rdr_proxy,115.06286666666666,3900764160,0.0,11.666666666666666,0.0,77824.0,27.333333333333332,95.0,105633.0,111526.33333333333
264,systemwide,58.9,4929540096,0.0,55.666666666666664,0.0,1273856.0,27.666666666666668,27.666666666666668,1826.0,1844.6666666666667
264,rdr_proxy,64.68286666666667,3814760448,0.0,55.333333333333336,0.0,1116842.6666666667,27.666666666666668,27.666666666666668,1826.0,1844.6666666666667
267,systemwide,74.0,4916408320,0.0,1.0,0.0,8192.0,16.666666666666668,16.333333333333332,1100.0,1074.0
267,rdr_proxy,80.39206666666666,3812417536,0.0,0.0,0.0,0.0,16.666666666666668,16.333333333333332,1100.0,1074.0
270,systemwide,59.0,4912484352,0.0,188.66666666666666,0.0,17709738.666666668,21.333333333333332,20.666666666666668,1408.0,1433.0
270,rdr_proxy,64.90963333333333,3811835904,0.0,191.33333333333334,0.0,17651029.333333332,21.333333333333332,20.666666666666668,1408.0,1433.0
273,systemwide,236.2,5069258752,0.0,0.0,0.0,0.0,487.3333333333333,1077.0,1593402.0,1547338.6666666667
273,rdr_proxy,246.19326666666666,3979374592,0.0,0.0,0.0,0.0,487.3333333333333,1036.6666666666667,1593402.0,1544696.6666666667
276,systemwide,62.8,5070798848,0.0,0.6666666666666666,0.0,129706.66666666667,40.666666666666664,43.0,2676.0,2978.0
276,rdr_proxy,67.83543333333334,3981328384,0.0,0.0,0.0,0.0,40.666666666666664,43.0,2676.0,2978.0
279,systemwide,74.5,5059133440,0.0,0.6666666666666666,0.0,50517.333333333336,14.666666666666666,18.333333333333332,960.0,1254.3333333333333
279,rdr_proxy,80.59503333333333,3959656448,0.0,0.0,0.0,0.0,14.666666666666666,18.333333333333332,960.0,1254.3333333333333
282,systemwide,74.4,4872486912,0.0,1.0,0.0,35498.666666666664,3.3333333333333335,8.333333333333334,220.0,602.3333333333334
282,rdr_proxy,79.98479999999999,3764420608,0.0,0.3333333333333333,0.0,9557.333333333334,3.3333333333333335,8.333333333333334,220.0,602.3333333333334
285,systemwide,55.800000000000004,4881952768,0.0,27.333333333333332,0.0,122880.0,8.0,11.333333333333334,575.6666666666666,843.3333333333334
285,rdr_proxy,61.436033333333334,3763818496,0.0,0.0,0.0,0.0,8.0,11.333333333333334,575.6666666666666,843.3333333333334
288,systemwide,61.6,4898750464,0.0,0.6666666666666666,0.0,88746.66666666667,14.0,14.333333333333334,1067.0,1068.6666666666667
288,rdr_proxy,65.02966666666667,3782860800,0.0,0.0,0.0,0.0,14.0,14.333333333333334,1067.0,1068.6666666666667
291,systemwide,63.2,4765593600,0.0,0.6666666666666666,0.0,101034.66666666667,6.666666666666667,6.666666666666667,440.0,464.3333333333333
291,rdr_proxy,69.9406,3595759616,0.0,0.0,0.0,0.0,6.666666666666667,6.666666666666667,440.0,464.3333333333333
294,systemwide,60.5,4722343936,0.0,0.0,0.0,0.0,5.333333333333333,7.666666666666667,352.0,600.6666666666666
294,rdr_proxy,66.25753333333334,3563581440,0.0,0.0,0.0,0.0,5.333333333333333,7.666666666666667,352.0,600.6666666666666
297,systemwide,56.199999999999996,4723687424,0.0,0.6666666666666666,0.0,30037.333333333332,24.666666666666668,25.666666666666668,1620.0,1823.3333333333333
297,rdr_proxy,60.88173333333333,3564224512,0.0,0.0,0.0,0.0,24.666666666666668,25.666666666666668,1620.0,1823.3333333333333
300,systemwide,146.4,4795932672,0.0,61.666666666666664,0.0,1234261.3333333333,226.33333333333334,241.66666666666666,395353.6666666667,408860.3333333333
300,rdr_proxy,154.50516666666667,3687870464,0.0,62.0,0.0,1201493.3333333333,226.33333333333334,228.33333333333334,395353.6666666667,407980.3333333333
303,systemwide,76.2,4814315520,0.0,0.6666666666666666,0.0,95573.33333333333,70.0,83.0,88322.33333333333,92114.66666666667
303,rdr_proxy,82.58846666666666,3704397824,0.0,0.0,0.0,0.0,70.0,77.0,88322.33333333333,91718.66666666667
306,systemwide,57.7,4806782976,0.0,69.33333333333333,0.0,638976.0,7.666666666666667,11.333333333333334,11544.0,5019.333333333333
306,rdr_proxy,63.027800000000006,3696750592,0.0,71.33333333333333,0.0,573440.0,7.666666666666667,9.333333333333334,11544.0,4887.333333333333
309,systemwide,57.7,4766093312,0.0,1.0,0.0,62805.333333333336,36.666666666666664,42.0,2428.0,3117.6666666666665
309,rdr_proxy,64.44420000000001,3632058368,0.0,0.3333333333333333,0.0,9557.333333333334,37.333333333333336,42.666666666666664,2472.0,3174.6666666666665
312,systemwide,59.7,4759203840,0.0,13.0,0.0,83285.33333333333,18.666666666666668,21.0,1232.0,1548.3333333333333
312,rdr_proxy,65.98006666666667,3623694336,0.0,13.0,0.0,83285.33333333333,18.0,20.333333333333332,1188.0,1491.3333333333333
315,systemwide,62.6,4714856448,0.0,4.0,0.0,144725.33333333334,1.3333333333333333,1.3333333333333333,88.0,131.0
315,rdr_proxy,66.89276666666667,3556200448,0.0,3.3333333333333335,0.0,19114.666666666668,1.3333333333333333,1.3333333333333333,88.0,131.0
318,systemwide,69.5,4747984896,0.0,0.3333333333333333,0.0,1365.3333333333333,19.666666666666668,20.0,1298.0,1391.3333333333333
318,rdr_proxy,74.55616666666667,3582218240,0.0,0.0,0.0,0.0,19.666666666666668,20.0,1298.0,1391.3333333333333
321,systemwide,72.5,4577312768,0.0,8.333333333333334,0.0,92842.66666666667,42.333333333333336,39.333333333333336,2794.0,2695.0
321,rdr_proxy,78.2988,3357233152,0.0,8.0,0.0,53248.0,42.333333333333336,39.333333333333336,2794.0,2695.0
324,systemwide,60.7,4545351680,0.0,0.0,0.0,0.0,11.666666666666666,11.666666666666666,766.0,806.6666666666666
324,rdr_proxy,63.74296666666667,3335671808,0.0,0.0,0.0,0.0,11.666666666666666,11.666666666666666,766.0,806.6666666666666
327,systemwide,63.2,4541251584,0.0,5.333333333333333,0.0,188416.0,6.333333333333333,8.666666666666666,434.0,793.0
327,rdr_proxy,69.60066666666667,3336560640,0.0,4.666666666666667,0.0,30037.333333333332,6.333333333333333,8.666666666666666,434.0,793.0
330,systemwide,58.7,4540264448,0.0,61.333333333333336,0.0,3388757.3333333335,10.666666666666666,16.0,704.0,1246.6666666666667
330,rdr_proxy,64.35413333333334,3337158656,0.0,63.0,0.0,3375104.0,10.666666666666666,16.0,704.0,1246.6666666666667
333,systemwide,70.7,4510826496,0.0,1.0,0.0,61440.0,12.333333333333334,20.666666666666668,822.0,1746.0
333,rdr_proxy,75.79146666666666,3291942912,0.0,0.0,0.0,0.0,12.333333333333334,20.666666666666668,822.0,1746.0
336,systemwide,54.6,4509839360,0.0,19.0,0.0,204800.0,5.333333333333333,5.666666666666667,352.0,421.6666666666667
336,rdr_proxy,61.41806666666667,3290828800,0.0,18.333333333333332,0.0,120149.33333333333,5.333333333333333,5.666666666666667,352.0,421.6666666666667
339,systemwide,60.199999999999996,4511092736,0.0,0.0,0.0,0.0,2.0,2.3333333333333335,132.0,221.33333333333334
339,rdr_proxy,62.8838,3291090944,0.0,0.0,0.0,0.0,2.0,2.3333333333333335,132.0,221.33333333333334
342,systemwide,58.2,4513148928,0.0,97.33333333333333,0.0,516096.0,10.666666666666666,13.0,696.0,906.0
342,rdr_proxy,65.08696666666667,3292540928,0.0,95.66666666666667,0.0,443733.3333333333,10.666666666666666,13.0,696.0,906.0
345,systemwide,64.5,4519555072,0.0,0.0,0.0,0.0,20.666666666666668,21.666666666666668,1364.0,1478.3333333333333
345,rdr_proxy,67.18990000000001,3283226624,0.0,0.0,0.0,0.0,20.666666666666668,21.666666666666668,1364.0,1478.3333333333333
348,systemwide,71.0,4524744704,0.0,3.0,0.0,83285.33333333333,16.333333333333332,16.0,1074.0,1076.3333333333333
348,rdr_proxy,74.7948,3290075136,0.0,2.3333333333333335,0.0,13653.333333333334,16.333333333333332,16.0,1074.0,1076.3333333333333
351,systemwide,68.8,4547264512,0.0,6.0,0.0,124245.33333333333,0.3333333333333333,0.6666666666666666,22.0,44.0
351,rdr_proxy,69.54966666666667,3293671424,0.0,4.666666666666667,0.0,32768.0,0.3333333333333333,0.6666666666666666,22.0,44.0
354,systemwide,59.5,4519694336,0.0,0.0,0.0,0.0,28.666666666666668,30.333333333333332,1892.0,2138.0
354,rdr_proxy,65.0388,3265064960,0.0,0.0,0.0,0.0,28.666666666666668,30.333333333333332,1892.0,2138.0
357,systemwide,64.3,4520239104,0.0,1.6666666666666667,0.0,35498.666666666664,11.333333333333334,11.666666666666666,748.0,796.0
357,rdr_proxy,68.50676666666666,3266850816,0.0,1.0,0.0,6826.666666666667,11.333333333333334,11.666666666666666,748.0,796.0
360,systemwide,58.5,4474449920,0.0,0.0,0.0,0.0,9.666666666666666,11.0,638.0,1081.6666666666667
360,rdr_proxy,65.6923,3207983104,0.0,0.0,0.0,0.0,9.666666666666666,11.0,638.0,1081.6666666666667
363,systemwide,66.6,4474662912,0.0,52.0,0.0,985770.6666666666,20.666666666666668,24.666666666666668,1372.0,1850.3333333333333
363,rdr_proxy,74.402,3215187968,0.0,51.333333333333336,0.0,905216.0,20.666666666666668,24.666666666666668,1372.0,1850.3333333333333
366,systemwide,73.6,4471222272,0.0,5.0,0.0,32768.0,36.333333333333336,35.333333333333336,2398.0,2462.0
366,rdr_proxy,77.28833333333334,3214446592,0.0,5.0,0.0,32768.0,36.333333333333336,35.333333333333336,2398.0,2462.0
369,systemwide,58.0,4471685120,0.0,15.0,0.0,96938.66666666667,10.0,10.333333333333334,656.0,722.6666666666666
369,rdr_proxy,65.38116666666666,3216228352,0.0,0.0,0.0,0.0,10.0,10.333333333333334,656.0,722.6666666666666
372,systemwide,72.4,4469268480,0.0,53.666666666666664,0.0,314026.6666666667,2.3333333333333335,2.3333333333333335,154.0,158.33333333333334
372,rdr_proxy,76.04933333333334,3204665344,0.0,54.666666666666664,0.0,251221.33333333334,2.3333333333333335,2.3333333333333335,154.0,158.33333333333334
375,systemwide,58.699999999999996,4469989376,0.0,11.666666666666666,0.0,49152.0,5.666666666666667,8.666666666666666,374.0,632.3333333333334
375,rdr_proxy,62.88206666666667,3203756032,0.0,0.0,0.0,0.0,5.666666666666667,8.666666666666666,374.0,632.3333333333334
378,systemwide,76.2,4494311424,0.0,17.666666666666668,0.0,146090.66666666666,6.333333333333333,10.333333333333334,422.0,784.3333333333334
378,rdr_proxy,80.032,3224489984,0.0,17.0,0.0,99669.33333333333,6.333333333333333,10.333333333333334,422.0,784.3333333333334
381,systemwide,82.4,4514590720,0.0,0.0,0.0,0.0,79.33333333333333,89.66666666666667,87066.33333333333,117540.66666666667
381,rdr_proxy,87.05573333333332,3250294784,0.0,0.0,0.0,0.0,79.33333333333333,82.0,87066.33333333333,117034.66666666667
384,systemwide,58.2,4489404416,0.0,14.333333333333334,0.0,174762.66666666666,1.3333333333333333,1.3333333333333333,80.0,94.66666666666667
384,rdr_proxy,63.21423333333333,3216142336,0.0,14.0,0.0,102400.0,1.3333333333333333,1.3333333333333333,80.0,94.66666666666667
387,systemwide,64.3,4483932160,0.0,4.0,0.0,69632.0,13.666666666666666,14.666666666666666,894.0,1100.3333333333333
387,rdr_proxy,69.13893333333333,3206148096,0.0,3.3333333333333335,0.0,20480.0,13.666666666666666,14.666666666666666,894.0,1100.3333333333333
390,systemwide,60.6,4480417792,0.0,1.0,0.0,28672.0,21.666666666666668,23.666666666666668,1430.0,1742.3333333333333
390,rdr_proxy,66.57639999999999,3206569984,0.0,0.3333333333333333,0.0,9557.333333333334,21.666666666666668,23.666666666666668,1430.0,1742.3333333333333
393,systemwide,59.4,4465451008,0.0,48.0,0.0,939349.3333333334,18.666666666666668,19.666666666666668,1232.0,1441.0
393,rdr_proxy,65.07256666666667,3197161472,0.0,48.333333333333336,0.0,939349.3333333334,18.666666666666668,19.666666666666668,1232.0,1441.0
396,systemwide,58.4,4464304128,0.0,1.0,0.0,68266.66666666667,5.0,9.0,330.0,722.3333333333334
396,rdr_proxy,64.72003333333333,3198992384,0.0,0.0,0.0,0.0,5.0,9.0,330.0,722.3333333333334
399,systemwide,55.1,4464668672,0.0,2.3333333333333335,0.0,46421.333333333336,14.333333333333334,14.333333333333334,946.0,968.0
399,rdr_proxy,60.7096,3198709760,0.0,1.6666666666666667,0.0,12288.0,14.333333333333334,14.333333333333334,946.0,968.0
402,systemwide,56.4,4465147904,0.0,9.666666666666666,0.0,70997.33333333333,10.666666666666666,10.333333333333334,704.0,695.0
402,rdr_proxy,63.080099999999995,3201024000,0.0,10.0,0.0,70997.33333333333,10.666666666666666,10.333333333333334,704.0,695.0
405,systemwide,61.5,4491304960,0.0,0.6666666666666666,0.0,28672.0,2.0,2.3333333333333335,179.66666666666666,204.33333333333334
405,rdr_proxy,63.149,3201011712,0.0,0.0,0.0,0.0,2.0,2.3333333333333335,179.66666666666666,204.33333333333334
408,systemwide,62.0,4512362496,0.0,42.0,0.0,208896.0,14.333333333333334,13.333333333333334,1089.0,864.0
408,rdr_proxy,67.16893333333333,3226320896,0.0,43.333333333333336,0.0,208896.0,14.333333333333334,13.333333333333334,1089.0,864.0
411,systemwide,67.5,4511444992,0.0,1.0,0.0,53248.0,26.333333333333332,22.333333333333332,1738.0,1474.0
411,rdr_proxy,70.80296666666666,3233968128,0.0,0.0,0.0,0.0,26.333333333333332,22.333333333333332,1738.0,1474.0
414,systemwide,81.3,4485726208,0.0,24.666666666666668,0.0,2057557.3333333333,29.333333333333332,37.666666666666664,4435.333333333333,5898.333333333333
414,rdr_proxy,86.74513333333334,3242004480,0.0,25.0,0.0,2057557.3333333333,29.333333333333332,37.666666666666664,4435.333333333333,5898.333333333333
417,systemwide,126.39999999999999,4531945472,0.0,13.0,0.0,159744.0,164.66666666666666,259.3333333333333,362541.0,373033.0
417,rdr_proxy,135.57813333333334,3307507712,0.0,12.333333333333334,0.0,68266.66666666667,164.66666666666666,259.3333333333333,362541.0,373033.0
420,systemwide,64.8,4532224000,0.0,0.6666666666666666,0.0,102400.0,10.666666666666666,16.333333333333332,708.0,1289.0
420,rdr_proxy,67.5733,3307798528,0.0,0.0,0.0,0.0,10.666666666666666,16.333333333333332,708.0,1289.0
423,systemwide,61.4,4522532864,0.0,49.0,0.0,1041749.3333333334,9.0,16.666666666666668,598.0,1340.0
423,rdr_proxy,66.59689999999999,3282534400,0.0,48.333333333333336,0.0,978944.0,9.0,16.666666666666668,598.0,1340.0
426,systemwide,65.2,4472201216,0.0,0.0,0.0,0.0,22.666666666666668,33.0,5162.0,7464.0
426,rdr_proxy,69.94516666666667,3210866688,0.0,0.0,0.0,0.0,22.666666666666668,33.0,5162.0,7464.0
429,systemwide,108.6,4491157504,0.0,9.333333333333334,0.0,152917.33333333334,154.66666666666666,247.33333333333334,346330.6666666667,356032.3333333333
429,rdr_proxy,117.64286666666668,3262267392,0.0,8.666666666666666,0.0,73728.0,154.66666666666666,247.33333333333334,346330.6666666667,356032.3333333333
432,systemwide,76.1,4496560128,0.0,0.0,0.0,0.0,21.0,24.666666666666668,17048.333333333332,18024.0
432,rdr_proxy,81.21923333333334,3258130432,0.0,0.0,0.0,0.0,21.0,24.666666666666668,17048.333333333332,18024.0
435,systemwide,58.4,4495978496,0.0,27.0,0.0,221184.0,11.0,10.333333333333334,718.0,674.0
435,rdr_proxy,63.72996666666666,3254870016,0.0,4.333333333333333,0.0,30037.333333333332,11.0,10.333333333333334,718.0,674.0
438,systemwide,64.3,4478427136,0.0,21.333333333333332,0.0,203434.66666666666,10.666666666666666,9.0,1814.0,3337.0
438,rdr_proxy,70.38436666666666,3222294528,0.0,20.666666666666668,0.0,147456.0,10.666666666666666,9.0,1814.0,3337.0
441,systemwide,70.7,4489752576,0.0,1.3333333333333333,0.0,50517.333333333336,0.6666666666666666,1.3333333333333333,44.0,88.0
441,rdr_proxy,75.8958,3221467136,0.0,0.3333333333333333,0.0,9557.333333333334,0.6666666666666666,1.3333333333333333,44.0,88.0
444,systemwide,59.0,4445564928,0.0,32.0,0.0,204800.0,13.666666666666666,14.0,902.0,976.0
444,rdr_proxy,64.09546666666667,3185967104,0.0,32.666666666666664,0.0,148821.33333333334,13.666666666666666,14.0,902.0,976.0
447,systemwide,55.8,4446478336,0.0,0.0,0.0,0.0,5.333333333333333,4.666666666666667,352.0,304.0
447,rdr_proxy,64.73886666666667,3190059008,0.0,0.0,0.0,0.0,5.333333333333333,4.666666666666667,352.0,304.0
450,systemwide,65.2,4445995008,0.0,28.0,0.0,150186.66666666666,1.6666666666666667,2.6666666666666665,110.0,215.0
450,rdr_proxy,69.3386,3191484416,0.0,27.666666666666668,0.0,136533.33333333334,1.6666666666666667,2.6666666666666665,110.0,215.0
453,systemwide,66.1,4446334976,0.0,44.666666666666664,0.0,980309.3333333334,8.666666666666666,8.666666666666666,572.0,568.0
453,rdr_proxy,70.12663333333333,3195056128,0.0,44.666666666666664,0.0,980309.3333333334,8.666666666666666,8.666666666666666,572.0,568.0
456,systemwide,60.300000000000004,4448604160,0.0,0.6666666666666666,0.0,49152.0,28.0,32.333333333333336,1844.0,2436.0
456,rdr_proxy,64.6992,3196297216,0.0,0.0,0.0,0.0,28.0,32.333333333333336,1844.0,2436.0
459,systemwide,60.1,4449382400,0.0,15.666666666666666,0.0,192512.0,7.0,7.0,462.0,488.0
459,rdr_proxy,66.24376666666667,3197222912,0.0,15.333333333333334,0.0,159744.0,7.0,7.0,462.0,488.0
462,systemwide,65.8,4433989632,0.0,0.0,0.0,0.0,2.0,2.6666666666666665,132.0,220.66666666666666
462,rdr_proxy,73.4813,3184377856,0.0,0.0,0.0,0.0,2.0,2.6666666666666665,132.0,220.66666666666666
465,systemwide,64.7,4455137280,0.0,17.333333333333332,0.0,1363968.0,3.6666666666666665,4.0,242.0,273.0
465,rdr_proxy,66.44103333333334,3184295936,0.0,16.666666666666668,0.0,1310720.0,3.6666666666666665,4.0,242.0,273.0
468,systemwide,58.800000000000004,4483829760,0.0,0.0,0.0,0.0,3.3333333333333335,2.6666666666666665,220.0,189.0
468,rdr_proxy,65.32396666666666,3201925120,0.0,0.0,0.0,0.0,3.3333333333333335,2.6666666666666665,220.0,189.0
471,systemwide,61.6,4482998272,0.0,10.0,0.0,110592.0,4.666666666666667,3.3333333333333335,308.0,212.0
471,rdr_proxy,65.44513333333333,3199520768,0.0,9.0,0.0,61440.0,4.666666666666667,3.3333333333333335,308.0,212.0
474,systemwide,72.8,4446195712,0.0,11.0,0.0,69632.0,0.3333333333333333,0.3333333333333333,14.0,14.0
474,rdr_proxy,75.03876666666666,3168604160,0.0,11.333333333333334,0.0,69632.0,0.3333333333333333,0.3333333333333333,14.0,14.0
477,systemwide,58.1,4438364160,0.0,0.6666666666666666,0.0,61440.0,7.333333333333333,5.666666666666667,484.0,370.0
477,rdr_proxy,65.55246666666666,3171377152,0.0,0.0,0.0,0.0,7.333333333333333,5.666666666666667,484.0,370.0
480,systemwide,65.8,4431540224,0.0,29.666666666666668,0.0,148821.33333333334,10.333333333333334,9.666666666666666,682.0,638.0
480,rdr_proxy,72.43560000000001,3168387072,0.0,34.333333333333336,0.0,148821.33333333334,10.333333333333334,9.666666666666666,682.0,638.0
483,systemwide,70.89999999999999,4414337024,0.0,0.6666666666666666,0.0,34133.333333333336,5.666666666666667,5.0,374.0,330.0
483,rdr_proxy,76.09133333333334,3156324352,0.0,0.0,0.0,0.0,5.666666666666667,5.0,374.0,330.0
486,systemwide,57.2,4405919744,0.0,54.0,0.0,821930.6666666666,1.3333333333333333,2.0,88.0,149.0
486,rdr_proxy,63.807566666666666,3147997184,0.0,54.333333333333336,0.0,821930.6666666666,1.3333333333333333,2.0,88.0,149.0
489,systemwide,58.8,4404916224,0.0,7.666666666666667,0.0,131072.0,4.333333333333333,4.333333333333333,286.0,299.0
489,rdr_proxy,63.9252,3151974400,0.0,7.0,0.0,72362.66666666667,4.333333333333333,4.333333333333333,286.0,299.0
492,systemwide,61.300000000000004,4405059584,0.0,1.0,0.0,45056.0,17.333333333333332,28.0,1160.0,2195.0
492,rdr_proxy,64.4461,3151441920,0.0,0.0,0.0,0.0,17.333333333333332,28.0,1160.0,2195.0
495,systemwide,59.3,4406247424,0.0,28.0,0.0,135168.0,2.0,3.0,132.0,260.3333333333333
495,rdr_proxy,66.29606666666668,3150647296,0.0,5.666666666666667,0.0,34133.333333333336,2.0,3.0,132.0,260.3333333333333
498,systemwide,63.6,4427886592,0.0,0.6666666666666666,0.0,31402.666666666668,9.0,9.0,594.0,633.0
498,rdr_proxy,68.1194,3175919616,0.0,0.0,0.0,0.0,9.0,9.0,594.0,633.0
501,systemwide,63.8,4445884416,0.0,19.333333333333332,0.0,118784.0,20.0,17.333333333333332,1320.0,1177.0
501,rdr_proxy,70.59733333333334,3188203520,0.0,19.666666666666668,0.0,118784.0,20.0,17.333333333333332,1320.0,1177.0
504,systemwide,63.7,4414947328,0.0,8.0,0.0,77824.0,5.333333333333333,4.333333333333333,352.0,286.0
504,rdr_proxy,70.3677,3157258240,0.0,7.333333333333333,0.0,47786.666666666664,5.333333333333333,4.333333333333333,352.0,286.0
507,systemwide,59.6,4415987712,0.0,0.0,0.0,0.0,0.3333333333333333,0.3333333333333333,22.0,18.0
507,rdr_proxy,64.53856666666667,3157123072,0.0,0.0,0.0,0.0,0.3333333333333333,0.3333333333333333,22.0,18.0
510,systemwide,60.1,4416241664,0.0,8.333333333333334,0.0,69632.0,2.3333333333333335,2.3333333333333335,154.0,154.0
510,rdr_proxy,65.53073333333333,3157811200,0.0,7.666666666666667,0.0,40960.0,2.3333333333333335,2.3333333333333335,154.0,154.0
513,systemwide,101.60000000000001,4454080512,0.0,1.0,0.0,70997.33333333333,162.33333333333334,253.33333333333334,300533.6666666667,338680.6666666667
513,rdr_proxy,107.61630000000001,3215544320,0.0,0.0,0.0,0.0,162.33333333333334,253.33333333333334,300533.6666666667,338680.6666666667
516,systemwide,90.3,4484296704,0.0,60.666666666666664,0.0,933888.0,39.333333333333336,42.0,66197.66666666667,38383.666666666664
516,rdr_proxy,97.30546666666667,3259854848,0.0,61.666666666666664,0.0,933888.0,39.333333333333336,42.0,66197.66666666667,38383.666666666664
519,systemwide,73.1,4487118848,0.0,0.6666666666666666,0.0,117418.66666666667,1.0,1.0,58.0,76.66666666666667
519,rdr_proxy,79.94093333333333,3256205312,0.0,0.0,0.0,0.0,1.0,1.0,58.0,76.66666666666667
522,systemwide,60.699999999999996,4440195072,0.0,8.666666666666666,0.0,113322.66666666667,13.666666666666666,12.333333333333334,1984.3333333333333,3585.3333333333335
522,rdr_proxy,66.5305,3202093056,0.0,8.0,0.0,109226.66666666667,13.666666666666666,12.333333333333334,1984.3333333333333,3585.3333333333335
525,systemwide,71.5,4449538048,0.0,12.666666666666666,0.0,181589.33333333334,5.333333333333333,5.0,399.6666666666667,351.0
525,rdr_proxy,73.1568,3176624128,0.0,11.0,0.0,73728.0,5.333333333333333,5.0,399.6666666666667,351.0
528,systemwide,74.9,4462075904,0.0,0.0,0.0,0.0,1.0,0.0,209.0,0.0
528,rdr_proxy,81.66893333333333,3191279616,0.0,0.0,0.0,0.0,1.0,0.0,209.0,0.0
531,systemwide,72.7,4496187392,0.0,10.0,0.0,131072.0,5.666666666666667,5.0,374.0,330.0
531,rdr_proxy,77.8723,3209302016,0.0,9.0,0.0,83285.33333333333,5.666666666666667,5.0,374.0,330.0
534,systemwide,81.5,4456792064,0.0,0.6666666666666666,0.0,31402.666666666668,5.666666666666667,7.0,374.0,513.0
534,rdr_proxy,79.92263333333334,3172704256,0.0,0.0,0.0,0.0,5.666666666666667,7.0,374.0,513.0
537,systemwide,59.1,4447875072,0.0,12.0,0.0,68266.66666666667,7.0,6.333333333333333,462.0,431.0
537,rdr_proxy,64.2787,3173728256,0.0,12.0,0.0,68266.66666666667,7.0,6.333333333333333,462.0,431.0
540,systemwide,54.6,4444000256,0.0,7.666666666666667,0.0,61440.0,2.3333333333333335,5.0,154.0,395.0
540,rdr_proxy,59.0008,3173220352,0.0,7.0,0.0,43690.666666666664,2.3333333333333335,5.0,154.0,395.0
543,systemwide,63.1,4449423360,0.0,0.0,0.0,0.0,41.333333333333336,75.66666666666667,3554.0,60499.333333333336
543,rdr_proxy,68.52893333333334,3181400064,0.0,0.0,0.0,0.0,41.333333333333336,73.33333333333333,3554.0,60345.333333333336
546,systemwide,393.5,4753207296,0.0,68.0,0.0,1273856.0,904.6666666666666,2071.0,3220671.3333333335,3016911.6666666665
546,rdr_proxy,401.5200333333333,3485388800,0.0,67.66666666666667,0.0,1126400.0,904.6666666666666,1958.3333333333333,3220671.3333333335,3009475.6666666665
549,systemwide,190.2,4774924288,0.0,0.0,0.0,0.0,374.6666666666667,502.0,1224678.3333333333,1127086.0
549,rdr_proxy,198.96216666666666,3546091520,0.0,0.0,0.0,0.0,374.6666666666667,434.6666666666667,1224678.3333333333,1122642.0
552,systemwide,71.7,4763803648,0.0,30.333333333333332,0.0,386389.3333333333,0.3333333333333333,0.6666666666666666,18.0,44.0
552,rdr_proxy,79.1901,3534868480,0.0,45.333333333333336,0.0,270336.0,0.3333333333333333,0.6666666666666666,18.0,44.0
555,systemwide,105.6,4473917440,0.0,27.0,0.0,173397.33333333334,39.333333333333336,70.66666666666667,58404.0,72495.33333333333
555,rdr_proxy,113.75226666666667,3212021760,0.0,0.3333333333333333,0.0,9557.333333333334,39.333333333333336,70.66666666666667,58404.0,72495.33333333333
558,systemwide,221.4,4622532608,0.0,4.333333333333333,0.0,128341.33333333333,323.0,595.0,1040116.3333333334,1013265.3333333334
558,rdr_proxy,231.76523333333333,3364016128,0.0,3.6666666666666665,0.0,17749.333333333332,323.0,525.3333333333334,1040116.3333333334,1008667.3333333334
561,systemwide,198.5,4747726848,0.0,9.666666666666666,0.0,55978.666666666664,257.6666666666667,308.3333333333333,1266781.3333333333,1302879.3333333333
561,rdr_proxy,206.81903333333332,3477860352,0.0,9.666666666666666,0.0,55978.666666666664,257.6666666666667,299.0,1266781.3333333333,1302271.3333333333
564,systemwide,84.8,4713439232,0.0,0.6666666666666666,0.0,58709.333333333336,1.0,1.6666666666666667,66.0,127.0
564,rdr_proxy,91.7633,3445235712,0.0,0.0,0.0,0.0,1.0,1.6666666666666667,66.0,127.0
567,systemwide,209.8,4807032832,0.0,176.33333333333334,0.0,13658794.666666666,267.6666666666667,282.3333333333333,492600.6666666667,498491.0
567,rdr_proxy,214.63840000000002,3603558400,0.0,185.66666666666666,0.0,13631488.0,267.6666666666667,263.0,492600.6666666667,497215.0
570,systemwide,115.4,4653490176,0.0,0.6666666666666666,0.0,126976.0,270.0,501.6666666666667,369241.3333333333,785360.6666666666
570,rdr_proxy,123.80096666666667,3437645824,0.0,0.0,0.0,0.0,270.0,408.0,369241.3333333333,779178.6666666666
573,systemwide,277.3,4810092544,0.0,0.0,0.0,0.0,264.0,428.0,955589.0,1414624.3333333333
573,rdr_proxy,287.0991333333333,3582537728,0.0,0.0,0.0,0.0,264.0,393.3333333333333,955589.0,1412336.3333333333
576,systemwide,306.0,4846657536,0.0,2.0,0.0,379562.6666666667,574.0,1225.6666666666667,3659159.3333333335,2943674.6666666665
576,rdr_proxy,314.5447666666667,3657785344,0.0,0.3333333333333333,0.0,9557.333333333334,574.0,1123.0,3659159.3333333335,2936910.6666666665
579,systemwide,183.1,4911812608,0.0,0.0,0.0,0.0,250.33333333333334,315.0,358324.6666666667,426154.3333333333
579,rdr_proxy,193.46306666666666,3731099648,0.0,0.0,0.0,0.0,251.0,299.0,358368.6666666667,435242.3333333333
582,systemwide,166.29999999999998,4786737152,0.0,0.6666666666666666,0.0,113322.66666666667,180.33333333333334,230.33333333333334,1701488.6666666667,1662993.6666666667
582,rdr_proxy,176.95126666666667,3543666688,0.0,0.0,0.0,0.0,179.66666666666666,188.66666666666666,1701444.6666666667,1650107.6666666667
585,systemwide,77.5,4631502848,0.0,0.6666666666666666,0.0,114688.0,1.0,2.0,62.0,153.0
585,rdr_proxy,81.19493333333334,3332395008,0.0,0.0,0.0,0.0,1.0,2.0,62.0,153.0
588,systemwide,64.3,4615155712,0.0,0.3333333333333333,0.0,4096.0,8.0,7.666666666666667,528.0,502.0
588,rdr_proxy,71.04393333333333,3314368512,0.0,0.0,0.0,0.0,8.0,7.666666666666667,528.0,502.0
591,systemwide,56.2,4606152704,0.0,1.0,0.0,70997.33333333333,10.333333333333334,9.333333333333334,682.0,616.0
591,rdr_proxy,62.32833333333334,3306876928,0.0,0.3333333333333333,0.0,9557.333333333334,10.333333333333334,9.333333333333334,682.0,616.0
594,systemwide,62.199999999999996,4567154688,0.0,0.6666666666666666,0.0,30037.333333333332,18.666666666666668,17.666666666666668,1232.0,1166.0
594,rdr_proxy,68.78526666666666,3279384576,0.0,0.0,0.0,0.0,18.666666666666668,17.666666666666668,1232.0,1166.0
597,systemwide,62.2,4572160000,0.0,52.0,0.0,1186474.6666666667,6.666666666666667,9.333333333333334,432.0,800.6666666666666
597,rdr_proxy,62.6823,3289829376,0.0,53.0,0.0,1186474.6666666667,6.666666666666667,9.333333333333334,432.0,800.6666666666666
600,systemwide,137.0,4619337728,0.0,0.6666666666666666,0.0,99669.33333333333,199.33333333333334,198.0,385648.3333333333,402194.3333333333
600,rdr_proxy,146.3806,3394228224,0.0,0.0,0.0,0.0,199.33333333333334,189.66666666666666,385648.3333333333,401644.3333333333
603,systemwide,83.0,4635373568,0.0,59.666666666666664,0.0,339968.0,66.33333333333333,76.0,105979.66666666667,95743.66666666667
603,rdr_proxy,89.7536,3411464192,0.0,62.666666666666664,0.0,339968.0,66.33333333333333,68.66666666666667,105979.66666666667,95259.66666666667
606,systemwide,53.6,4635262976,0.0,1.0,0.0,140629.33333333334,16.666666666666668,14.666666666666666,3681.3333333333335,3104.0
606,rdr_proxy,56.86873333333333,3413024768,0.0,0.0,0.0,0.0,16.666666666666668,14.666666666666666,3681.3333333333335,3104.0
609,systemwide,56.3,4586844160,0.0,33.333333333333336,0.0,535210.6666666666,3.3333333333333335,10.333333333333334,220.0,957.0
609,rdr_proxy,61.3922,3336966144,0.0,32.333333333333336,0.0,475136.0,3.3333333333333335,10.333333333333334,220.0,957.0
612,systemwide,55.2,4543811584,0.0,0.6666666666666666,0.0,94208.0,6.666666666666667,5.0,444.0,330.0
612,rdr_proxy,63.02686666666667,3267846144,0.0,1.0,0.0,94208.0,6.666666666666667,5.0,444.0,330.0
615,systemwide,56.5,4537286656,0.0,23.666666666666668,0.0,192512.0,13.333333333333334,14.0,880.0,987.0
615,rdr_proxy,60.38143333333333,3268349952,0.0,0.0,0.0,0.0,13.333333333333334,14.0,880.0,987.0
618,systemwide,56.9,4579373056,0.0,3.3333333333333335,0.0,15018.666666666666,2.3333333333333335,3.6666666666666665,154.0,317.0
618,rdr_proxy,63.42796666666666,3303366656,0.0,3.3333333333333335,0.0,15018.666666666666,2.3333333333333335,3.6666666666666665,154.0,317.0
621,systemwide,58.1,4578373632,0.0,1.0,0.0,34133.333333333336,10.0,10.333333333333334,660.0,728.6666666666666
621,rdr_proxy,62.48226666666667,3303206912,0.0,0.0,0.0,0.0,10.0,10.333333333333334,660.0,728.6666666666666
624,systemwide,70.2,4544352256,0.0,3.6666666666666665,0.0,45056.0,11.333333333333334,11.333333333333334,748.0,748.0
624,rdr_proxy,74.98636666666667,3270721536,0.0,3.3333333333333335,0.0,23210.666666666668,11.333333333333334,11.333333333333334,748.0,748.0
627,systemwide,56.800000000000004,4538953728,0.0,41.333333333333336,0.0,1002154.6666666666,8.0,8.333333333333334,528.0,593.3333333333334
627,rdr_proxy,63.129799999999996,3269664768,0.0,41.666666666666664,0.0,1000789.3333333334,8.0,8.333333333333334,528.0,593.3333333333334
630,systemwide,63.9,4541198336,0.0,0.6666666666666666,0.0,38229.333333333336,0.3333333333333333,0.3333333333333333,18.0,18.0
630,rdr_proxy,70.1804,3270176768,0.0,0.0,0.0,0.0,0.3333333333333333,0.3333333333333333,18.0,18.0
633,systemwide,51.5,4538195968,0.0,25.0,0.0,2342912.0,8.666666666666666,10.333333333333334,572.0,815.3333333333334
633,rdr_proxy,58.646566666666665,3269402624,0.0,27.333333333333332,0.0,2342912.0,8.666666666666666,10.333333333333334,572.0,815.3333333333334
636,systemwide,49.8,4540358656,0.0,0.6666666666666666,0.0,38229.333333333336,12.333333333333334,12.333333333333334,806.0,873.6666666666666
636,rdr_proxy,56.8499,3270991872,0.0,0.0,0.0,0.0,12.333333333333334,12.333333333333334,806.0,873.6666666666666
639,systemwide,60.0,4539580416,0.0,39.0,0.0,215722.66666666666,18.666666666666668,17.666666666666668,1232.0,1162.0
639,rdr_proxy,65.6777,3270627328,0.0,42.666666666666664,0.0,215722.66666666666,18.666666666666668,17.666666666666668,1232.0,1162.0
642,systemwide,60.4,4538892288,0.0,0.6666666666666666,0.0,25941.333333333332,0.6666666666666666,1.0,44.0,87.0
642,rdr_proxy,64.05593333333333,3267424256,0.0,0.0,0.0,0.0,0.6666666666666666,1.0,44.0,87.0
645,systemwide,59.8,4562677760,0.0,10.333333333333334,0.0,86016.0,3.0,3.0,241.66666666666666,215.0
645,rdr_proxy,61.314600000000006,3270520832,0.0,9.666666666666666,0.0,55978.666666666664,3.0,3.0,241.66666666666666,215.0
648,systemwide,59.0,4573802496,0.0,6.0,0.0,42325.333333333336,11.0,8.333333333333334,869.0,550.0
648,rdr_proxy,65.2557,3286032384,0.0,6.0,0.0,38229.333333333336,11.0,8.333333333333334,869.0,550.0
651,systemwide,61.1,4588785664,0.0,1.0,0.0,53248.0,12.333333333333334,10.0,814.0,673.0
651,rdr_proxy,65.652,3303514112,0.0,0.0,0.0,0.0,12.333333333333334,10.0,814.0,673.0
654,systemwide,61.3,4553392128,0.0,2.0,0.0,16384.0,4.333333333333333,4.333333333333333,286.0,259.0
654,rdr_proxy,63.48703333333333,3272679424,0.0,2.3333333333333335,0.0,16384.0,4.333333333333333,4.333333333333333,286.0,259.0
657,systemwide,65.1,4552667136,0.0,0.6666666666666666,0.0,38229.333333333336,12.0,12.333333333333334,792.0,1032.3333333333333
657,rdr_proxy,66.86556666666667,3276738560,0.0,0.0,0.0,0.0,12.0,12.333333333333334,792.0,1032.3333333333333
660,systemwide,74.6,4558544896,0.0,34.666666666666664,0.0,704512.0,83.33333333333333,89.0,87325.0,95609.0
660,rdr_proxy,80.0964,3286659072,0.0,35.333333333333336,0.0,704512.0,83.33333333333333,83.0,87325.0,95213.0
663,systemwide,57.4,4559659008,0.0,5.0,0.0,172032.0,0.6666666666666666,0.6666666666666666,44.0,52.0
663,rdr_proxy,62.580333333333336,3288223744,0.0,4.333333333333333,0.0,86016.0,0.6666666666666666,0.6666666666666666,44.0,52.0
666,systemwide,62.9,4548030464,0.0,0.0,0.0,0.0,8.666666666666666,8.0,564.0,544.3333333333334
666,rdr_proxy,69.50063333333334,3275325440,0.0,0.0,0.0,0.0,8.666666666666666,8.0,564.0,544.3333333333334
669,systemwide,51.4,4549861376,0.0,10.333333333333334,0.0,133802.66666666666,15.333333333333334,16.333333333333332,1012.0,1208.3333333333333
669,rdr_proxy,58.611266666666666,3276902400,0.0,9.333333333333334,0.0,88746.66666666667,15.333333333333334,16.333333333333332,1012.0,1208.3333333333333
672,systemwide,52.8,4551364608,0.0,15.666666666666666,0.0,95573.33333333333,7.666666666666667,7.333333333333333,506.0,546.3333333333334
672,rdr_proxy,56.519800000000004,3277639680,0.0,0.0,0.0,0.0,7.666666666666667,7.333333333333333,506.0,546.3333333333334
675,systemwide,68.6,4548079616,0.0,50.0,0.0,237568.0,0.0,0.0,0.0,0.0
675,rdr_proxy,75.05616666666667,3275853824,0.0,39.0,0.0,176128.0,0.0,0.0,0.0,0.0
678,systemwide,57.4,4563017728,0.0,0.0,0.0,0.0,4.333333333333333,4.0,274.0,276.3333333333333
678,rdr_proxy,61.22343333333333,3291373568,0.0,0.0,0.0,0.0,4.333333333333333,4.0,274.0,276.3333333333333
681,systemwide,74.2,4611608576,0.0,13.333333333333334,0.0,169301.33333333334,79.66666666666667,87.33333333333333,87004.33333333333,95493.33333333333
681,rdr_proxy,77.93283333333333,3328819200,0.0,12.333333333333334,0.0,99669.33333333333,79.66666666666667,79.66666666666667,87004.33333333333,94987.33333333333
684,systemwide,48.2,4595064832,0.0,12.0,0.0,77824.0,18.0,17.0,1188.0,1122.0
684,rdr_proxy,54.937666666666665,3297509376,0.0,11.666666666666666,0.0,72362.66666666667,18.0,17.0,1188.0,1122.0
687,systemwide,92.4,4654792704,0.0,0.6666666666666666,0.0,61440.0,207.66666666666666,1005.6666666666666,241447.0,1109821.0
687,rdr_proxy,100.78353333333332,3398221824,0.0,0.0,0.0,0.0,207.66666666666666,1002.0,241447.0,1109579.0
690,systemwide,328.1,4813225984,0.0,49.0,0.0,1138688.0,538.6666666666666,633.0,2836386.3333333335,1946192.6666666667
690,rdr_proxy,335.36443333333335,3607752704,0.0,48.666666666666664,0.0,999424.0,539.6666666666666,566.3333333333334,2836582.0,1941792.6666666667
693,systemwide,125.2,4806455296,0.0,0.6666666666666666,0.0,4096.0,120.33333333333333,127.66666666666667,210530.33333333334,93902.33333333333
693,rdr_proxy,133.03130000000002,3606183936,0.0,0.0,0.0,0.0,119.33333333333333,127.0,210334.66666666666,93858.33333333333
696,systemwide,111.0,4835684352,0.0,11.0,0.0,962560.0,134.66666666666666,213.33333333333334,186421.66666666666,174630.33333333334
696,rdr_proxy,119.8266,3655704576,0.0,10.333333333333334,0.0,858794.6666666666,134.66666666666666,206.66666666666666,186421.66666666666,174190.33333333334
699,systemwide,417.6,4875300864,0.0,209.33333333333334,0.0,13157717.333333334,605.3333333333334,1570.0,2317282.6666666665,2448355.0
699,rdr_proxy,422.98196666666666,3662217216,0.0,220.33333333333334,0.0,13051221.333333334,606.0,1428.0,2320277.3333333335,2438983.0
702,systemwide,374.8,5125242880,0.0,0.0,0.0,0.0,688.0,1089.6666666666667,2203358.0,2325377.3333333335
702,rdr_proxy,384.3760666666667,3921723392,0.0,0.0,0.0,0.0,688.3333333333334,974.3333333333334,2201039.3333333335,2317786.6666666665
705,systemwide,577.7,5565931520,0.0,2.0,0.0,253952.0,896.3333333333334,1638.0,3331671.6666666665,3561608.3333333335
705,rdr_proxy,581.9225,4357455872,0.0,0.6666666666666666,0.0,10922.666666666666,895.3333333333334,1616.3333333333333,3330995.6666666665,3560205.0
708,systemwide,206.3,5403938816,0.0,0.0,0.0,0.0,136.66666666666666,193.33333333333334,201586.33333333334,233192.0
708,rdr_proxy,215.198,4191264768,0.0,0.0,0.0,0.0,136.66666666666666,193.33333333333334,201586.33333333334,233192.0
711,systemwide,119.7,5415952384,0.0,1.0,0.0,315392.0,38.0,76.0,55818.0,76106.33333333333
711,rdr_proxy,130.49,4201111552,0.0,0.0,0.0,0.0,38.0,75.66666666666667,55818.0,76084.33333333333
714,systemwide,110.2,5000118272,0.0,170.66666666666666,0.0,11900245.333333334,74.33333333333333,92.66666666666667,20932.333333333332,72354.0
714,rdr_proxy,113.78946666666667,3707195392,0.0,183.33333333333334,0.0,11784192.0,74.33333333333333,91.66666666666667,20932.333333333332,72288.0
717,systemwide,49.7,4883726336,0.0,1.3333333333333333,0.0,117418.66666666667,5.0,4.0,330.0,260.0
717,rdr_proxy,55.24963333333333,3612549120,0.0,0.3333333333333333,0.0,9557.333333333334,5.0,4.0,330.0,260.0
720,systemwide,60.4,4865011712,0.0,0.6666666666666666,0.0,140629.33333333334,9.333333333333334,11.333333333333334,1398.0,2622.6666666666665
720,rdr_proxy,69.365,3610673152,0.0,0.0,0.0,0.0,9.333333333333334,11.333333333333334,1398.0,2622.6666666666665
723,systemwide,168.9,4931440640,0.0,0.0,0.0,0.0,285.0,533.3333333333334,540371.3333333334,701152.6666666666
723,rdr_proxy,176.0304,3741818880,0.0,0.0,0.0,0.0,285.3333333333333,532.6666666666666,545372.0,701108.6666666666
726,systemwide,262.1,5105790976,0.0,0.6666666666666666,0.0,106496.0,493.6666666666667,1160.6666666666667,1373024.0,1390221.6666666667
726,rdr_proxy,270.33953333333335,3942432768,0.0,0.0,0.0,0.0,493.3333333333333,1132.6666666666667,1368023.3333333333,1388373.6666666667
729,systemwide,137.1,5125029888,0.0,1.0,0.0,75093.33333333333,214.33333333333334,237.33333333333334,309983.3333333333,265300.3333333333
729,rdr_proxy,145.75496666666666,3946790912,0.0,0.3333333333333333,0.0,9557.333333333334,214.33333333333334,236.66666666666666,309983.3333333333,265256.3333333333
732,systemwide,65.2,5045198848,0.0,190.0,0.0,18516650.666666668,21.666666666666668,18.666666666666668,6574.333333333333,14047.0
732,rdr_proxy,68.88106666666667,3851083776,0.0,207.33333333333334,0.0,18516650.666666668,21.666666666666668,18.333333333333332,6574.333333333333,14025.0
735,systemwide,203.8,5129068544,0.0,15.0,0.0,202069.33333333334,338.0,871.3333333333334,1094371.3333333333,1088054.6666666667
735,rdr_proxy,213.47553333333335,3978260480,0.0,0.0,0.0,0.0,338.0,845.3333333333334,1094371.3333333333,1086338.6666666667
738,systemwide,110.0,5029797888,0.0,0.0,0.0,0.0,185.33333333333334,235.0,233700.0,230139.66666666666
738,rdr_proxy,116.22766666666666,3846737920,0.0,0.0,0.0,0.0,185.33333333333334,232.66666666666666,233700.0,229985.66666666666
741,systemwide,60.300000000000004,4978044928,0.0,1.0,0.0,203434.66666666666,0.3333333333333333,1.0,22.0,73.33333333333333
741,rdr_proxy,65.75946666666667,3741519872,0.0,0.0,0.0,0.0,0.3333333333333333,1.0,22.0,73.33333333333333
744,systemwide,62.7,4808478720,0.0,1.0,0.0,92842.66666666667,12.666666666666666,10.666666666666666,836.0,724.3333333333334
744,rdr_proxy,70.67123333333333,3555807232,0.0,0.3333333333333333,0.0,9557.333333333334,12.666666666666666,10.666666666666666,836.0,724.3333333333334
747,systemwide,49.5,4800094208,0.0,1.0,0.0,73728.0,13.333333333333334,12.666666666666666,880.0,836.0
747,rdr_proxy,54.98330000000001,3555880960,0.0,0.0,0.0,0.0,13.333333333333334,12.666666666666666,880.0,836.0
750,systemwide,49.300000000000004,4792512512,0.0,0.0,0.0,0.0,24.666666666666668,25.333333333333332,1628.0,1710.0
750,rdr_proxy,56.0959,3554283520,0.0,0.0,0.0,0.0,24.666666666666668,25.333333333333332,1628.0,1710.0
753,systemwide,250.0,5069938688,0.0,0.6666666666666666,0.0,73728.0,550.6666666666666,3053.6666666666665,2995467.6666666665,4079923.3333333335
753,rdr_proxy,261.33480000000003,3882905600,0.0,0.0,0.0,0.0,550.6666666666666,3053.6666666666665,2995467.6666666665,4079923.3333333335
756,systemwide,147.0,5061988352,0.0,162.0,0.0,15627605.333333334,126.66666666666667,164.0,415739.6666666667,206035.33333333334
756,rdr_proxy,150.9075,3873955840,0.0,176.33333333333334,0.0,15627605.333333334,126.66666666666667,164.0,415739.6666666667,206035.33333333334
759,systemwide,61.7,5058502656,0.0,0.6666666666666666,0.0,117418.66666666667,16.333333333333332,16.333333333333332,3653.6666666666665,3239.6666666666665
759,rdr_proxy,65.81683333333334,3871158272,0.0,0.0,0.0,0.0,16.333333333333332,16.333333333333332,3653.6666666666665,3239.6666666666665
762,systemwide,70.8,4904103936,0.0,1.0,0.0,106496.0,23.333333333333332,18.333333333333332,9607.333333333334,4174.666666666667
762,rdr_proxy,75.53013333333332,3670003712,0.0,0.3333333333333333,0.0,9557.333333333334,23.333333333333332,18.333333333333332,9607.333333333334,4174.666666666667
765,systemwide,61.5,4752101376,0.0,0.0,0.0,0.0,4.666666666666667,4.0,2131.0,304.0
765,rdr_proxy,64.81623333333333,3487621120,0.0,0.0,0.0,0.0,4.666666666666667,4.0,2131.0,304.0
768,systemwide,47.7,4757581824,0.0,23.0,0.0,210261.33333333334,5.666666666666667,4.333333333333333,517.0,310.3333333333333
768,rdr_proxy,55.3725,3494313984,0.0,0.0,0.0,0.0,5.666666666666667,4.333333333333333,517.0,310.3333333333333
771,systemwide,51.1,4789821440,0.0,1.0,0.0,70997.33333333333,12.333333333333334,12.0,814.0,808.0
771,rdr_proxy,58.14553333333333,3515523072,0.0,0.0,0.0,0.0,12.333333333333334,12.0,814.0,808.0
774,systemwide,59.8,4752429056,0.0,0.3333333333333333,0.0,4096.0,26.0,26.666666666666668,1716.0,1800.0
774,rdr_proxy,66.21906666666666,3486216192,0.0,0.0,0.0,0.0,26.0,26.666666666666668,1716.0,1800.0
777,systemwide,47.1,4749770752,0.0,0.6666666666666666,0.0,30037.333333333332,2.3333333333333335,2.3333333333333335,154.0,212.0
777,rdr_proxy,55.327,3488272384,0.0,0.0,0.0,0.0,2.3333333333333335,2.3333333333333335,154.0,212.0
780,systemwide,62.1,4745359360,0.0,0.3333333333333333,0.0,4096.0,8.333333333333334,10.0,550.0,732.6666666666666
780,rdr_proxy,66.94656666666667,3488911360,0.0,0.0,0.0,0.0,8.333333333333334,10.0,550.0,732.6666666666666
783,systemwide,215.1,4876853248,0.0,0.6666666666666666,0.0,72362.66666666667,375.3333333333333,1129.6666666666667,1494671.0,1484198.0
783,rdr_proxy,221.087,3631783936,0.0,0.0,0.0,0.0,376.0,1095.6666666666667,1496609.0,1481954.0
786,systemwide,156.6,4917026816,0.0,43.0,0.0,1086805.3333333333,369.3333333333333,473.6666666666667,1066621.0,964785.0
786,rdr_proxy,164.67583333333332,3682299904,0.0,44.0,0.0,1086805.3333333333,368.6666666666667,421.6666666666667,1064683.0,961353.0
789,systemwide,70.8,4918104064,0.0,0.6666666666666666,0.0,95573.33333333333,15.666666666666666,19.666666666666668,1034.0,1460.3333333333333
789,rdr_proxy,73.88993333333333,3684810752,0.0,0.0,0.0,0.0,15.666666666666666,19.666666666666668,1034.0,1460.3333333333333
792,systemwide,105.3,4912087040,0.0,58.333333333333336,0.0,389120.0,44.333333333333336,112.66666666666667,106782.33333333333,112820.66666666667
792,rdr_proxy,113.0443,3684229120,0.0,68.33333333333333,0.0,350890.6666666667,44.333333333333336,112.66666666666667,106782.33333333333,112820.66666666667
795,systemwide,68.1,4766056448,0.0,0.0,0.0,0.0,28.333333333333332,29.0,3439.3333333333335,3539.0
795,rdr_proxy,73.67003333333334,3502252032,0.0,0.0,0.0,0.0,28.333333333333332,29.0,3439.3333333333335,3539.0
798,systemwide,61.4,4774010880,0.0,13.333333333333334,0.0,162474.66666666666,4.333333333333333,9.0,286.0,735.3333333333334
798,rdr_proxy,65.12089999999999,3510095872,0.0,13.0,0.0,73728.0,4.333333333333333,9.0,286.0,735.3333333333334
801,systemwide,75.3,4807294976,0.0,6.333333333333333,0.0,137898.66666666666,129.66666666666666,703.0,103450.66666666667,830764.3333333334
801,rdr_proxy,82.06883333333333,3563573248,0.0,6.333333333333333,0.0,45056.0,129.66666666666666,703.0,103450.66666666667,830772.3333333334
804,systemwide,171.5,4881170432,0.0,0.0,0.0,0.0,291.0,2082.3333333333335,2805346.0,2573530.3333333335
804,rdr_proxy,177.34816666666666,3648000000,0.0,0.0,0.0,0.0,291.0,2082.0,2805346.0,2573500.3333333335
807,systemwide,68.4,4876214272,0.0,135.0,0.0,11150677.333333334,14.333333333333334,36.333333333333336,25141.0,23077.666666666668
807,rdr_proxy,71.99466666666667,3650056192,0.0,139.33333333333334,0.0,11076949.333333334,14.333333333333334,36.333333333333336,25141.0,23077.666666666668
810,systemwide,62.9,4779651072,0.0,0.3333333333333333,0.0,65536.0,3.0,6.0,198.0,468.0
810,rdr_proxy,69.28246666666666,3516764160,0.0,0.0,0.0,0.0,3.0,6.0,198.0,468.0
813,systemwide,73.4,4786655232,0.0,1.3333333333333333,0.0,122880.0,23.0,31.0,6236.666666666667,11619.666666666666
813,rdr_proxy,77.04663333333333,3540692992,0.0,0.3333333333333333,0.0,9557.333333333334,23.0,30.666666666666668,6236.666666666667,11597.666666666666
816,systemwide,325.8,4999401472,0.0,0.6666666666666666,0.0,135168.0,735.6666666666666,1538.6666666666667,2048747.3333333333,2048953.0
816,rdr_proxy,331.16563333333335,3778289664,0.0,0.0,0.0,0.0,735.6666666666666,1505.0,2048747.3333333333,2046731.0
819,systemwide,111.6,5049626624,0.0,0.0,0.0,0.0,211.66666666666666,808.3333333333334,244398.0,1078208.0
819,rdr_proxy,119.37939999999999,3860103168,0.0,0.0,0.0,0.0,211.66666666666666,792.3333333333334,244398.0,1077152.0
822,systemwide,251.5,5183995904,0.0,174.0,0.0,20460885.333333332,340.6666666666667,378.3333333333333,1314916.0,487970.3333333333
822,rdr_proxy,255.6046,3992219648,0.0,198.66666666666666,0.0,20361216.0,340.6666666666667,366.3333333333333,1314916.0,487178.3333333333
825,systemwide,111.7,5007970304,0.0,1.0,0.0,126976.0,35.0,63.0,56197.666666666664,58550.333333333336
825,rdr_proxy,112.12246666666665,3748384768,0.0,0.3333333333333333,0.0,9557.333333333334,35.0,63.0,56197.666666666664,58550.333333333336
828,systemwide,61.9,5005709312,0.0,35.0,0.0,270336.0,22.666666666666668,22.333333333333332,1496.0,1539.6666666666667
828,rdr_proxy,66.43146666666667,3752726528,0.0,0.0,0.0,0.0,22.666666666666668,22.333333333333332,1496.0,1539.6666666666667
831,systemwide,263.6,5138182144,0.0,0.3333333333333333,0.0,1365.3333333333333,476.3333333333333,1429.6666666666667,1724235.3333333333,1696857.0
831,rdr_proxy,270.26466666666664,3902107648,0.0,0.0,0.0,0.0,476.3333333333333,1385.6666666666667,1724235.3333333333,1693965.0
834,systemwide,229.8,5176791040,0.0,0.6666666666666666,0.0,126976.0,404.6666666666667,489.0,769412.3333333334,654843.0
834,rdr_proxy,234.4711,3980574720,0.0,0.0,0.0,0.0,404.6666666666667,478.6666666666667,769412.3333333334,654161.0
837,systemwide,277.7,5341425664,0.0,0.0,0.0,0.0,436.3333333333333,1059.0,1312630.3333333333,1416343.0
837,rdr_proxy,280.6526333333333,4202323968,0.0,0.0,0.0,0.0,436.3333333333333,1028.3333333333333,1312630.3333333333,1414319.0
840,systemwide,235.5,5438029824,0.0,2.0,0.0,345429.3333333333,447.6666666666667,713.0,747278.3333333334,933446.6666666666
840,rdr_proxy,241.8977,4330147840,0.0,0.3333333333333333,0.0,9557.333333333334,448.0,706.0,747308.0,935474.6666666666
843,systemwide,299.7,5575786496,0.0,229.66666666666666,0.0,34320384.0,504.6666666666667,1085.6666666666667,1581959.0,1462933.6666666667
843,rdr_proxy,302.5185333333333,4460089344,0.0,259.6666666666667,0.0,34314922.666666664,504.3333333333333,1042.3333333333333,1581929.3333333333,1457583.6666666667
846,systemwide,117.9,5428916224,0.0,0.6666666666666666,0.0,177493.33333333334,65.66666666666667,133.66666666666666,119199.0,125793.33333333333
846,rdr_proxy,124.19619999999999,4281528320,0.0,0.0,0.0,0.0,65.66666666666667,133.0,119199.0,125749.33333333333
849,systemwide,67.1,5321199616,0.0,7.333333333333333,0.0,1486848.0,2.3333333333333335,2.6666666666666665,150.0,172.0
849,rdr_proxy,70.80203333333334,4164956160,0.0,8.666666666666666,0.0,1348949.3333333333,2.3333333333333335,2.6666666666666665,150.0,172.0
852,systemwide,87.2,5168193536,0.0,1.0,0.0,40960.0,33.0,98.66666666666667,55906.666666666664,113291.66666666667
852,rdr_proxy,93.90463333333334,3990458368,0.0,0.3333333333333333,0.0,9557.333333333334,33.0,98.33333333333333,55906.666666666664,113269.66666666667
855,systemwide,55.9,5160157184,0.0,1.6666666666666667,0.0,102400.0,3.0,3.0,192.66666666666666,248.0
855,rdr_proxy,60.05723333333333,3989200896,0.0,0.0,0.0,0.0,3.0,3.0,192.66666666666666,248.0
858,systemwide,63.1,5162643456,0.0,1.3333333333333333,0.0,35498.666666666664,5.333333333333333,5.666666666666667,352.0,395.0
858,rdr_proxy,65.18086666666666,3996590080,0.0,0.3333333333333333,0.0,1365.3333333333333,5.333333333333333,5.666666666666667,352.0,395.0
861,systemwide,86.8,5061074944,0.0,0.0,0.0,0.0,14.333333333333334,13.333333333333334,946.0,872.0
861,rdr_proxy,89.1494,3850547200,0.0,0.0,0.0,0.0,14.333333333333334,13.333333333333334,946.0,872.0
864,systemwide,57.9,5028782080,0.0,0.6666666666666666,0.0,90112.0,24.666666666666668,24.666666666666668,1628.0,1696.3333333333333
864,rdr_proxy,62.36346666666666,3823755264,0.0,0.0,0.0,0.0,24.666666666666668,24.666666666666668,1628.0,1696.3333333333333
867,systemwide,67.6,5011402752,0.0,0.6666666666666666,0.0,20480.0,1.3333333333333333,1.6666666666666667,88.0,147.33333333333334
867,rdr_proxy,71.75413333333334,3810279424,0.0,0.0,0.0,0.0,1.3333333333333333,1.6666666666666667,88.0,147.33333333333334
870,systemwide,56.6,4992253952,0.0,0.3333333333333333,0.0,49152.0,10.333333333333334,10.666666666666666,682.0,752.6666666666666
870,rdr_proxy,61.144133333333336,3805638656,0.0,0.0,0.0,0.0,10.333333333333334,10.666666666666666,682.0,752.6666666666666
873,systemwide,88.5,4889001984,0.0,0.6666666666666666,0.0,64170.666666666664,106.66666666666667,142.0,205914.66666666666,201723.33333333334
873,rdr_proxy,92.85593333333333,3678134272,0.0,0.0,0.0,0.0,106.66666666666667,142.0,205914.66666666666,201723.33333333334
876,systemwide,77.2,4889055232,0.0,108.0,0.0,1514154.6666666667,97.66666666666667,175.66666666666666,147398.66666666666,124581.33333333333
876,rdr_proxy,84.03583333333333,3674017792,0.0,65.33333333333333,0.0,1310720.0,97.66666666666667,174.66666666666666,147398.66666666666,124515.33333333333
879,systemwide,240.8,5009321984,0.0,44.666666666666664,0.0,417792.0,288.0,573.0,920992.6666666666,929222.3333333334
879,rdr_proxy,246.4429,3797106688,0.0,60.0,0.0,260778.66666666666,288.0,424.6666666666667,920992.6666666666,919432.3333333334
882,systemwide,263.7,5125251072,0.0,0.3333333333333333,0.0,2730.6666666666665,507.3333333333333,824.6666666666666,1621731.0,1915977.3333333333
882,rdr_proxy,274.07146666666665,3912257536,0.0,0.0,0.0,0.0,507.3333333333333,659.3333333333334,1621731.0,1905065.3333333333
885,systemwide,412.2,5444026368,0.0,191.0,0.0,15947093.333333334,1206.6666666666667,5699.333333333333,5025619.333333333,13434642.0
885,rdr_proxy,417.9968666666667,4257857536,0.0,202.0,0.0,15803733.333333334,1207.3333333333333,5539.333333333333,5027367.0,13424086.0
888,systemwide,451.2,5773393920,0.0,0.6666666666666666,0.0,192512.0,1229.6666666666667,5525.0,14720601.0,13685792.0
888,rdr_proxy,462.5880666666667,4558721024,0.0,0.0,0.0,0.0,1229.0,5500.333333333333,14718853.333333334,13684164.0
891,systemwide,260.6,5648879616,0.0,0.6666666666666666,0.0,4096.0,433.6666666666667,584.0,7593628.333333333,1150147.0
891,rdr_proxy,269.2794,4454064128,0.0,0.0,0.0,0.0,433.6666666666667,548.3333333333334,7593628.333333333,1147793.0
894,systemwide,133.5,5588918272,0.0,1.6666666666666667,0.0,222549.33333333334,16.333333333333332,14.666666666666666,3569.3333333333335,3942.3333333333335
894,rdr_proxy,142.67943333333332,4348264448,0.0,0.3333333333333333,0.0,9557.333333333334,16.333333333333332,14.666666666666666,3569.3333333333335,3942.3333333333335
897,systemwide,142.6,5233676288,0.0,0.0,0.0,0.0,41.0,66.33333333333333,59001.333333333336,64515.666666666664
897,rdr_proxy,143.92886666666666,3969290240,0.0,0.0,0.0,0.0,41.0,65.33333333333333,59001.333333333336,64449.666666666664
900,systemwide,70.0,5078343680,0.0,0.6666666666666666,0.0,120149.33333333333,4.666666666666667,4.666666666666667,1158.6666666666667,1859.0
900,rdr_proxy,74.51353333333334,3813859328,0.0,0.0,0.0,0.0,4.666666666666667,4.666666666666667,1158.6666666666667,1859.0
903,systemwide,59.1,5040447488,0.0,0.0,0.0,0.0,4.333333333333333,4.0,286.0,307.0
903,rdr_proxy,63.14353333333333,3787538432,0.0,0.0,0.0,0.0,4.333333333333333,4.0,286.0,307.0
906,systemwide,351.2,5331795968,0.0,1.0,0.0,207530.66666666666,644.3333333333334,1031.3333333333333,1057772.0,2220586.3333333335
906,rdr_proxy,360.1583666666667,4101230592,0.0,0.0,0.0,0.0,644.3333333333334,1031.3333333333333,1057772.0,2220586.3333333335
909,systemwide,170.4,5377695744,0.0,232.33333333333334,0.0,6354261.333333333,134.66666666666666,132.0,61885.0,56190.666666666664
909,rdr_proxy,180.64853333333335,4159000576,0.0,219.33333333333334,0.0,6870357.333333333,134.66666666666666,132.0,61885.0,56190.666666666664
912,systemwide,66.9,5377077248,0.0,21.333333333333332,0.0,6481237.333333333,1.0,1.6666666666666667,66.0,134.33333333333334
912,rdr_proxy,75.39863333333334,4161236992,0.0,29.333333333333332,0.0,5682517.333333333,1.0,1.6666666666666667,66.0,134.33333333333334
915,systemwide,131.1,5297422336,0.0,1.6666666666666667,0.0,162474.66666666666,74.33333333333333,58.0,34239.666666666664,13236.0
915,rdr_proxy,141.41183333333333,4052062208,0.0,0.3333333333333333,0.0,9557.333333333334,74.66666666666667,58.0,34264.666666666664,13236.0
918,systemwide,66.6,5083308032,0.0,0.3333333333333333,0.0,1365.3333333333333,17.333333333333332,16.333333333333332,1131.0,1082.3333333333333
918,rdr_proxy,70.89166666666667,3845115904,0.0,0.0,0.0,0.0,17.0,16.333333333333332,1106.0,1082.3333333333333
921,systemwide,62.2,5094215680,0.0,0.6666666666666666,0.0,109226.66666666667,4.0,4.0,2016.6666666666667,1635.0
921,rdr_proxy,69.08866666666667,3842027520,0.0,0.0,0.0,0.0,4.0,4.0,2016.6666666666667,1635.0
924,systemwide,57.0,5055840256,0.0,0.0,0.0,0.0,16.333333333333332,14.333333333333334,1078.0,962.3333333333334
924,rdr_proxy,60.47563333333333,3811713024,0.0,0.0,0.0,0.0,16.333333333333332,14.333333333333334,1078.0,962.3333333333334
927,systemwide,60.4,5053673472,0.0,1.0,0.0,58709.333333333336,27.666666666666668,27.333333333333332,1826.0,1828.3333333333333
927,rdr_proxy,65.22103333333332,3816034304,0.0,0.0,0.0,0.0,27.666666666666668,27.333333333333332,1826.0,1828.3333333333333
930,systemwide,69.0,5044658176,0.0,0.0,0.0,0.0,39.0,47.333333333333336,2578.0,3379.0
930,rdr_proxy,72.50816666666667,3812327424,0.0,0.0,0.0,0.0,39.0,47.333333333333336,2578.0,3379.0
933,systemwide,65.1,5042352128,0.0,0.6666666666666666,0.0,17749.333333333332,1.6666666666666667,1.6666666666666667,110.0,158.66666666666666
933,rdr_proxy,72.88176666666666,3812352000,0.0,0.0,0.0,0.0,1.6666666666666667,1.6666666666666667,110.0,158.66666666666666
936,systemwide,57.9,5044334592,0.0,1.0,0.0,40960.0,41.666666666666664,41.333333333333336,2754.0,2789.6666666666665
936,rdr_proxy,64.18906666666668,3811889152,0.0,0.0,0.0,0.0,41.666666666666664,41.333333333333336,2754.0,2789.6666666666665
939,systemwide,55.5,5044826112,0.0,0.3333333333333333,0.0,4096.0,11.333333333333334,16.333333333333332,756.0,1233.6666666666667
939,rdr_proxy,60.1478,3816124416,0.0,0.0,0.0,0.0,11.333333333333334,16.333333333333332,756.0,1233.6666666666667
942,systemwide,63.300000000000004,5045379072,0.0,51.666666666666664,0.0,1116842.6666666667,13.0,23.666666666666668,866.0,1896.3333333333333
942,rdr_proxy,68.831,3818905600,0.0,51.0,0.0,1063594.6666666667,13.0,23.666666666666668,866.0,1896.3333333333333
945,systemwide,66.6,5058519040,0.0,71.33333333333333,0.0,2744320.0,17.666666666666668,37.666666666666664,1182.0,3034.0
945,rdr_proxy,66.8202,3814232064,0.0,75.33333333333333,0.0,2744320.0,17.666666666666668,37.666666666666664,1182.0,3034.0
948,systemwide,58.7,5067079680,0.0,0.6666666666666666,0.0,76458.66666666667,12.0,12.0,2269.3333333333335,2756.0
948,rdr_proxy,61.29063333333334,3823308800,0.0,0.0,0.0,0.0,12.0,12.0,2269.3333333333335,2756.0
951,systemwide,189.2,5207003136,0.0,37.333333333333336,0.0,203434.66666666666,338.3333333333333,362.3333333333333,567824.0,590599.3333333334
951,rdr_proxy,197.02106666666668,3999326208,0.0,16.0,0.0,105130.66666666667,338.3333333333333,333.6666666666667,567824.0,588707.3333333334
954,systemwide,57.0,5196132352,0.0,0.6666666666666666,0.0,135168.0,7.666666666666667,11.333333333333334,11544.666666666666,5022.666666666667
954,rdr_proxy,63.42636666666667,3967709184,0.0,0.0,0.0,0.0,7.666666666666667,10.0,11544.666666666666,4934.666666666667
957,systemwide,58.8,5196255232,0.0,142.0,0.0,14918997.333333334,26.0,26.0,1708.0,1745.0
957,rdr_proxy,61.28783333333333,3974418432,0.0,157.0,0.0,14798848.0,26.0,26.0,1708.0,1745.0
960,systemwide,67.6,5105545216,0.0,1.0,0.0,55978.666666666664,9.333333333333334,9.666666666666666,616.0,643.0
960,rdr_proxy,69.76793333333333,3837575168,0.0,0.3333333333333333,0.0,9557.333333333334,9.333333333333334,9.666666666666666,616.0,643.0
963,systemwide,56.5,5092442112,0.0,0.0,0.0,0.0,11.666666666666666,11.333333333333334,770.0,841.3333333333334
963,rdr_proxy,62.006766666666664,3836723200,0.0,0.0,0.0,0.0,11.666666666666666,11.333333333333334,770.0,841.3333333333334
966,systemwide,60.800000000000004,5091164160,0.0,0.6666666666666666,0.0,105130.66666666667,6.666666666666667,10.0,444.0,873.3333333333334
966,rdr_proxy,63.47476666666666,3838316544,0.0,0.0,0.0,0.0,6.666666666666667,10.0,444.0,873.3333333333334
969,systemwide,52.5,5089882112,0.0,0.0,0.0,0.0,19.666666666666668,22.333333333333332,1302.0,1660.0
969,rdr_proxy,58.884433333333334,3838042112,0.0,0.0,0.0,0.0,19.666666666666668,22.333333333333332,1302.0,1660.0
972,systemwide,55.7,5089955840,0.0,1.0,0.0,32768.0,20.0,19.666666666666668,1320.0,1408.3333333333333
972,rdr_proxy,61.15006666666667,3840962560,0.0,0.0,0.0,0.0,20.0,19.666666666666668,1320.0,1408.3333333333333
975,systemwide,61.1,5089861632,0.0,1.6666666666666667,0.0,20480.0,23.333333333333332,29.333333333333332,1548.0,2087.0
975,rdr_proxy,66.32763333333334,3842326528,0.0,0.0,0.0,0.0,23.333333333333332,29.333333333333332,1548.0,2087.0
978,systemwide,52.5,5097086976,0.0,29.0,0.0,151552.0,1.3333333333333333,2.6666666666666665,88.0,220.66666666666666
978,rdr_proxy,59.01903333333333,3849277440,0.0,0.0,0.0,0.0,1.3333333333333333,2.6666666666666665,88.0,220.66666666666666
981,systemwide,87.8,5133840384,0.0,1.6666666666666667,0.0,136533.33333333334,98.0,106.66666666666667,88282.0,96704.66666666667
981,rdr_proxy,92.07533333333333,3881299968,0.0,0.0,0.0,0.0,98.0,99.33333333333333,88282.0,96220.66666666667
984,systemwide,53.9,5097005056,0.0,0.0,0.0,0.0,13.666666666666666,14.0,894.0,937.3333333333334
984,rdr_proxy,57.16413333333333,3852263424,0.0,0.0,0.0,0.0,13.666666666666666,14.0,894.0,937.3333333333334
987,systemwide,60.2,5093785600,0.0,51.333333333333336,0.0,995328.0,2.6666666666666665,1.3333333333333333,176.0,88.0
987,rdr_proxy,67.32406666666667,3854602240,0.0,52.333333333333336,0.0,970752.0,2.6666666666666665,1.3333333333333333,176.0,88.0
990,systemwide,54.2,5082705920,0.0,1.0,0.0,61440.0,2.3333333333333335,2.3333333333333335,154.0,174.33333333333334
990,rdr_proxy,60.309400000000004,3842285568,0.0,0.3333333333333333,0.0,9557.333333333334,2.3333333333333335,2.3333333333333335,154.0,174.33333333333334
993,systemwide,51.6,5074669568,0.0,31.333333333333332,0.0,268970.6666666667,4.666666666666667,4.333333333333333,308.0,326.6666666666667
993,rdr_proxy,57.24563333333333,3841961984,0.0,32.0,0.0,268970.6666666667,4.666666666666667,4.333333333333333,308.0,326.6666666666667
996,systemwide,60.5,5072326656,0.0,0.6666666666666666,0.0,60074.666666666664,18.666666666666668,18.333333333333332,1232.0,1324.3333333333333
996,rdr_proxy,66.79123333333334,3838062592,0.0,0.0,0.0,0.0,18.666666666666668,18.333333333333332,1232.0,1324.3333333333333
999,systemwide,54.2,5070307328,0.0,8.666666666666666,0.0,50517.333333333336,1.0,1.0,66.0,84.66666666666667
999,rdr_proxy,58.08233333333334,3840049152,0.0,8.666666666666666,0.0,50517.333333333336,1.0,1.0,66.0,84.66666666666667
1002,systemwide,56.7,5058781184,0.0,0.6666666666666666,0.0,40960.0,24.0,23.666666666666668,1584.0,1652.0
1002,rdr_proxy,62.618500000000004,3819601920,0.0,0.0,0.0,0.0,24.0,23.666666666666668,1584.0,1652.0
1005,systemwide,62.1,5073432576,0.0,22.666666666666668,0.0,180224.0,12.333333333333334,18.666666666666668,861.6666666666666,1350.0
1005,rdr_proxy,63.39083333333334,3821273088,0.0,0.0,0.0,0.0,12.333333333333334,18.666666666666668,861.6666666666666,1350.0
1008,systemwide,48.5,5061996544,0.0,0.6666666666666666,0.0,6826.666666666667,7.333333333333333,7.333333333333333,627.0,517.6666666666666
1008,rdr_proxy,54.30516666666667,3819139072,0.0,0.3333333333333333,0.0,1365.3333333333333,7.333333333333333,7.333333333333333,627.0,517.6666666666666
1011,systemwide,53.7,5079732224,0.0,33.0,0.0,217088.0,3.3333333333333335,6.333333333333333,220.0,489.3333333333333
1011,rdr_proxy,61.3041,3841105920,0.0,0.0,0.0,0.0,3.3333333333333335,6.333333333333333,220.0,489.3333333333333
1014,systemwide,50.5,5055848448,0.0,19.0,0.0,2042538.6666666667,15.333333333333334,14.666666666666666,1004.0,994.0
1014,rdr_proxy,55.77266666666667,3812978688,0.0,20.666666666666668,0.0,2042538.6666666667,15.333333333333334,14.666666666666666,1004.0,994.0
1017,systemwide,45.699999999999996,5056565248,0.0,48.333333333333336,0.0,861525.3333333334,17.333333333333332,16.666666666666668,1144.0,1092.0
1017,rdr_proxy,52.8191,3817902080,0.0,48.333333333333336,0.0,806912.0,17.333333333333332,16.666666666666668,1144.0,1092.0
1020,systemwide,50.7,5055422464,0.0,1.0,0.0,60074.666666666664,14.666666666666666,14.0,968.0,916.0
1020,rdr_proxy,56.077,3817263104,0.0,0.3333333333333333,0.0,1365.3333333333333,14.666666666666666,14.0,968.0,916.0
1023,systemwide,57.0,5056098304,0.0,7.333333333333333,0.0,62805.333333333336,4.666666666666667,8.333333333333334,312.0,692.0
1023,rdr_proxy,56.274166666666666,3813228544,0.0,7.0,0.0,58709.333333333336,4.666666666666667,8.333333333333334,312.0,692.0
1026,systemwide,49.3,5057867776,0.0,0.6666666666666666,0.0,40960.0,30.0,35.0,1984.0,2440.0
1026,rdr_proxy,55.9,3815825408,0.0,0.0,0.0,0.0,30.0,35.0,1984.0,2440.0
1029,systemwide,50.4,5056720896,0.0,20.0,0.0,139264.0,11.333333333333334,11.0,748.0,744.6666666666666
1029,rdr_proxy,58.64513333333333,3810152448,0.0,20.333333333333332,0.0,139264.0,11.333333333333334,11.0,748.0,744.6666666666666
1032,systemwide,72.2,5069324288,0.0,15.333333333333334,0.0,152917.33333333334,10.0,9.0,2962.3333333333335,5931.666666666667
1032,rdr_proxy,77.49646666666666,3818430464,0.0,15.333333333333334,0.0,105130.66666666667,10.0,8.666666666666666,2962.3333333333335,5909.666666666667
1035,systemwide,175.2,5164224512,0.0,1.0,0.0,135168.0,292.6666666666667,587.0,911987.3333333334,890573.3333333334
1035,rdr_proxy,182.32916666666665,3937882112,0.0,0.0,0.0,0.0,292.6666666666667,416.3333333333333,911987.3333333334,879309.3333333334
1038,systemwide,315.9,5326934016,0.0,9.666666666666666,0.0,76458.66666666667,446.0,692.0,1665533.6666666667,1690039.0
1038,rdr_proxy,324.7929666666667,4118581248,0.0,9.333333333333334,0.0,75093.33333333333,446.0,676.6666666666666,1665533.6666666667,1689027.0
1041,systemwide,283.5,5496467456,0.0,1.0,0.0,131072.0,233.0,508.3333333333333,982139.0,990425.3333333334
1041,rdr_proxy,291.5388,4276269056,0.0,0.0,0.0,0.0,233.0,359.6666666666667,982139.0,980613.3333333334
1044,systemwide,211.5,5559656448,0.0,169.0,0.0,11460608.0,191.66666666666666,236.0,1085135.6666666667,1124023.0
1044,rdr_proxy,220.57523333333333,4319891456,0.0,177.66666666666666,0.0,11414186.666666666,191.66666666666666,235.33333333333334,1085135.6666666667,1123979.0
1047,systemwide,135.5,5347852288,0.0,14.666666666666666,0.0,176128.0,64.0,129.33333333333334,110389.33333333333,116883.33333333333
1047,rdr_proxy,141.11893333333333,4078407680,0.0,0.0,0.0,0.0,64.0,129.0,110389.33333333333,116861.33333333333
1050,systemwide,115.8,5288308736,0.0,0.0,0.0,0.0,32.333333333333336,99.66666666666667,54249.666666666664,111786.33333333333
1050,rdr_proxy,121.27556666666668,4027736064,0.0,0.0,0.0,0.0,32.333333333333336,99.66666666666667,54249.666666666664,111786.33333333333
1053,systemwide,54.9,5281992704,0.0,11.333333333333334,0.0,80554.66666666667,5.333333333333333,5.333333333333333,352.0,370.6666666666667
1053,rdr_proxy,61.132933333333334,4027842560,0.0,0.0,0.0,0.0,5.333333333333333,5.333333333333333,352.0,370.6666666666667
1056,systemwide,58.5,5279936512,0.0,0.0,0.0,0.0,8.0,18.0,536.0,1452.6666666666667
1056,rdr_proxy,64.53243333333333,4029509632,0.0,0.0,0.0,0.0,8.0,18.0,536.0,1452.6666666666667
1059,systemwide,64.3,5280968704,0.0,0.6666666666666666,0.0,17749.333333333332,7.0,5.333333333333333,462.0,352.0
1059,rdr_proxy,67.5145,4032200704,0.0,0.0,0.0,0.0,7.0,5.333333333333333,462.0,352.0
1062,systemwide,67.3,5277696000,0.0,0.0,0.0,0.0,24.333333333333332,31.666666666666668,1614.0,2370.0
1062,rdr_proxy,73.5217,4031541248,0.0,0.0,0.0,0.0,24.333333333333332,31.666666666666668,1614.0,2370.0
1065,systemwide,68.5,5289533440,0.0,0.6666666666666666,0.0,19114.666666666668,13.666666666666666,12.333333333333334,902.0,814.0
1065,rdr_proxy,68.21266666666666,4031320064,0.0,0.0,0.0,0.0,13.666666666666666,12.333333333333334,902.0,814.0
1068,systemwide,134.2,5266210816,0.0,1.0,0.0,151552.0,183.0,194.66666666666666,1643425.6666666667,1713805.6666666667
1068,rdr_proxy,140.12436666666667,4041388032,0.0,0.0,0.0,0.0,183.0,166.0,1643425.6666666667,1711913.6666666667
1071,systemwide,95.9,5291077632,0.0,0.3333333333333333,0.0,30037.333333333332,99.0,122.33333333333333,43124.0,118604.0
1071,rdr_proxy,104.72070000000001,4084703232,0.0,0.0,0.0,0.0,99.33333333333333,116.33333333333333,43146.0,121104.0
1074,systemwide,112.7,5289283584,0.0,95.33333333333333,0.0,1921024.0,174.33333333333334,213.66666666666666,1661408.0,1657566.6666666667
1074,rdr_proxy,115.4636,4099096576,0.0,74.66666666666667,0.0,1736704.0,174.0,165.33333333333334,1661386.0,1651484.6666666667
1077,systemwide,80.3,5264252928,0.0,22.0,0.0,182954.66666666666,57.333333333333336,62.333333333333336,45857.0,52820.666666666664
1077,rdr_proxy,87.97566666666667,4051554304,0.0,0.3333333333333333,0.0,9557.333333333334,57.333333333333336,60.0,45857.0,52666.666666666664
1080,systemwide,71.3,5109309440,0.0,27.333333333333332,0.0,162474.66666666666,13.0,17.333333333333332,12569.666666666666,13581.0
1080,rdr_proxy,78.67536666666668,3863822336,0.0,27.666666666666668,0.0,162474.66666666666,13.0,15.666666666666666,12569.666666666666,13471.0
1083,systemwide,57.300000000000004,5109768192,0.0,0.6666666666666666,0.0,110592.0,16.333333333333332,23.333333333333332,1086.0,1863.0
1083,rdr_proxy,63.15103333333334,3864141824,0.0,0.0,0.0,0.0,16.333333333333332,23.333333333333332,1086.0,1863.0
1086,systemwide,77.7,5110652928,0.0,19.0,0.0,107861.33333333333,65.33333333333333,74.0,58101.0,65671.66666666667
1086,rdr_proxy,77.53523333333334,3867246592,0.0,19.0,0.0,107861.33333333333,65.33333333333333,68.66666666666667,58101.0,65319.666666666664
1089,systemwide,54.6,5112537088,0.0,3.6666666666666665,0.0,122880.0,2.0,2.0,132.0,163.66666666666666
1089,rdr_proxy,59.300000000000004,3872210944,0.0,3.0,0.0,24576.0,2.0,2.0,132.0,163.66666666666666
1092,systemwide,74.3,5132566528,0.0,0.0,0.0,0.0,72.33333333333333,71.33333333333333,55213.0,61537.666666666664
1092,rdr_proxy,79.1439,3890585600,0.0,0.0,0.0,0.0,72.33333333333333,68.33333333333333,55213.0,61339.666666666664
1095,systemwide,48.4,5131849728,0.0,2.3333333333333335,0.0,111957.33333333333,3.6666666666666665,4.333333333333333,234.0,312.0
1095,rdr_proxy,53.638666666666666,3889532928,0.0,1.0,0.0,12288.0,3.6666666666666665,4.333333333333333,234.0,312.0
1098,systemwide,61.3,5142302720,0.0,0.3333333333333333,0.0,2730.6666666666665,7.333333333333333,8.0,476.0,554.6666666666666
1098,rdr_proxy,67.19626666666666,3898093568,0.0,0.0,0.0,0.0,7.333333333333333,8.0,476.0,554.6666666666666
1101,systemwide,53.5,5170954240,0.0,19.333333333333332,0.0,151552.0,7.0,9.333333333333334,3037.6666666666665,2822.0
1101,rdr_proxy,59.45446666666667,3920044032,0.0,18.0,0.0,81920.0,7.0,9.333333333333334,3037.6666666666665,2822.0
1104,systemwide,45.8,5141123072,0.0,44.666666666666664,0.0,1067690.6666666667,6.0,4.666666666666667,396.0,346.6666666666667
1104,rdr_proxy,51.7926,3894009856,0.0,45.333333333333336,0.0,1067690.6666666667,6.0,4.666666666666667,396.0,346.6666666666667
1107,systemwide,91.9,5190184960,0.0,1.0,0.0,92842.66666666667,123.66666666666667,177.33333333333334,171045.33333333334,347524.6666666667
1107,rdr_proxy,96.53393333333334,3962183680,0.0,0.0,0.0,0.0,123.66666666666667,166.33333333333334,171045.33333333334,346798.6666666667
1110,systemwide,119.3,5243043840,0.0,26.666666666666668,0.0,1179648.0,290.0,656.0,355593.0,2189515.0
1110,rdr_proxy,127.3679,4056444928,0.0,27.0,0.0,1032192.0,290.0,576.0,355593.0,2184235.0
1113,systemwide,81.9,5300072448,0.0,30.333333333333332,0.0,135168.0,326.3333333333333,598.3333333333334,2457822.6666666665,1877230.6666666667
1113,rdr_proxy,88.9535,4069330944,0.0,0.0,0.0,0.0,326.3333333333333,520.6666666666666,2457822.6666666665,1872104.6666666667
1116,systemwide,96.60000000000001,5321469952,0.0,173.33333333333334,0.0,11718656.0,390.3333333333333,711.3333333333334,1291672.6666666667,2012116.3333333333
1116,rdr_proxy,101.94893333333333,4112146432,0.0,185.0,0.0,11612160.0,390.6666666666667,643.0,1291694.6666666667,2008089.0
1119,systemwide,188.0,5487087616,0.0,0.0,0.0,0.0,1239.3333333333333,1941.3333333333333,2041481.6666666667,3865017.6666666665
1119,rdr_proxy,198.99516666666668,4313198592,0.0,0.0,0.0,0.0,1239.0,1811.3333333333333,2041459.6666666667,3855955.0
1122,systemwide,209.9,5646422016,0.0,0.6666666666666666,0.0,170666.66666666666,1353.3333333333333,2034.3333333333333,5129916.333333333,4517189.333333333
1122,rdr_proxy,216.83786666666666,4448882688,0.0,0.0,0.0,0.0,1353.6666666666667,1860.0,5129938.333333333,4506166.0
1125,systemwide,130.2,5714669568,0.0,0.6666666666666666,0.0,102400.0,1262.0,1868.0,3019683.3333333335,4102474.3333333335
1125,rdr_proxy,135.45883333333333,4502822912,0.0,0.0,0.0,0.0,1262.3333333333333,1700.6666666666667,3019705.3333333335,4091328.3333333335
1128,systemwide,131.8,5746212864,0.0,1.0,0.0,76458.66666666667,1042.3333333333333,2122.6666666666665,4867257.666666667,4638447.666666667
1128,rdr_proxy,140.42893333333333,4565192704,0.0,0.3333333333333333,0.0,9557.333333333334,1041.6666666666667,1834.6666666666667,4867213.666666667,4619059.0
1131,systemwide,123.8,5636608000,0.0,218.33333333333334,0.0,25404757.333333332,1566.3333333333333,2160.3333333333335,3772344.0,4043542.3333333335
1131,rdr_proxy,130.614,4415234048,0.0,249.0,0.0,25249109.333333332,1567.3333333333333,2013.0,3772410.0,4035749.0
1134,systemwide,145.5,5650706432,0.0,40.333333333333336,0.0,182954.66666666666,1778.6666666666667,1990.6666666666667,4257607.333333333,2924668.3333333335
1134,rdr_proxy,154.88583333333335,4462100480,0.0,0.0,0.0,0.0,1778.3333333333333,1933.3333333333333,4257585.333333333,2920646.3333333335
1137,systemwide,268.0,5815185408,0.0,1.0,0.0,222549.33333333334,1058.0,1665.0,5127189.666666667,4131578.6666666665
1137,rdr_proxy,277.5641,4705718272,0.0,0.0,0.0,0.0,1057.3333333333333,1484.0,5127145.666666667,4117940.0
1140,systemwide,125.0,5780082688,0.0,0.0,0.0,0.0,471.0,879.6666666666666,2567838.0,2264489.6666666665
1140,rdr_proxy,133.6327,4642271232,0.0,0.0,0.0,0.0,471.0,763.6666666666666,2567838.0,2256833.6666666665
1143,systemwide,200.5,5823045632,0.0,1.6666666666666667,0.0,266240.0,525.0,944.6666666666666,2405454.6666666665,2733698.6666666665
1143,rdr_proxy,206.81436666666664,4675776512,0.0,0.3333333333333333,0.0,9557.333333333334,525.0,825.0,2405454.6666666665,2725800.6666666665
1146,systemwide,134.1,5670400000,0.0,24.666666666666668,0.0,109226.66666666667,110.66666666666667,158.0,1849292.0,344579.6666666667
1146,rdr_proxy,138.81373333333332,4451655680,0.0,0.0,0.0,0.0,110.66666666666667,140.33333333333334,1849292.0,343413.6666666667
1149,systemwide,70.8,5673631744,0.0,0.6666666666666666,0.0,121514.66666666667,7.333333333333333,5.0,484.0,370.6666666666667
1149,rdr_proxy,76.4507,4474413056,0.0,0.0,0.0,0.0,7.333333333333333,5.0,484.0,370.6666666666667
1152,systemwide,72.0,5352697856,0.0,196.66666666666666,0.0,21448021.333333332,11.0,9.0,3555.6666666666665,968.0
1152,rdr_proxy,78.86376666666666,4121157632,0.0,217.66666666666666,0.0,21448021.333333332,11.0,9.0,3555.6666666666665,968.0
1155,systemwide,56.2,5249441792,0.0,1.6666666666666667,0.0,157013.33333333334,7.0,5.666666666666667,1382.6666666666667,553.6666666666666
1155,rdr_proxy,60.905499999999996,4009799680,0.0,0.0,0.0,0.0,7.0,5.666666666666667,1382.6666666666667,553.6666666666666
1158,systemwide,82.5,5268971520,0.0,0.6666666666666666,0.0,120149.33333333333,78.33333333333333,121.33333333333333,164357.0,224596.66666666666
1158,rdr_proxy,88.58363333333334,4051734528,0.0,0.0,0.0,0.0,79.66666666666667,113.0,164445.0,228176.33333333334
1161,systemwide,131.7,5359755264,0.0,0.0,0.0,0.0,306.6666666666667,485.3333333333333,1168454.6666666667,1215278.0
1161,rdr_proxy,138.94103333333334,4180541440,0.0,0.0,0.0,0.0,305.3333333333333,411.3333333333333,1168366.6666666667,1206264.3333333333
1164,systemwide,134.3,5438529536,0.0,30.333333333333332,0.0,222549.33333333334,296.6666666666667,565.0,1432011.0,1520728.3333333333
1164,rdr_proxy,143.03096666666667,4263284736,0.0,0.0,0.0,0.0,296.6666666666667,475.6666666666667,1432011.0,1514832.3333333333
1167,systemwide,141.6,5537595392,0.0,1.3333333333333333,0.0,137898.66666666666,366.0,660.6666666666666,1392966.3333333333,1709380.6666666667
1167,rdr_proxy,150.3069,4388143104,0.0,0.3333333333333333,0.0,9557.333333333334,366.0,555.3333333333334,1392966.3333333333,1702428.6666666667
1170,systemwide,105.7,5568917504,0.0,0.0,0.0,0.0,226.0,352.6666666666667,1267681.3333333333,911610.3333333334
1170,rdr_proxy,115.13366666666667,4436357120,0.0,0.0,0.0,0.0,226.0,287.3333333333333,1267681.3333333333,907298.3333333334
1173,systemwide,67.0,5425614848,0.0,153.33333333333334,0.0,24586922.666666668,11.666666666666666,9.333333333333334,1728.6666666666667,714.0
1173,rdr_proxy,70.41333333333334,4235632640,0.0,185.33333333333334,0.0,24462677.333333332,11.666666666666666,9.333333333333334,1728.6666666666667,714.0
1176,systemwide,59.8,5350342656,0.0,0.0,0.0,0.0,18.0,16.666666666666668,2146.6666666666665,1206.0
1176,rdr_proxy,65.52773333333333,4141477888,0.0,0.0,0.0,0.0,18.0,16.666666666666668,2146.6666666666665,1206.0
1179,systemwide,54.1,5273751552,0.0,36.0,0.0,281258.6666666667,2.6666666666666665,2.6666666666666665,1134.3333333333333,278.0
1179,rdr_proxy,62.54673333333333,4039200768,0.0,0.0,0.0,0.0,2.6666666666666665,2.6666666666666665,1134.3333333333333,278.0
1182,systemwide,65.2,5258899456,0.0,0.6666666666666666,0.0,76458.66666666667,18.333333333333332,17.333333333333332,1202.0,1137.0
1182,rdr_proxy,69.68176666666666,4025012224,0.0,0.0,0.0,0.0,18.333333333333332,17.333333333333332,1202.0,1137.0
1185,systemwide,51.6,5281050624,0.0,0.0,0.0,0.0,6.666666666666667,8.0,440.0,578.0
1185,rdr_proxy,55.08519999999999,4024307712,0.0,0.0,0.0,0.0,6.666666666666667,8.0,440.0,578.0
1188,systemwide,63.199999999999996,5303472128,0.0,1.0,0.0,43690.666666666664,11.0,12.666666666666666,726.0,894.0
1188,rdr_proxy,69.14683333333333,4053696512,0.0,0.0,0.0,0.0,11.0,12.666666666666666,726.0,894.0
1191,systemwide,59.9,5282967552,0.0,0.0,0.0,0.0,7.666666666666667,15.0,518.0,1144.0
1191,rdr_proxy,66.91326666666667,4020883456,0.0,0.0,0.0,0.0,7.666666666666667,15.0,518.0,1144.0
1194,systemwide,55.6,5260554240,0.0,0.6666666666666666,0.0,51882.666666666664,7.0,7.666666666666667,462.0,551.0
1194,rdr_proxy,60.37936666666667,4002947072,0.0,0.0,0.0,0.0,7.0,7.666666666666667,462.0,551.0
1197,systemwide,65.7,5249191936,0.0,1.0,0.0,19114.666666666668,7.666666666666667,6.666666666666667,506.0,424.0
1197,rdr_proxy,71.51433333333334,4005928960,0.0,0.0,0.0,0.0,7.666666666666667,6.666666666666667,506.0,424.0
1200,systemwide,54.8,5247086592,0.0,1.0,0.0,30037.333333333332,5.666666666666667,6.0,374.0,420.0
1200,rdr_proxy,60.7424,4002996224,0.0,0.3333333333333333,0.0,1365.3333333333333,5.666666666666667,6.0,374.0,420.0
1203,systemwide,90.9,5267144704,0.0,67.33333333333333,0.0,1249280.0,70.33333333333333,99.66666666666667,699851.3333333334,696615.6666666666
1203,rdr_proxy,96.2556,4038119424,0.0,67.0,0.0,1144149.3333333333,70.33333333333333,89.33333333333333,699851.3333333334,695933.6666666666
1206,systemwide,53.0,5260070912,0.0,23.666666666666668,0.0,152917.33333333334,10.666666666666666,11.333333333333334,688.0,756.0
1206,rdr_proxy,56.169533333333334,4041154560,0.0,24.0,0.0,152917.33333333334,10.666666666666666,11.333333333333334,688.0,756.0
1209,systemwide,46.3,5257850880,0.0,0.6666666666666666,0.0,27306.666666666668,11.0,10.0,726.0,660.0
1209,rdr_proxy,54.22666666666667,4040974336,0.0,0.0,0.0,0.0,11.0,10.0,726.0,660.0
1212,systemwide,52.800000000000004,5187035136,0.0,38.666666666666664,0.0,282624.0,8.0,9.333333333333334,3870.3333333333335,4363.666666666667
1212,rdr_proxy,59.244,3945013248,0.0,38.0,0.0,229376.0,8.0,9.333333333333334,3870.3333333333335,4363.666666666667
1215,systemwide,42.2,5189586944,0.0,36.333333333333336,0.0,161109.33333333334,19.666666666666668,16.0,1298.0,1082.0
1215,rdr_proxy,45.25899999999999,3945644032,0.0,0.0,0.0,0.0,19.666666666666668,16.0,1298.0,1082.0
1218,systemwide,44.9,5230407680,0.0,2.6666666666666665,0.0,106496.0,10.333333333333334,8.0,682.0,554.0
1218,rdr_proxy,48.4546,3974467584,0.0,2.0,0.0,8192.0,10.333333333333334,8.0,682.0,554.0
1221,systemwide,42.3,5232476160,0.0,0.0,0.0,0.0,12.666666666666666,11.333333333333334,836.0,748.0
1221,rdr_proxy,47.82320000000001,3975983104,0.0,0.0,0.0,0.0,12.666666666666666,11.333333333333334,836.0,748.0
1224,systemwide,45.2,5202509824,0.0,4.333333333333333,0.0,66901.33333333333,0.6666666666666666,0.6666666666666666,44.0,44.0
1224,rdr_proxy,50.52863333333334,3951104000,0.0,3.6666666666666665,0.0,21845.333333333332,0.6666666666666666,0.6666666666666666,44.0,44.0
1227,systemwide,50.1,5208014848,0.0,1.0,0.0,27306.666666666668,12.333333333333334,11.666666666666666,814.0,783.0
1227,rdr_proxy,53.39693333333333,3954810880,0.0,0.0,0.0,0.0,12.333333333333334,11.666666666666666,814.0,783.0
1230,systemwide,39.4,5209432064,0.0,0.3333333333333333,0.0,8192.0,10.333333333333334,10.333333333333334,674.0,683.0
1230,rdr_proxy,44.505833333333335,3955982336,0.0,0.0,0.0,0.0,10.333333333333334,10.333333333333334,674.0,683.0
1233,systemwide,62.7,5184225280,0.0,55.666666666666664,0.0,1934677.3333333333,7.666666666666667,7.666666666666667,506.0,506.0
1233,rdr_proxy,66.24433333333333,3936686080,0.0,55.666666666666664,0.0,1893717.3333333333,7.666666666666667,7.666666666666667,506.0,506.0
1236,systemwide,41.4,5182537728,0.0,0.0,0.0,0.0,1.6666666666666667,1.6666666666666667,110.0,123.0
1236,rdr_proxy,45.37296666666666,3935465472,0.0,0.0,0.0,0.0,1.6666666666666667,1.6666666666666667,110.0,123.0
1239,systemwide,42.5,5184593920,0.0,8.666666666666666,0.0,66901.33333333333,8.666666666666666,6.333333333333333,572.0,442.3333333333333
1239,rdr_proxy,48.0836,3937763328,0.0,8.0,0.0,43690.666666666664,8.666666666666666,6.333333333333333,572.0,442.3333333333333
1242,systemwide,38.9,5185048576,0.0,19.0,0.0,282624.0,9.333333333333334,9.333333333333334,616.0,697.0
1242,rdr_proxy,44.2206,3938824192,0.0,19.333333333333332,0.0,282624.0,9.333333333333334,9.333333333333334,616.0,697.0
1245,systemwide,43.5,5198516224,0.0,0.6666666666666666,0.0,28672.0,4.666666666666667,2.6666666666666665,355.6666666666667,176.0
1245,rdr_proxy,46.162800000000004,3937734656,0.0,0.0,0.0,0.0,4.666666666666667,2.6666666666666665,355.6666666666667,176.0
1248,systemwide,49.3,5201973248,0.0,32.333333333333336,0.0,146090.66666666666,1.6666666666666667,1.0,253.0,90.33333333333333
1248,rdr_proxy,53.805366666666664,3944927232,0.0,5.333333333333333,0.0,32768.0,1.6666666666666667,1.0,253.0,90.33333333333333
1251,systemwide,56.5,5231808512,0.0,0.6666666666666666,0.0,36864.0,20.333333333333332,24.0,19512.0,20404.666666666668
1251,rdr_proxy,58.00266666666667,3980062720,0.0,0.0,0.0,0.0,20.333333333333332,22.666666666666668,19512.0,20316.666666666668
1254,systemwide,43.0,5205393408,0.0,11.666666666666666,0.0,152917.33333333334,66.33333333333333,63.666666666666664,67999.0,74935.33333333333
1254,rdr_proxy,51.4826,3952820224,0.0,11.0,0.0,70997.33333333333,66.33333333333333,60.0,67999.0,74693.33333333333
1257,systemwide,42.0,5211308032,0.0,21.0,0.0,96938.66666666667,2.6666666666666665,3.3333333333333335,168.0,278.3333333333333
1257,rdr_proxy,44.3474,3959230464,0.0,0.0,0.0,0.0,2.6666666666666665,3.3333333333333335,168.0,278.3333333333333
1260,systemwide,39.0,5203247104,0.0,2.6666666666666665,0.0,60074.666666666664,12.0,8.333333333333334,792.0,574.3333333333334
1260,rdr_proxy,44.422866666666664,3959869440,0.0,1.6666666666666667,0.0,8192.0,12.0,8.333333333333334,792.0,574.3333333333334
1263,systemwide,38.0,5202653184,0.0,40.666666666666664,0.0,596650.6666666666,22.333333333333332,20.666666666666668,3227.0,2762.3333333333335
1263,rdr_proxy,44.70616666666667,3959463936,0.0,41.0,0.0,569344.0,22.333333333333332,20.666666666666668,3227.0,2762.3333333333335
1266,systemwide,43.5,5200539648,0.0,0.6666666666666666,0.0,49152.0,12.666666666666666,11.333333333333334,836.0,744.0
1266,rdr_proxy,42.61893333333334,3957788672,0.0,0.0,0.0,0.0,12.666666666666666,11.333333333333334,836.0,744.0
1269,systemwide,41.5,5202587648,0.0,7.666666666666667,0.0,96938.66666666667,0.6666666666666666,0.6666666666666666,44.0,62.666666666666664
1269,rdr_proxy,46.39943333333333,3960995840,0.0,8.0,0.0,96938.66666666667,0.6666666666666666,0.6666666666666666,44.0,62.666666666666664
1272,systemwide,39.9,5204713472,0.0,0.6666666666666666,0.0,19114.666666666668,11.0,10.333333333333334,726.0,682.0
1272,rdr_proxy,42.81803333333334,3962806272,0.0,0.0,0.0,0.0,11.0,10.333333333333334,726.0,682.0
1275,systemwide,39.9,5205692416,0.0,5.0,0.0,31402.666666666668,11.0,12.666666666666666,718.0,913.3333333333334
1275,rdr_proxy,43.25303333333333,3964788736,0.0,4.666666666666667,0.0,27306.666666666668,11.0,12.666666666666666,718.0,913.3333333333334
1278,systemwide,53.2,5218197504,0.0,11.333333333333334,0.0,121514.66666666667,15.0,24.0,998.0,1811.3333333333333
1278,rdr_proxy,59.431900000000006,3976380416,0.0,10.0,0.0,87381.33333333333,15.0,24.333333333333332,998.0,1833.3333333333333
1281,systemwide,60.699999999999996,5277310976,0.0,16.666666666666668,0.0,140629.33333333334,71.66666666666667,78.33333333333333,86523.33333333333,94880.33333333333
1281,rdr_proxy,67.15453333333333,4017946624,0.0,0.0,0.0,0.0,71.66666666666667,74.33333333333333,86523.33333333333,94616.33333333333
1284,systemwide,59.9,5234851840,0.0,20.0,0.0,972117.3333333334,13.333333333333334,16.0,876.0,1185.3333333333333
1284,rdr_proxy,64.3822,3988099072,0.0,21.0,0.0,972117.3333333334,13.333333333333334,16.0,876.0,1185.3333333333333
1287,systemwide,44.0,5235834880,0.0,0.6666666666666666,0.0,46421.333333333336,14.333333333333334,14.666666666666666,946.0,1123.0
1287,rdr_proxy,48.52113333333333,3990532096,0.0,0.0,0.0,0.0,14.333333333333334,14.666666666666666,946.0,1123.0
1290,systemwide,43.2,5235318784,0.0,8.0,0.0,92842.66666666667,12.333333333333334,11.666666666666666,814.0,900.0
1290,rdr_proxy,45.312666666666665,3991695360,0.0,6.666666666666667,0.0,51882.666666666664,12.333333333333334,11.666666666666666,814.0,900.0
1293,systemwide,43.2,5234073600,0.0,44.0,0.0,554325.3333333334,2.0,3.0,132.0,260.0
1293,rdr_proxy,48.62563333333333,3988852736,0.0,43.666666666666664,0.0,548864.0,2.0,3.0,132.0,260.0
1296,systemwide,40.8,5235257344,0.0,0.6666666666666666,0.0,51882.666666666664,7.333333333333333,6.0,476.0,388.0
1296,rdr_proxy,44.49473333333333,3989524480,0.0,0.0,0.0,0.0,7.333333333333333,6.0,476.0,388.0
1299,systemwide,57.1,5230559232,0.0,4.0,0.0,77824.0,7.333333333333333,7.0,484.0,487.0
1299,rdr_proxy,61.406299999999995,3989000192,0.0,3.6666666666666665,0.0,42325.333333333336,7.333333333333333,7.0,484.0,487.0
1302,systemwide,45.5,5231435776,0.0,0.0,0.0,0.0,1.0,1.3333333333333333,66.0,113.0
1302,rdr_proxy,50.22976666666667,3990556672,0.0,0.0,0.0,0.0,1.0,1.3333333333333333,66.0,113.0
1305,systemwide,48.9,5240557568,0.0,9.666666666666666,0.0,135168.0,8.0,4.333333333333333,528.0,286.0
1305,rdr_proxy,50.7104,3992625152,0.0,9.0,0.0,109226.66666666667,8.0,4.333333333333333,528.0,286.0
1308,systemwide,47.2,5245370368,0.0,0.0,0.0,0.0,16.333333333333332,14.0,1078.0,924.0
1308,rdr_proxy,53.93293333333333,4004712448,0.0,0.0,0.0,0.0,16.333333333333332,14.0,1078.0,924.0
1311,systemwide,47.7,5277175808,0.0,61.0,0.0,1806336.0,9.333333333333334,9.666666666666666,616.0,758.3333333333334
1311,rdr_proxy,49.56216666666666,4024631296,0.0,17.0,0.0,1559210.6666666667,9.333333333333334,10.0,616.0,781.6666666666666
1314,systemwide,61.4,5298126848,0.0,12.666666666666666,0.0,550229.3333333334,16.666666666666668,17.333333333333332,3652.0,4365.333333333333
1314,rdr_proxy,66.41493333333334,4042780672,0.0,12.666666666666666,0.0,550229.3333333334,16.666666666666668,17.333333333333332,3652.0,4365.333333333333
1317,systemwide,105.3,5325885440,0.0,0.6666666666666666,0.0,87381.33333333333,188.33333333333334,286.0,367200.3333333333,378301.6666666667
1317,rdr_proxy,112.51530000000001,4121403392,0.0,0.0,0.0,0.0,188.33333333333334,285.6666666666667,367200.3333333333,378279.6666666667
1320,systemwide,102.2,5370273792,0.0,8.666666666666666,0.0,125610.66666666667,155.0,261.3333333333333,210758.0,275556.6666666667
1320,rdr_proxy,109.52516666666666,4183105536,0.0,8.0,0.0,49152.0,155.0,260.6666666666667,210758.0,275512.6666666667
1323,systemwide,51.5,5357686784,0.0,1.0,0.0,65536.0,8.333333333333334,8.333333333333334,550.0,546.0
1323,rdr_proxy,54.67850000000001,4151930880,0.0,0.3333333333333333,0.0,9557.333333333334,8.333333333333334,8.333333333333334,550.0,546.0
1326,systemwide,260.2,5704114176,0.0,41.0,0.0,658090.6666666666,1589.0,9678.333333333334,7308965.0,21521136.0
1326,rdr_proxy,261.1186,4453781504,0.0,41.0,0.0,653994.6666666666,1589.0,9668.666666666666,7308965.0,21520498.0
1329,systemwide,221.6,5680463872,0.0,176.0,0.0,17171797.333333332,484.6666666666667,638.0,14672683.666666666,1265833.3333333333
1329,rdr_proxy,225.54846666666666,4477759488,0.0,188.33333333333334,0.0,17018880.0,484.6666666666667,600.0,14672683.666666666,1263330.6666666667
1332,systemwide,74.5,5675491328,0.0,0.0,0.0,0.0,13.0,15.333333333333334,1435.3333333333333,4079.0
1332,rdr_proxy,81.46436666666666,4475904000,0.0,0.0,0.0,0.0,13.0,14.666666666666666,1435.3333333333333,4029.6666666666665
1335,systemwide,76.0,5672017920,0.0,2.0,0.0,165205.33333333334,2.3333333333333335,0.6666666666666666,154.0,44.0
1335,rdr_proxy,82.65453333333333,4473790464,0.0,0.3333333333333333,0.0,9557.333333333334,2.3333333333333335,0.6666666666666666,154.0,44.0
1338,systemwide,64.3,5416226816,0.0,0.0,0.0,0.0,10.333333333333334,11.333333333333334,2372.6666666666665,3851.3333333333335
1338,rdr_proxy,69.71776666666666,4144934912,0.0,0.0,0.0,0.0,10.333333333333334,11.333333333333334,2372.6666666666665,3851.3333333333335
1341,systemwide,55.1,5423362048,0.0,1.0,0.0,161109.33333333334,15.0,14.666666666666666,3195.0,6259.333333333333
1341,rdr_proxy,58.288900000000005,4169539584,0.0,0.0,0.0,0.0,15.0,14.333333333333334,3195.0,6237.333333333333
1344,systemwide,258.9,5565947904,0.0,0.0,0.0,0.0,535.0,1093.3333333333333,1740742.3333333333,1789328.3333333333
1344,rdr_proxy,267.7995,4375007232,0.0,0.0,0.0,0.0,535.0,1011.3333333333334,1740742.3333333333,1783924.3333333333
1347,systemwide,396.90000000000003,5805928448,0.0,31.666666666666668,0.0,285354.6666666667,750.0,1096.6666666666667,2589519.3333333335,2421972.6666666665
1347,rdr_proxy,405.05150000000003,4617953280,0.0,0.0,0.0,0.0,750.0,1015.6666666666666,2589519.3333333335,2417121.3333333335
1350,systemwide,282.3,5933838336,0.0,0.6666666666666666,0.0,73728.0,281.6666666666667,560.0,1037733.3333333334,1044316.6666666666
1350,rdr_proxy,291.21340000000004,4750430208,0.0,0.0,0.0,0.0,281.6666666666667,417.6666666666667,1037733.3333333334,1034440.0
1353,systemwide,351.9,6187458560,0.0,204.66666666666666,0.0,18411520.0,582.3333333333334,1374.0,2511866.3333333335,2544108.0
1353,rdr_proxy,359.25113333333337,5014319104,0.0,213.33333333333334,0.0,18381482.666666668,583.3333333333334,1348.3333333333333,2512938.3333333335,2544874.3333333335
1356,systemwide,349.6,5987319808,0.0,1.6666666666666667,0.0,181589.33333333334,737.3333333333334,1077.3333333333333,2085932.0,1943881.3333333333
1356,rdr_proxy,358.74516666666665,4814422016,0.0,0.0,0.0,0.0,736.3333333333334,1036.6666666666667,2084860.0,1938737.0
1359,systemwide,114.8,5825527808,0.0,0.0,0.0,0.0,27.666666666666668,54.333333333333336,55697.333333333336,57842.666666666664
1359,rdr_proxy,122.08113333333334,4584591360,0.0,0.0,0.0,0.0,27.666666666666668,54.333333333333336,55697.333333333336,57842.666666666664
1362,systemwide,82.5,5808480256,0.0,2.0,0.0,139264.0,31.0,82.66666666666667,54156.0,90063.66666666667
1362,rdr_proxy,91.6006,4599889920,0.0,0.6666666666666666,0.0,10922.666666666666,31.0,82.66666666666667,54156.0,90063.66666666667
1365,systemwide,250.7,5829156864,0.0,0.0,0.0,0.0,610.6666666666666,1034.0,1633838.0,1561883.0
1365,rdr_proxy,256.87056666666666,4651167744,0.0,0.0,0.0,0.0,610.6666666666666,964.6666666666666,1633838.0,1557307.0
1368,systemwide,311.4,6022799360,0.0,0.6666666666666666,0.0,128341.33333333333,461.6666666666667,670.6666666666666,1698187.3333333333,1709362.0
1368,rdr_proxy,319.2094333333333,4876214272,0.0,0.0,0.0,0.0,461.6666666666667,632.6666666666666,1698187.3333333333,1706854.0
1371,systemwide,336.1,6257307648,0.0,206.0,0.0,24414890.666666668,455.3333333333333,863.6666666666666,1336009.0,2164535.0
1371,rdr_proxy,343.49046666666663,5103071232,0.0,228.0,0.0,24301568.0,455.3333333333333,702.3333333333334,1336009.0,2153887.0
1374,systemwide,449.7,6383042560,0.0,1.3333333333333333,0.0,454656.0,775.3333333333334,1365.0,2722832.6666666665,1953785.0
1374,rdr_proxy,458.9029666666667,5238345728,0.0,0.3333333333333333,0.0,9557.333333333334,775.3333333333334,1079.3333333333333,2722832.6666666665,1934935.0
1377,systemwide,827.6,6753206272,0.0,0.0,0.0,0.0,1450.3333333333333,2512.0,5655344.0,6673896.666666667
1377,rdr_proxy,835.4916,5657829376,0.0,0.0,0.0,0.0,1450.3333333333333,2198.6666666666665,5655344.0,6653244.666666667
1380,systemwide,295.4,6619856896,0.0,22.666666666666668,0.0,258048.0,323.3333333333333,421.0,1345488.0,635478.3333333334
1380,rdr_proxy,307.5724333333333,5519740928,0.0,0.0,0.0,0.0,323.6666666666667,413.0,1345510.0,634950.3333333334
1383,systemwide,188.6,6401028096,0.0,0.6666666666666666,0.0,141994.66666666666,331.3333333333333,571.6666666666666,920686.3333333334,1103144.3333333333
1383,rdr_proxy,199.1748,5316886528,0.0,0.0,0.0,0.0,331.0,480.6666666666667,920664.3333333334,1097138.3333333333
1386,systemwide,133.7,5796376576,0.0,1.3333333333333333,0.0,84650.66666666667,44.333333333333336,70.66666666666667,8284.666666666666,65227.333333333336
1386,rdr_proxy,142.96333333333334,4623540224,0.0,0.3333333333333333,0.0,9557.333333333334,44.333333333333336,70.33333333333333,8284.666666666666,65205.333333333336
1389,systemwide,54.9,5775859712,0.0,0.3333333333333333,0.0,5461.333333333333,6.333333333333333,5.666666666666667,418.0,350.0
1389,rdr_proxy,55.4244,4605251584,0.0,0.0,0.0,0.0,6.333333333333333,5.666666666666667,418.0,350.0
1392,systemwide,44.8,5698777088,0.0,0.6666666666666666,0.0,131072.0,9.0,9.666666666666666,2770.6666666666665,3993.0
1392,rdr_proxy,49.36216666666667,4512727040,0.0,0.0,0.0,0.0,9.0,9.333333333333334,2770.6666666666665,3971.0
1395,systemwide,51.6,5564641280,0.0,0.3333333333333333,0.0,1365.3333333333333,33.333333333333336,32.333333333333336,4290.0,7363.0
1395,rdr_proxy,57.086800000000004,4368588800,0.0,0.0,0.0,0.0,33.333333333333336,32.333333333333336,4290.0,7363.0
1398,systemwide,231.70000000000002,5718376448,0.0,0.6666666666666666,0.0,135168.0,509.3333333333333,1096.3333333333333,1438562.3333333333,1392379.3333333333
1398,rdr_proxy,237.9553,4538392576,0.0,0.0,0.0,0.0,509.3333333333333,1064.3333333333333,1438562.3333333333,1390267.3333333333
1401,systemwide,50.9,5747875840,0.0,0.6666666666666666,0.0,72362.66666666667,26.0,27.0,1708.0,1798.0
1401,rdr_proxy,55.46786666666667,4560068608,0.0,0.0,0.0,0.0,26.0,27.0,1708.0,1798.0
1404,systemwide,46.0,5730217984,0.0,115.33333333333333,0.0,1443157.3333333333,2.3333333333333335,2.6666666666666665,154.0,232.66666666666666
1404,rdr_proxy,51.726733333333335,4542640128,0.0,116.33333333333333,0.0,1291605.3333333333,2.3333333333333335,2.6666666666666665,154.0,232.66666666666666
1407,systemwide,72.7,5581234176,0.0,48.333333333333336,0.0,841045.3333333334,43.333333333333336,69.66666666666667,7095.333333333333,64729.333333333336
1407,rdr_proxy,76.19513333333333,4383731712,0.0,51.666666666666664,0.0,775509.3333333334,43.333333333333336,69.0,7095.333333333333,64685.333333333336
1410,systemwide,43.3,5586358272,0.0,0.6666666666666666,0.0,102400.0,10.333333333333334,11.0,682.0,776.0
1410,rdr_proxy,49.120866666666664,4384174080,0.0,0.0,0.0,0.0,10.333333333333334,11.0,682.0,776.0
1413,systemwide,134.8,5703651328,0.0,4.666666666666667,0.0,398677.3333333333,232.33333333333334,366.3333333333333,384329.3333333333,1003492.3333333334
1413,rdr_proxy,141.39123333333333,4497481728,0.0,5.666666666666667,0.0,398677.3333333333,232.33333333333334,366.3333333333333,384329.3333333333,1003492.3333333334
1416,systemwide,117.7,5734387712,0.0,0.6666666666666666,0.0,103765.33333333333,99.0,136.33333333333334,110549.33333333333,182630.33333333334
1416,rdr_proxy,121.11793333333333,4541612032,0.0,0.0,0.0,0.0,99.0,136.33333333333334,110549.33333333333,182630.33333333334
1419,systemwide,44.5,5729886208,0.0,1.3333333333333333,0.0,16384.0,27.0,24.0,1782.0,1584.0
1419,rdr_proxy,51.13126666666667,4541243392,0.0,1.3333333333333333,0.0,16384.0,27.0,24.0,1782.0,1584.0
1422,systemwide,55.300000000000004,5685768192,0.0,1.0,0.0,35498.666666666664,53.666666666666664,45.0,13398.0,5835.333333333333
1422,rdr_proxy,62.587700000000005,4482875392,0.0,0.0,0.0,0.0,53.666666666666664,45.0,13398.0,5835.333333333333
1425,systemwide,91.9,5619220480,0.0,1.0,0.0,65536.0,80.0,132.33333333333334,155416.33333333334,223649.33333333334
1425,rdr_proxy,93.4269,4409274368,0.0,0.3333333333333333,0.0,9557.333333333334,80.0,132.0,155416.33333333334,223627.33333333334
1428,systemwide,187.6,5754167296,0.0,141.66666666666666,0.0,8982528.0,356.0,619.3333333333334,661148.6666666666,746678.0
1428,rdr_proxy,196.64233333333334,4585918464,0.0,148.33333333333334,0.0,8876032.0,356.0,614.6666666666666,661148.6666666666,746370.0
1431,systemwide,81.6,5801934848,0.0,0.0,0.0,0.0,71.66666666666667,83.0,50407.333333333336,62658.666666666664
1431,rdr_proxy,86.4495,4619231232,0.0,0.0,0.0,0.0,71.66666666666667,83.0,50407.333333333336,62658.666666666664
1434,systemwide,47.7,5785260032,0.0,1.6666666666666667,0.0,137898.66666666666,10.666666666666666,12.333333333333334,704.0,971.6666666666666
1434,rdr_proxy,53.66646666666667,4600422400,0.0,0.3333333333333333,0.0,9557.333333333334,10.666666666666666,12.333333333333334,704.0,971.6666666666666
1437,systemwide,48.800000000000004,5685882880,0.0,0.6666666666666666,0.0,45056.0,6.333333333333333,7.333333333333333,1338.3333333333333,3341.0
1437,rdr_proxy,54.762,4484743168,0.0,0.0,0.0,0.0,6.333333333333333,7.333333333333333,1338.3333333333333,3341.0
1440,systemwide,66.5,5658509312,0.0,0.6666666666666666,0.0,98304.0,29.666666666666668,28.0,1942.0,1983.3333333333333
1440,rdr_proxy,71.11953333333334,4458700800,0.0,0.0,0.0,0.0,29.666666666666668,28.0,1942.0,1983.3333333333333
1443,systemwide,44.1,5649903616,0.0,32.666666666666664,0.0,199338.66666666666,27.333333333333332,27.0,1788.0,1918.0
1443,rdr_proxy,46.82973333333334,4455219200,0.0,0.0,0.0,0.0,27.333333333333332,27.0,1788.0,1918.0
1446,systemwide,42.0,5644996608,0.0,0.0,0.0,0.0,24.0,27.333333333333332,1584.0,1908.3333333333333
1446,rdr_proxy,48.504933333333334,4455596032,0.0,0.0,0.0,0.0,24.0,27.333333333333332,1584.0,1908.3333333333333
1449,systemwide,52.800000000000004,5638754304,0.0,0.6666666666666666,0.0,12288.0,2.0,3.6666666666666665,132.0,307.3333333333333
1449,rdr_proxy,52.439099999999996,4455641088,0.0,0.0,0.0,0.0,2.0,3.6666666666666665,132.0,307.3333333333333
1452,systemwide,44.1,5637857280,0.0,0.3333333333333333,0.0,5461.333333333333,11.0,11.666666666666666,718.0,787.0
1452,rdr_proxy,47.51,4457590784,0.0,0.0,0.0,0.0,11.0,11.666666666666666,718.0,787.0
1455,systemwide,46.0,5638930432,0.0,1.3333333333333333,0.0,25941.333333333332,10.0,10.333333333333334,660.0,721.6666666666666
1455,rdr_proxy,48.882,4460212224,0.0,0.0,0.0,0.0,10.0,10.333333333333334,660.0,721.6666666666666
1458,systemwide,42.3,5648171008,0.0,100.33333333333333,0.0,5453141.333333333,13.666666666666666,11.666666666666666,902.0,770.0
1458,rdr_proxy,46.076766666666664,4469829632,0.0,107.0,0.0,5451776.0,13.666666666666666,11.666666666666666,902.0,770.0
1461,systemwide,47.4,5679861760,0.0,0.6666666666666666,0.0,51882.666666666664,0.6666666666666666,2.0,44.0,132.0
1461,rdr_proxy,51.9022,4492296192,0.0,0.0,0.0,0.0,0.6666666666666666,2.0,44.0,132.0
1464,systemwide,50.1,5663457280,0.0,37.0,0.0,607573.3333333334,27.333333333333332,24.666666666666668,1804.0,1652.3333333333333
1464,rdr_proxy,52.51243333333333,4484628480,0.0,36.666666666666664,0.0,573440.0,27.333333333333332,24.666666666666668,1804.0,1652.3333333333333
1467,systemwide,48.9,5622145024,0.0,0.0,0.0,0.0,30.333333333333332,31.0,2002.0,2102.3333333333335
1467,rdr_proxy,53.641999999999996,4441108480,0.0,0.0,0.0,0.0,30.333333333333332,31.0,2002.0,2102.3333333333335
1470,systemwide,50.1,5578944512,0.0,6.666666666666667,0.0,129706.66666666667,0.6666666666666666,0.6666666666666666,44.0,40.0
1470,rdr_proxy,52.94186666666667,4387016704,0.0,6.0,0.0,35498.666666666664,0.6666666666666666,0.6666666666666666,44.0,40.0
1473,systemwide,51.3,5575991296,0.0,0.0,0.0,0.0,21.333333333333332,21.0,1400.0,1374.0
1473,rdr_proxy,54.515433333333334,4384010240,0.0,0.0,0.0,0.0,21.333333333333332,21.0,1400.0,1374.0
1476,systemwide,52.0,5576462336,0.0,0.6666666666666666,0.0,42325.333333333336,13.0,12.666666666666666,854.0,860.3333333333334
1476,rdr_proxy,53.53263333333334,4384559104,0.0,0.0,0.0,0.0,13.0,12.666666666666666,854.0,860.3333333333334
1479,systemwide,53.8,5577031680,0.0,0.3333333333333333,0.0,2730.6666666666665,5.333333333333333,4.666666666666667,352.0,328.3333333333333
1479,rdr_proxy,55.75763333333333,4385345536,0.0,0.3333333333333333,0.0,2730.6666666666665,5.333333333333333,4.666666666666667,352.0,328.3333333333333
1482,systemwide,48.9,5578293248,0.0,0.6666666666666666,0.0,20480.0,0.6666666666666666,0.6666666666666666,44.0,44.0
1482,rdr_proxy,50.9787,4386242560,0.0,0.0,0.0,0.0,0.6666666666666666,0.6666666666666666,44.0,44.0
1485,systemwide,85.2,5596835840,0.0,0.3333333333333333,0.0,4096.0,24.333333333333332,22.666666666666668,1653.6666666666667,1510.6666666666667
1485,rdr_proxy,86.28046666666667,4383309824,0.0,0.0,0.0,0.0,24.333333333333332,22.666666666666668,1653.6666666666667,1510.6666666666667
1488,systemwide,46.800000000000004,5607030784,0.0,0.6666666666666666,0.0,35498.666666666664,20.0,18.0,1463.0,1188.0
1488,rdr_proxy,51.24033333333333,4392841216,0.0,0.0,0.0,0.0,20.0,18.0,1463.0,1188.0
1491,systemwide,51.7,5626679296,0.0,48.333333333333336,0.0,599381.3333333334,20.333333333333332,21.0,1342.0,1436.0
1491,rdr_proxy,56.04566666666667,4409417728,0.0,49.0,0.0,599381.3333333334,20.333333333333332,21.0,1342.0,1436.0
1494,systemwide,58.8,5600321536,0.0,39.666666666666664,0.0,245760.0,1.3333333333333333,1.6666666666666667,88.0,131.0
1494,rdr_proxy,60.64676666666667,4379938816,0.0,40.0,0.0,196608.0,1.3333333333333333,1.6666666666666667,88.0,131.0
1497,systemwide,50.7,5618675712,0.0,0.6666666666666666,0.0,45056.0,14.0,15.0,916.0,1052.3333333333333
1497,rdr_proxy,53.185966666666666,4401315840,0.0,0.0,0.0,0.0,14.0,15.0,916.0,1052.3333333333333
1500,systemwide,57.0,5600944128,0.0,27.333333333333332,0.0,166570.66666666666,6.666666666666667,7.333333333333333,440.0,505.0
1500,rdr_proxy,58.484199999999994,4395896832,0.0,27.333333333333332,0.0,166570.66666666666,6.666666666666667,7.333333333333333,440.0,505.0
1503,systemwide,84.1,5634686976,0.0,21.0,0.0,181589.33333333334,86.66666666666667,142.33333333333334,700952.0,699395.0
1503,rdr_proxy,89.15796666666667,4448878592,0.0,0.0,0.0,0.0,86.66666666666667,112.0,700952.0,697393.0
1506,systemwide,44.6,5626122240,0.0,10.333333333333334,0.0,66901.33333333333,0.3333333333333333,2.6666666666666665,14.0,168.0
1506,rdr_proxy,48.44676666666667,4437434368,0.0,10.333333333333334,0.0,66901.33333333333,0.3333333333333333,2.6666666666666665,14.0,168.0
1509,systemwide,54.5,5630590976,0.0,0.6666666666666666,0.0,62805.333333333336,25.0,22.666666666666668,1650.0,1536.6666666666667
1509,rdr_proxy,52.93333333333334,4435992576,0.0,0.0,0.0,0.0,25.0,22.666666666666668,1650.0,1536.6666666666667
1512,systemwide,46.8,5605908480,0.0,6.0,0.0,125610.66666666667,31.0,30.333333333333332,2046.0,2002.0
1512,rdr_proxy,51.13373333333333,4384657408,0.0,4.666666666666667,0.0,31402.666666666668,31.0,30.333333333333332,2046.0,2002.0
1515,systemwide,49.7,5605806080,0.0,0.6666666666666666,0.0,5461.333333333333,0.3333333333333333,0.3333333333333333,22.0,46.333333333333336
1515,rdr_proxy,51.270633333333336,4388179968,0.0,0.6666666666666666,0.0,5461.333333333333,0.3333333333333333,0.3333333333333333,22.0,46.333333333333336
1518,systemwide,46.0,5613260800,0.0,1.6666666666666667,0.0,55978.666666666664,19.666666666666668,19.666666666666668,1290.0,1286.0
1518,rdr_proxy,49.9529,4395388928,0.0,0.0,0.0,0.0,19.666666666666668,19.666666666666668,1290.0,1286.0
1521,systemwide,50.0,5630423040,0.0,47.666666666666664,0.0,748202.6666666666,13.333333333333334,12.666666666666666,880.0,854.6666666666666
1521,rdr_proxy,55.128366666666665,4419047424,0.0,47.666666666666664,0.0,744106.6666666666,13.333333333333334,12.666666666666666,880.0,854.6666666666666
1524,systemwide,49.7,5622099968,0.0,0.6666666666666666,0.0,47786.666666666664,4.666666666666667,4.0,308.0,288.3333333333333
1524,rdr_proxy,51.61813333333333,4411473920,0.0,0.0,0.0,0.0,4.666666666666667,4.0,308.0,288.3333333333333
1527,systemwide,48.0,5606506496,0.0,8.0,0.0,79189.33333333333,0.6666666666666666,0.6666666666666666,44.0,68.33333333333333
1527,rdr_proxy,51.115199999999994,4395524096,0.0,7.333333333333333,0.0,47786.666666666664,0.6666666666666666,0.6666666666666666,44.0,68.33333333333333
1530,systemwide,48.1,5609582592,0.0,37.333333333333336,0.0,197973.33333333334,24.666666666666668,23.333333333333332,1628.0,1625.3333333333333
1530,rdr_proxy,52.375,4397953024,0.0,39.333333333333336,0.0,197973.33333333334,24.666666666666668,23.333333333333332,1628.0,1625.3333333333333
1533,systemwide,60.3,5607723008,0.0,0.6666666666666666,0.0,30037.333333333332,16.333333333333332,15.333333333333334,1078.0,1000.0
1533,rdr_proxy,64.0405,4392968192,0.0,0.0,0.0,0.0,16.333333333333332,15.333333333333334,1078.0,1000.0
1536,systemwide,59.1,5602684928,0.0,21.0,0.0,1245184.0,23.333333333333332,23.0,1540.0,1585.3333333333333
1536,rdr_proxy,63.74113333333333,4390670336,0.0,21.333333333333332,0.0,1245184.0,23.333333333333332,23.0,1540.0,1585.3333333333333
1539,systemwide,52.5,5600948224,0.0,0.6666666666666666,0.0,35498.666666666664,1.3333333333333333,1.6666666666666667,80.0,139.33333333333334
1539,rdr_proxy,56.314099999999996,4389892096,0.0,0.0,0.0,0.0,1.3333333333333333,1.6666666666666667,80.0,139.33333333333334
1542,systemwide,47.9,5601230848,0.0,10.0,0.0,55978.666666666664,7.0,7.0,462.0,454.0
1542,rdr_proxy,52.0351,4390580224,0.0,10.0,0.0,55978.666666666664,7.0,7.0,462.0,454.0
1545,systemwide,65.5,5621583872,0.0,6.666666666666667,0.0,58709.333333333336,11.666666666666666,11.666666666666666,770.0,813.0
1545,rdr_proxy,66.25446666666666,4387504128,0.0,6.0,0.0,35498.666666666664,11.666666666666666,11.666666666666666,770.0,813.0
1548,systemwide,52.800000000000004,5627777024,0.0,0.6666666666666666,0.0,8192.0,11.333333333333334,10.666666666666666,748.0,728.3333333333334
1548,rdr_proxy,57.80846666666667,4395003904,0.0,0.0,0.0,0.0,11.333333333333334,10.666666666666666,748.0,728.3333333333334
1551,systemwide,54.7,5649514496,0.0,38.333333333333336,0.0,496981.3333333333,3.0,3.3333333333333335,198.0,251.66666666666666
1551,rdr_proxy,56.1016,4415094784,0.0,37.666666666666664,0.0,446464.0,3.0,3.3333333333333335,198.0,251.66666666666666
1554,systemwide,50.2,5641506816,0.0,0.6666666666666666,0.0,72362.66666666667,27.333333333333332,26.666666666666668,2777.0,3894.6666666666665
1554,rdr_proxy,55.15613333333334,4409942016,0.0,0.0,0.0,0.0,27.333333333333332,26.666666666666668,2777.0,3894.6666666666665
1557,systemwide,64.0,5638438912,0.0,9.0,0.0,76458.66666666667,99.33333333333333,153.66666666666666,104006.33333333333,102041.33333333333
1557,rdr_proxy,69.72323333333334,4415565824,0.0,9.0,0.0,76458.66666666667,99.33333333333333,154.0,104006.33333333333,102063.33333333333
1560,systemwide,242.5,5783171072,0.0,0.6666666666666666,0.0,92842.66666666667,335.0,543.3333333333334,1124804.6666666667,1111415.6666666667
1560,rdr_proxy,248.2775,4551450624,0.0,0.0,0.0,0.0,335.0,445.3333333333333,1124804.6666666667,1104947.6666666667
1563,systemwide,148.3,5831245824,0.0,24.0,0.0,107861.33333333333,214.66666666666666,264.3333333333333,1078392.6666666667,1116447.6666666667
1563,rdr_proxy,156.34593333333333,4621447168,0.0,2.0,0.0,9557.333333333334,214.66666666666666,261.0,1078392.6666666667,1116227.6666666667
1566,systemwide,72.8,5831225344,0.0,40.666666666666664,0.0,322218.6666666667,17.0,22.333333333333332,1122.0,1651.0
1566,rdr_proxy,78.18406666666667,4623540224,0.0,45.0,0.0,195242.66666666666,17.0,22.333333333333332,1122.0,1651.0
1569,systemwide,74.3,5646852096,0.0,1.0,0.0,31402.666666666668,13.666666666666666,18.0,898.0,1482.6666666666667
1569,rdr_proxy,80.59743333333334,4416700416,0.0,0.3333333333333333,0.0,9557.333333333334,13.666666666666666,18.0,898.0,1482.6666666666667
1572,systemwide,44.7,5642280960,0.0,6.666666666666667,0.0,101034.66666666667,1.3333333333333333,1.3333333333333333,88.0,136.66666666666666
1572,rdr_proxy,47.99283333333333,4416458752,0.0,6.333333333333333,0.0,42325.333333333336,1.3333333333333333,1.3333333333333333,88.0,136.66666666666666
1575,systemwide,60.4,5638782976,0.0,0.0,0.0,0.0,23.0,21.666666666666668,1518.0,1491.6666666666667
1575,rdr_proxy,58.014466666666664,4417818624,0.0,0.0,0.0,0.0,23.0,21.666666666666668,1518.0,1491.6666666666667
1578,systemwide,55.9,5644853248,0.0,16.666666666666668,0.0,116053.33333333333,14.666666666666666,13.666666666666666,968.0,902.0
1578,rdr_proxy,56.66716666666667,4426440704,0.0,16.0,0.0,91477.33333333333,14.666666666666666,13.666666666666666,968.0,902.0
1581,systemwide,55.2,5656432640,0.0,59.333333333333336,0.0,886101.3333333334,21.0,21.0,1386.0,1395.0
1581,rdr_proxy,58.4546,4447969280,0.0,58.666666666666664,0.0,851968.0,21.0,21.0,1386.0,1395.0
1584,systemwide,55.1,5650022400,0.0,0.6666666666666666,0.0,54613.333333333336,9.0,13.666666666666666,3175.6666666666665,3146.0
1584,rdr_proxy,54.72453333333333,4440326144,0.0,0.0,0.0,0.0,9.0,13.666666666666666,3175.6666666666665,3146.0
1587,systemwide,74.8,5630513152,0.0,15.333333333333334,0.0,113322.66666666667,25.0,41.333333333333336,3725.6666666666665,8377.333333333334
1587,rdr_proxy,82.352,4432355328,0.0,15.333333333333334,0.0,113322.66666666667,25.0,41.0,3725.6666666666665,8355.333333333334
1590,systemwide,94.5,5681168384,0.0,3.0,0.0,114688.0,207.0,1043.0,311918.0,1071409.0
1590,rdr_proxy,97.7659,4488814592,0.0,0.0,0.0,0.0,207.0,1037.3333333333333,311918.0,1071035.0
1593,systemwide,300.2,5826433024,0.0,31.333333333333332,0.0,248490.66666666666,501.6666666666667,599.6666666666666,1759031.6666666667,1888524.3333333333
1593,rdr_proxy,305.63033333333334,4692398080,0.0,31.666666666666668,0.0,248490.66666666666,501.6666666666667,545.0,1759031.6666666667,1884936.3333333333
1596,systemwide,239.1,5927559168,0.0,1.0,0.0,170666.66666666666,431.6666666666667,976.3333333333334,2171293.6666666665,1111390.6666666667
1596,rdr_proxy,250.48866666666666,4809007104,0.0,0.3333333333333333,0.0,9557.333333333334,431.6666666666667,958.3333333333334,2171293.6666666665,1110202.6666666667
1599,systemwide,140.5,5973307392,0.0,217.0,0.0,21431637.333333332,217.66666666666666,253.0,309619.3333333333,267725.0
1599,rdr_proxy,143.52933333333334,4839432192,0.0,230.0,0.0,21431637.333333332,217.66666666666666,250.33333333333334,309619.3333333333,267549.0
1602,systemwide,105.3,5780078592,0.0,2.0,0.0,505173.3333333333,56.0,121.33333333333333,109113.33333333333,114887.33333333333
1602,rdr_proxy,109.7788,4598591488,0.0,1.0,0.0,371370.6666666667,56.0,121.0,109113.33333333333,114865.33333333333
1605,systemwide,56.6,5653245952,0.0,0.6666666666666666,0.0,109226.66666666667,7.0,8.0,509.6666666666667,745.3333333333334
1605,rdr_proxy,60.2318,4449509376,0.0,0.0,0.0,0.0,7.0,8.0,509.6666666666667,745.3333333333334
1608,systemwide,40.9,5650812928,0.0,0.0,0.0,0.0,37.0,44.666666666666664,2585.0,3225.0
1608,rdr_proxy,45.6368,4456136704,0.0,0.0,0.0,0.0,37.0,44.666666666666664,2585.0,3225.0
1611,systemwide,42.800000000000004,5670326272,0.0,0.6666666666666666,0.0,69632.0,20.0,27.666666666666668,1328.0,2098.6666666666665
1611,rdr_proxy,49.137233333333334,4477083648,0.0,0.0,0.0,0.0,20.0,27.666666666666668,1328.0,2098.6666666666665
1614,systemwide,39.3,5660229632,0.0,0.6666666666666666,0.0,91477.33333333333,18.333333333333332,29.0,1215.0,2733.3333333333335
1614,rdr_proxy,44.00356666666667,4468617216,0.0,0.0,0.0,0.0,18.333333333333332,29.0,1215.0,2733.3333333333335
1617,systemwide,42.6,5641310208,0.0,0.6666666666666666,0.0,40960.0,18.333333333333332,36.666666666666664,1226.0,3037.6666666666665
1617,rdr_proxy,45.782000000000004,4453433344,0.0,0.0,0.0,0.0,18.333333333333332,36.666666666666664,1226.0,3037.6666666666665
1620,systemwide,49.3,5649534976,0.0,21.666666666666668,0.0,96938.66666666667,22.333333333333332,28.666666666666668,3949.3333333333335,7340.0
1620,rdr_proxy,56.1516,4462243840,0.0,0.0,0.0,0.0,22.333333333333332,28.0,3949.3333333333335,7296.0
1623,systemwide,44.5,5650382848,0.0,1.0,0.0,90112.0,12.333333333333334,13.0,814.0,1081.0
1623,rdr_proxy,46.99393333333333,4458995712,0.0,0.0,0.0,0.0,12.333333333333334,13.0,814.0,1081.0
1626,systemwide,234.5,5829521408,0.0,0.6666666666666666,0.0,77824.0,505.3333333333333,1363.6666666666667,1757490.3333333333,1809375.6666666667
1626,rdr_proxy,242.55726666666666,4641013760,0.0,0.0,0.0,0.0,505.3333333333333,1340.6666666666667,1757490.3333333333,1807857.6666666667
1629,systemwide,113.5,5835718656,0.0,59.0,0.0,1148245.3333333333,214.33333333333334,245.66666666666666,464245.0,337600.0
1629,rdr_proxy,121.86503333333333,4650233856,0.0,59.666666666666664,0.0,1003520.0,214.33333333333334,235.33333333333334,464245.0,336918.0
1632,systemwide,91.3,5884817408,0.0,61.666666666666664,0.0,320853.3333333333,218.33333333333334,1045.6666666666667,449754.0,1146308.3333333333
1632,rdr_proxy,98.4816,4708605952,0.0,63.666666666666664,0.0,320853.3333333333,218.33333333333334,1040.3333333333333,449754.0,1145956.3333333333
1635,systemwide,316.2,6016585728,0.0,0.6666666666666666,0.0,102400.0,516.3333333333334,628.6666666666666,1830898.0,1036822.6666666666
1635,rdr_proxy,321.24826666666667,4874694656,0.0,0.0,0.0,0.0,516.3333333333334,591.6666666666666,1830898.0,1034380.6666666666
1638,systemwide,181.8,6120833024,0.0,194.0,0.0,24077653.333333332,323.0,865.3333333333334,1288552.3333333333,1260665.3333333333
1638,rdr_proxy,188.72696666666664,5006589952,0.0,206.66666666666666,0.0,24076288.0,323.0,847.3333333333334,1288552.3333333333,1259477.3333333333
1641,systemwide,142.8,6184656896,0.0,0.6666666666666666,0.0,137898.66666666666,215.33333333333334,251.66666666666666,308637.6666666667,264958.6666666667
1641,rdr_proxy,148.32816666666668,5074563072,0.0,0.0,0.0,0.0,215.33333333333334,248.66666666666666,308637.6666666667,264760.6666666667
1644,systemwide,87.2,6020628480,0.0,1.3333333333333333,0.0,96938.66666666667,50.0,115.0,108743.33333333333,114379.0
1644,rdr_proxy,95.24816666666668,4861448192,0.0,0.3333333333333333,0.0,9557.333333333334,50.0,114.66666666666667,108743.33333333333,114357.0
1647,systemwide,48.4,5861064704,0.0,1.0,0.0,225280.0,11.0,12.0,727.3333333333334,836.3333333333334
1647,rdr_proxy,51.02273333333333,4676411392,0.0,0.0,0.0,0.0,11.0,12.0,727.3333333333334,836.3333333333334
1650,systemwide,36.8,5851803648,0.0,0.0,0.0,0.0,0.3333333333333333,0.3333333333333333,22.0,22.0
1650,rdr_proxy,40.98373333333333,4674326528,0.0,0.0,0.0,0.0,0.3333333333333333,0.3333333333333333,22.0,22.0
1653,systemwide,34.300000000000004,5840764928,0.0,0.6666666666666666,0.0,69632.0,17.333333333333332,18.666666666666668,1136.0,1371.3333333333333
1653,rdr_proxy,39.947966666666666,4674174976,0.0,0.0,0.0,0.0,17.333333333333332,18.666666666666668,1136.0,1371.3333333333333
1656,systemwide,64.6,5773660160,0.0,0.0,0.0,0.0,16.666666666666668,16.666666666666668,1111.6666666666667,1694.3333333333333
1656,rdr_proxy,67.27286666666667,4607913984,0.0,0.0,0.0,0.0,16.666666666666668,16.666666666666668,1111.6666666666667,1694.3333333333333
1659,systemwide,42.4,5774778368,0.0,0.6666666666666666,0.0,46421.333333333336,15.0,15.666666666666666,3094.6666666666665,6249.0
1659,rdr_proxy,48.61253333333334,4615024640,0.0,0.0,0.0,0.0,15.0,15.666666666666666,3094.6666666666665,6249.0
1662,systemwide,212.0,5964525568,0.0,0.0,0.0,0.0,361.6666666666667,948.6666666666666,1224926.0,1226597.6666666667
1662,rdr_proxy,220.48893333333334,4771385344,0.0,0.0,0.0,0.0,362.0,945.6666666666666,1224948.0,1237956.6666666667
1665,systemwide,147.1,5883961344,0.0,0.6666666666666666,0.0,94208.0,193.33333333333334,247.66666666666666,418974.3333333333,388151.3333333333
1665,rdr_proxy,148.86836666666667,4667953152,0.0,0.0,0.0,0.0,193.0,238.0,418952.3333333333,375960.3333333333
1668,systemwide,56.0,5879767040,0.0,51.0,0.0,868352.0,8.666666666666666,8.666666666666666,572.0,714.0
1668,rdr_proxy,64.74896666666667,4673597440,0.0,51.333333333333336,0.0,868352.0,8.666666666666666,8.666666666666666,572.0,714.0
1671,systemwide,84.0,5702664192,0.0,1.0,0.0,103765.33333333333,34.0,60.333333333333336,3999.0,58296.333333333336
1671,rdr_proxy,90.91473333333333,4488376320,0.0,0.3333333333333333,0.0,9557.333333333334,34.0,60.333333333333336,3999.0,58296.333333333336
1674,systemwide,49.5,5663633408,0.0,58.666666666666664,0.0,598016.0,4.333333333333333,5.333333333333333,286.0,373.3333333333333
1674,rdr_proxy,53.14940000000001,4451696640,0.0,58.666666666666664,0.0,484693.3333333333,4.333333333333333,5.333333333333333,286.0,373.3333333333333
1677,systemwide,42.4,5641510912,0.0,0.3333333333333333,0.0,4096.0,12.666666666666666,12.0,836.0,835.0
1677,rdr_proxy,48.8953,4428513280,0.0,0.0,0.0,0.0,12.666666666666666,12.0,836.0,835.0
1680,systemwide,40.4,5623955456,0.0,12.666666666666666,0.0,195242.66666666666,12.333333333333334,11.666666666666666,806.0,762.0
1680,rdr_proxy,45.1362,4408070144,0.0,11.666666666666666,0.0,65536.0,12.333333333333334,11.666666666666666,806.0,762.0
1683,systemwide,34.4,5621268480,0.0,23.0,0.0,146090.66666666666,0.6666666666666666,0.6666666666666666,44.0,44.0
1683,rdr_proxy,40.36533333333333,4405501952,0.0,0.3333333333333333,0.0,1365.3333333333333,0.6666666666666666,0.6666666666666666,44.0,44.0
1686,systemwide,36.4,5620224000,0.0,0.0,0.0,0.0,27.333333333333332,25.666666666666668,1804.0,1694.0
1686,rdr_proxy,42.1657,4409098240,0.0,0.0,0.0,0.0,27.333333333333332,25.666666666666668,1804.0,1694.0
1689,systemwide,45.1,5616803840,0.0,1.0,0.0,39594.666666666664,16.333333333333332,14.333333333333334,1078.0,946.0
1689,rdr_proxy,49.742133333333335,4407500800,0.0,0.3333333333333333,0.0,2730.6666666666665,16.333333333333332,14.333333333333334,1078.0,946.0
1692,systemwide,46.4,5612933120,0.0,0.0,0.0,0.0,8.333333333333334,8.333333333333334,546.0,546.0
1692,rdr_proxy,50.40880000000001,4404633600,0.0,0.0,0.0,0.0,8.333333333333334,8.333333333333334,546.0,546.0
1695,systemwide,47.5,5612371968,0.0,11.666666666666666,0.0,1406293.3333333333,0.0,0.0,0.0,0.0
1695,rdr_proxy,54.71823333333333,4401111040,0.0,11.666666666666666,0.0,1368064.0,0.0,0.0,0.0,0.0
1698,systemwide,46.1,5622501376,0.0,0.3333333333333333,0.0,1365.3333333333333,9.333333333333334,9.333333333333334,616.0,612.0
1698,rdr_proxy,45.40110000000001,4402114560,0.0,0.0,0.0,0.0,9.333333333333334,9.333333333333334,616.0,612.0
1701,systemwide,45.1,5635207168,0.0,50.333333333333336,0.0,808277.3333333334,11.333333333333334,10.666666666666666,748.0,704.0
1701,rdr_proxy,50.1615,4409450496,0.0,50.0,0.0,746837.3333333334,11.333333333333334,10.666666666666666,748.0,704.0
1704,systemwide,37.4,5621559296,0.0,42.333333333333336,0.0,236202.66666666666,6.333333333333333,5.666666666666667,418.0,370.0
1704,rdr_proxy,43.9509,4400259072,0.0,44.333333333333336,0.0,202069.33333333334,6.333333333333333,5.666666666666667,418.0,370.0
1707,systemwide,44.9,5598261248,0.0,0.0,0.0,0.0,0.0,0.0,0.0,0.0
1707,rdr_proxy,46.9313,4385890304,0.0,0.0,0.0,0.0,0.0,0.0,0.0,0.0
1710,systemwide,41.800000000000004,5594542080,0.0,27.666666666666668,0.0,197973.33333333334,18.333333333333332,16.333333333333332,1202.0,1070.0
1710,rdr_proxy,48.478033333333336,4388327424,0.0,26.666666666666668,0.0,159744.0,18.333333333333332,16.333333333333332,1202.0,1070.0
1713,systemwide,41.4,5597323264,0.0,0.0,0.0,0.0,5.666666666666667,5.666666666666667,374.0,374.0
1713,rdr_proxy,44.089499999999994,4387123200,0.0,0.0,0.0,0.0,5.666666666666667,5.666666666666667,374.0,374.0
1716,systemwide,47.8,5599907840,0.0,7.333333333333333,0.0,69632.0,8.0,8.333333333333334,528.0,578.3333333333334
1716,rdr_proxy,51.78953333333333,4389343232,0.0,6.666666666666667,0.0,38229.333333333336,8.0,8.333333333333334,528.0,578.3333333333334
1719,systemwide,43.4,5601185792,0.0,4.333333333333333,0.0,23210.666666666668,1.3333333333333333,1.6666666666666667,88.0,120.66666666666667
1719,rdr_proxy,47.382,4387852288,0.0,4.333333333333333,0.0,23210.666666666668,1.3333333333333333,1.6666666666666667,88.0,120.66666666666667
1722,systemwide,54.3,5601697792,0.0,0.6666666666666666,0.0,31402.666666666668,11.333333333333334,10.666666666666666,748.0,700.0
1722,rdr_proxy,59.0779,4391190528,0.0,0.0,0.0,0.0,11.333333333333334,10.666666666666666,748.0,700.0
1725,systemwide,54.0,5619728384,0.0,0.3333333333333333,0.0,1365.3333333333333,18.666666666666668,18.0,1279.6666666666667,1275.0
1725,rdr_proxy,53.051433333333335,4389990400,0.0,0.3333333333333333,0.0,1365.3333333333333,18.666666666666668,18.0,1279.6666666666667,1275.0
1728,systemwide,43.2,5629050880,0.0,1.0,0.0,35498.666666666664,1.6666666666666667,1.0,253.0,79.0
1728,rdr_proxy,48.463033333333335,4401029120,0.0,0.0,0.0,0.0,1.6666666666666667,1.0,253.0,79.0
1731,systemwide,52.300000000000004,5659983872,0.0,37.333333333333336,0.0,466944.0,29.666666666666668,30.333333333333332,1958.0,2132.0
1731,rdr_proxy,56.845,4426518528,0.0,37.0,0.0,419157.3333333333,29.666666666666668,30.333333333333332,1958.0,2132.0
1734,systemwide,43.4,5651316736,0.0,0.0,0.0,0.0,19.666666666666668,18.666666666666668,1298.0,1232.0
1734,rdr_proxy,48.8041,4419293184,0.0,0.0,0.0,0.0,19.666666666666668,18.666666666666668,1298.0,1232.0
1737,systemwide,53.9,5634961408,0.0,28.333333333333332,0.0,193877.33333333334,4.333333333333333,4.333333333333333,282.0,282.0
1737,rdr_proxy,60.84716666666667,4403060736,0.0,28.0,0.0,150186.66666666666,4.333333333333333,4.333333333333333,282.0,282.0
1740,systemwide,48.4,5632221184,0.0,9.0,0.0,65536.0,0.3333333333333333,0.3333333333333333,14.0,14.0
1740,rdr_proxy,51.20993333333333,4404047872,0.0,8.666666666666666,0.0,61440.0,0.3333333333333333,0.3333333333333333,14.0,14.0
1743,systemwide,46.7,5622931456,0.0,34.0,0.0,184320.0,11.666666666666666,12.333333333333334,770.0,888.6666666666666
1743,rdr_proxy,52.5803,4398551040,0.0,0.0,0.0,0.0,11.666666666666666,12.333333333333334,770.0,888.6666666666666
1746,systemwide,42.4,5619838976,0.0,7.0,0.0,47786.666666666664,10.666666666666666,10.0,704.0,673.0
1746,rdr_proxy,47.997099999999996,4399550464,0.0,7.0,0.0,47786.666666666664,10.666666666666666,10.0,704.0,673.0
1749,systemwide,42.5,5620060160,0.0,0.6666666666666666,0.0,30037.333333333332,6.0,6.666666666666667,396.0,458.3333333333333
1749,rdr_proxy,46.7432,4398907392,0.0,0.0,0.0,0.0,6.0,6.666666666666667,396.0,458.3333333333333
1752,systemwide,48.1,5611204608,0.0,10.666666666666666,0.0,98304.0,0.6666666666666666,0.6666666666666666,44.0,57.0
1752,rdr_proxy,53.0881,4394274816,0.0,10.333333333333334,0.0,64170.666666666664,0.6666666666666666,0.6666666666666666,44.0,57.0
1755,systemwide,44.5,5610733568,0.0,8.666666666666666,0.0,46421.333333333336,18.666666666666668,18.0,1232.0,1206.3333333333333
1755,rdr_proxy,44.45343333333333,4393955328,0.0,8.666666666666666,0.0,46421.333333333336,18.666666666666668,18.0,1232.0,1206.3333333333333
1758,systemwide,39.4,5619249152,0.0,1.0,0.0,31402.666666666668,6.333333333333333,6.333333333333333,418.0,418.0
1758,rdr_proxy,43.03113333333334,4402790400,0.0,0.0,0.0,0.0,6.333333333333333,6.333333333333333,418.0,418.0
