time,system,cpu,mem_used,disk_r_ops_rate,disk_w_ops_rate,disk_r_bytes_rate,disk_w_bytes_rate,net_sent_pps,net_recv_pps,net_sent_bps,net_recv_bps
0,systemwide,22.0,1936834560,0.0,0.0,0.0,0.0,111.33333333333333,181.66666666666666,150906.33333333334,1101748.0
0,rdr_proxy,21.0544,511774720,0.0,0.0,0.0,0.0,111.33333333333333,181.66666666666666,150906.33333333334,1101748.0
3,systemwide,184.4,2090336256,0.0,2.3333333333333335,0.0,68266.66666666667,206.33333333333334,290.0,1497330.3333333333,372768.0
3,rdr_proxy,184.38276666666664,685957120,0.0,2.0,0.0,9557.333333333334,206.33333333333334,290.0,1497330.3333333333,372768.0
6,systemwide,52.4,2125025280,0.0,11.666666666666666,0.0,258048.0,89.0,77.0,52788.666666666664,22455.333333333332
6,rdr_proxy,53.923399999999994,708411392,0.0,12.0,0.0,200704.0,89.0,77.0,52788.666666666664,22455.333333333332
9,systemwide,17.7,2131808256,0.0,1.0,0.0,43690.666666666664,8.0,11.333333333333334,3156.3333333333335,4188.0
9,rdr_proxy,18.484233333333332,709832704,0.0,0.3333333333333333,0.0,9557.333333333334,8.0,11.333333333333334,3156.3333333333335,4188.0
12,systemwide,14.399999999999999,2077024256,0.0,31.333333333333332,0.0,162474.66666666666,3.6666666666666665,2.3333333333333335,1575.3333333333333,158.0
12,rdr_proxy,12.0022,620335104,0.0,3.0,0.0,16384.0,3.6666666666666665,2.3333333333333335,1575.3333333333333,158.0
15,systemwide,0.8999999999999999,2053591040,0.0,0.6666666666666666,0.0,43690.666666666664,0.6666666666666666,0.6666666666666666,44.0,44.0
15,rdr_proxy,0.7650333333333333,618176512,0.0,0.0,0.0,0.0,0.6666666666666666,0.6666666666666666,44.0,44.0
18,systemwide,2.0,2046726144,0.0,0.6666666666666666,0.0,4096.0,0.3333333333333333,0.3333333333333333,14.0,14.0
18,rdr_proxy,0.7382666666666666,617926656,0.0,0.6666666666666666,0.0,4096.0,0.3333333333333333,0.3333333333333333,14.0,14.0
21,systemwide,8.0,2053922816,0.0,11.666666666666666,0.0,62805.333333333336,39.666666666666664,44.333333333333336,3372.0,65686.66666666667
21,rdr_proxy,7.008366666666666,631730176,0.0,0.0,0.0,0.0,39.666666666666664,44.333333333333336,3372.0,65686.66666666667
24,systemwide,157.6,2235801600,0.0,1.6666666666666667,0.0,57344.0,189.33333333333334,253.66666666666666,1442501.3333333333,1179747.6666666667
24,rdr_proxy,160.1012,790548480,0.0,1.0,0.0,4096.0,189.33333333333334,253.66666666666666,1442501.3333333333,1179747.6666666667
27,systemwide,71.39999999999999,2278936576,0.0,1.0,0.0,60074.666666666664,156.33333333333334,175.66666666666666,264824.6666666667,256081.66666666666
27,rdr_proxy,70.3042,833929216,0.0,2.0,0.0,55978.666666666664,156.33333333333334,175.66666666666666,264824.6666666667,256081.66666666666
30,systemwide,18.6,2278776832,0.0,1.0,0.0,116053.33333333333,6.666666666666667,6.666666666666667,2843.6666666666665,924.6666666666666
30,rdr_proxy,15.693866666666667,837750784,0.0,0.0,0.0,0.0,6.666666666666667,6.666666666666667,2843.6666666666665,924.6666666666666
33,systemwide,21.0,2177929216,0.0,12.666666666666666,0.0,1549653.3333333333,1.0,0.6666666666666666,883.3333333333334,52.0
33,rdr_proxy,21.2698,713539584,0.0,12.666666666666666,0.0,1514154.6666666667,1.0,0.6666666666666666,883.3333333333334,52.0
36,systemwide,1.2999999999999998,2160033792,0.0,0.6666666666666666,0.0,38229.333333333336,0.3333333333333333,0.0,22.0,0.0
36,rdr_proxy,0.5711666666666667,713568256,0.0,0.0,0.0,0.0,0.3333333333333333,0.0,22.0,0.0
39,systemwide,2.4,2140946432,0.0,16.0,0.0,1986560.0,2.3333333333333335,3.0,146.0,199.0
39,rdr_proxy,0.7600333333333333,713592832,0.0,18.0,0.0,1986560.0,2.3333333333333335,3.0,146.0,199.0
42,systemwide,0.6,2132869120,0.0,2.3333333333333335,0.0,274432.0,0.3333333333333333,0.0,22.0,0.0
42,rdr_proxy,0.9055666666666666,713539584,0.0,2.0,0.0,251221.33333333334,0.3333333333333333,0.0,22.0,0.0
45,systemwide,1.5,2128261120,0.0,0.0,0.0,0.0,0.3333333333333333,0.3333333333333333,22.0,22.0
45,rdr_proxy,0.7082,713408512,0.0,0.0,0.0,0.0,0.3333333333333333,0.3333333333333333,22.0,22.0
48,systemwide,1.7999999999999998,2126929920,0.0,17.333333333333332,0.0,96938.66666666667,1.6666666666666667,1.6666666666666667,110.0,110.0
48,rdr_proxy,0.5581666666666667,713568256,0.0,0.6666666666666666,0.0,5461.333333333333,1.6666666666666667,1.6666666666666667,110.0,110.0
51,systemwide,4.3,2145157120,0.0,0.0,0.0,0.0,3.0,3.0,198.0,198.0
51,rdr_proxy,0.7085,712597504,0.0,0.0,0.0,0.0,3.0,3.0,198.0,198.0
54,systemwide,12.4,2043232256,0.0,9.666666666666666,0.0,1363968.0,0.3333333333333333,0.3333333333333333,22.0,22.0
54,rdr_proxy,10.418266666666666,610406400,0.0,12.666666666666666,0.0,1338026.6666666667,0.3333333333333333,0.3333333333333333,22.0,22.0
57,systemwide,1.7999999999999998,2036097024,0.0,15.0,0.0,3324586.6666666665,0.6666666666666666,0.6666666666666666,44.0,44.0
57,rdr_proxy,0.7212333333333333,610078720,0.0,18.0,0.0,3324586.6666666665,0.6666666666666666,0.6666666666666666,44.0,44.0
60,systemwide,0.6,2030948352,0.0,1.0,0.0,31402.666666666668,1.0,1.0,58.0,58.0
60,rdr_proxy,0.5414,608661504,0.0,0.0,0.0,0.0,1.0,1.0,58.0,58.0
63,systemwide,16.599999999999998,2018643968,0.0,8.0,0.0,348160.0,0.3333333333333333,0.3333333333333333,22.0,22.0
63,rdr_proxy,14.654733333333333,597651456,0.0,7.666666666666667,0.0,345429.3333333333,0.3333333333333333,0.3333333333333333,22.0,22.0
66,systemwide,0.6,2015121408,0.0,0.6666666666666666,0.0,19114.666666666668,0.0,0.0,0.0,0.0
66,rdr_proxy,0.7029,597184512,0.0,0.0,0.0,0.0,0.0,0.0,0.0,0.0
69,systemwide,2.3,2022297600,0.0,8.666666666666666,0.0,72362.66666666667,0.6666666666666666,0.6666666666666666,44.0,44.0
69,rdr_proxy,0.8119000000000001,594456576,0.0,8.0,0.0,58709.333333333336,0.6666666666666666,0.6666666666666666,44.0,44.0
72,systemwide,2.8,2022526976,0.0,0.0,0.0,0.0,2.6666666666666665,2.6666666666666665,176.0,176.0
72,rdr_proxy,0.6786333333333333,594444288,0.0,0.0,0.0,0.0,2.6666666666666665,2.6666666666666665,176.0,176.0
75,systemwide,1.7999999999999998,2022522880,0.0,1.0,0.0,4096.0,0.6666666666666666,0.6666666666666666,44.0,44.0
75,rdr_proxy,0.856,594923520,0.0,1.0,0.0,4096.0,0.6666666666666666,0.6666666666666666,44.0,44.0
78,systemwide,3.0999999999999996,2022744064,0.0,8.333333333333334,0.0,53248.0,1.0,1.0,161.33333333333334,79.0
78,rdr_proxy,1.1871666666666667,594919424,0.0,0.0,0.0,0.0,1.0,1.0,161.33333333333334,79.0
81,systemwide,3.3,2022735872,0.0,24.666666666666668,0.0,126976.0,1.0,0.3333333333333333,161.33333333333334,22.0
81,rdr_proxy,0.9470666666666667,592941056,0.0,0.0,0.0,0.0,1.0,0.3333333333333333,161.33333333333334,22.0
84,systemwide,15.0,2012536832,0.0,4.0,0.0,39594.666666666664,1.3333333333333333,1.3333333333333333,80.0,76.0
84,rdr_proxy,14.696033333333332,581672960,0.0,4.0,0.0,39594.666666666664,1.3333333333333333,1.3333333333333333,80.0,76.0
87,systemwide,1.5999999999999999,2008342528,0.0,0.0,0.0,0.0,0.0,0.0,0.0,0.0
87,rdr_proxy,0.8927666666666667,581283840,0.0,0.0,0.0,0.0,0.0,0.0,0.0,0.0
90,systemwide,2.1999999999999997,2008563712,0.0,2.6666666666666665,0.0,31402.666666666668,0.3333333333333333,0.3333333333333333,22.0,18.0
90,rdr_proxy,0.8509666666666668,581578752,0.0,2.3333333333333335,0.0,12288.0,0.3333333333333333,0.3333333333333333,22.0,18.0
93,systemwide,1.2,2007400448,0.0,4.666666666666667,0.0,76458.66666666667,5.333333333333333,6.0,2927.6666666666665,2563.0
93,rdr_proxy,1.3155666666666666,578691072,0.0,3.6666666666666665,0.0,49152.0,5.333333333333333,6.0,2927.6666666666665,2563.0
96,systemwide,2.1999999999999997,2007494656,0.0,0.0,0.0,0.0,3.3333333333333335,3.3333333333333335,220.0,216.0
96,rdr_proxy,0.6023666666666666,578465792,0.0,0.0,0.0,0.0,3.3333333333333335,3.3333333333333335,220.0,216.0
99,systemwide,1.5,2007715840,0.0,10.0,0.0,80554.66666666667,0.0,0.0,0.0,0.0
99,rdr_proxy,0.9027333333333334,579072000,0.0,9.333333333333334,0.0,65536.0,0.0,0.0,0.0,0.0
102,systemwide,0.8999999999999999,2007945216,0.0,0.0,0.0,0.0,0.6666666666666666,0.6666666666666666,44.0,44.0
102,rdr_proxy,0.8663666666666666,578379776,0.0,0.0,0.0,0.0,0.6666666666666666,0.6666666666666666,44.0,44.0
105,systemwide,1.9,2007945216,0.0,0.6666666666666666,0.0,12288.0,1.0,1.0,58.0,58.0
105,rdr_proxy,0.9011999999999999,578867200,0.0,0.0,0.0,0.0,1.0,1.0,58.0,58.0
108,systemwide,1.6,2007805952,0.0,0.0,0.0,0.0,0.3333333333333333,0.3333333333333333,22.0,18.0
108,rdr_proxy,0.6527999999999999,578580480,0.0,0.0,0.0,0.0,0.3333333333333333,0.3333333333333333,22.0,18.0
111,systemwide,4.9,2018017280,0.0,4.666666666666667,0.0,28672.0,0.0,0.0,0.0,0.0
111,rdr_proxy,0.8648666666666666,578142208,0.0,4.0,0.0,20480.0,0.0,0.0,0.0,0.0
114,systemwide,2.5,2008928256,0.0,10.333333333333334,0.0,45056.0,1.0,1.0,58.0,58.0
114,rdr_proxy,1.2869,574582784,0.0,2.3333333333333335,0.0,9557.333333333334,1.0,1.0,58.0,58.0
117,systemwide,2.1999999999999997,2009153536,0.0,1.3333333333333333,0.0,23210.666666666668,2.6666666666666665,2.6666666666666665,176.0,176.0
117,rdr_proxy,0.8550333333333334,574312448,0.0,0.0,0.0,0.0,2.6666666666666665,2.6666666666666665,176.0,176.0
120,systemwide,2.1,2009153536,0.0,0.6666666666666666,0.0,8192.0,0.6666666666666666,0.6666666666666666,44.0,40.0
120,rdr_proxy,0.6504,574435328,0.0,0.0,0.0,0.0,0.6666666666666666,0.6666666666666666,44.0,40.0
123,systemwide,1.7999999999999998,2006646784,0.0,0.3333333333333333,0.0,4096.0,0.0,0.0,0.0,0.0
123,rdr_proxy,0.8645,574808064,0.0,0.0,0.0,0.0,0.0,0.0,0.0,0.0
126,systemwide,1.9,1999585280,0.0,2.3333333333333335,0.0,23210.666666666668,0.6666666666666666,0.6666666666666666,36.0,32.0
126,rdr_proxy,0.9070666666666667,574783488,0.0,1.6666666666666667,0.0,9557.333333333334,0.6666666666666666,0.6666666666666666,36.0,32.0
129,systemwide,4.8999999999999995,1992052736,0.0,10.333333333333334,0.0,70997.33333333333,0.0,0.0,0.0,0.0
129,rdr_proxy,0.9424333333333333,574152704,0.0,10.666666666666666,0.0,70997.33333333333,0.0,0.0,0.0,0.0
132,systemwide,2.1,1992282112,0.0,0.6666666666666666,0.0,12288.0,0.0,0.0,0.0,0.0
132,rdr_proxy,0.7268,574205952,0.0,0.0,0.0,0.0,0.0,0.0,0.0,0.0
135,systemwide,1.7999999999999998,1992507392,0.0,0.3333333333333333,0.0,1365.3333333333333,0.6666666666666666,0.6666666666666666,44.0,44.0
135,rdr_proxy,0.8416666666666667,574472192,0.0,0.3333333333333333,0.0,1365.3333333333333,0.6666666666666666,0.6666666666666666,44.0,44.0
138,systemwide,2.1,1990656000,0.0,0.6666666666666666,0.0,16384.0,1.0,1.0,66.0,66.0
138,rdr_proxy,0.9537666666666667,574529536,0.0,0.0,0.0,0.0,1.0,1.0,66.0,66.0
141,systemwide,1.5999999999999999,1988239360,0.0,21.666666666666668,0.0,101034.66666666667,3.0,3.0,198.0,198.0
141,rdr_proxy,1.0244,574042112,0.0,0.6666666666666666,0.0,2730.6666666666665,3.0,3.0,198.0,198.0
144,systemwide,2.8,1986691072,0.0,3.6666666666666665,0.0,34133.333333333336,0.0,0.0,0.0,0.0
144,rdr_proxy,0.6496000000000001,574140416,0.0,3.0,0.0,17749.333333333332,0.0,0.0,0.0,0.0
147,systemwide,1.2999999999999998,1982521344,0.0,7.666666666666667,0.0,32768.0,0.6666666666666666,0.6666666666666666,36.0,36.0
147,rdr_proxy,0.8468333333333334,574803968,0.0,0.0,0.0,0.0,0.6666666666666666,0.6666666666666666,36.0,36.0
150,systemwide,2.1999999999999997,1982234624,0.0,1.3333333333333333,0.0,12288.0,1.0,1.0,58.0,58.0
150,rdr_proxy,0.7604666666666667,574193664,0.0,0.6666666666666666,0.0,2730.6666666666665,1.0,1.0,58.0,58.0
153,systemwide,2.0,1982464000,0.0,0.0,0.0,0.0,0.3333333333333333,0.3333333333333333,22.0,22.0
153,rdr_proxy,0.7211666666666666,574545920,0.0,0.0,0.0,0.0,0.3333333333333333,0.3333333333333333,22.0,22.0
156,systemwide,0.3,1982455808,0.0,2.3333333333333335,0.0,24576.0,0.0,0.0,0.0,0.0
156,rdr_proxy,0.5447666666666667,574722048,0.0,1.3333333333333333,0.0,6826.666666666667,0.0,0.0,0.0,0.0
159,systemwide,1.7999999999999998,1982685184,0.0,0.0,0.0,0.0,0.3333333333333333,0.3333333333333333,22.0,22.0
159,rdr_proxy,0.7080666666666667,574210048,0.0,0.0,0.0,0.0,0.3333333333333333,0.3333333333333333,22.0,22.0
162,systemwide,1.9,1982652416,0.0,8.333333333333334,0.0,66901.33333333333,3.0,3.0,198.0,198.0
162,rdr_proxy,0.6904333333333333,574398464,0.0,7.666666666666667,0.0,55978.666666666664,3.0,3.0,198.0,198.0
165,systemwide,1.9,1982615552,0.0,2.0,0.0,10922.666666666666,1.0,1.3333333333333333,66.0,112.33333333333333
165,rdr_proxy,0.7529,574758912,0.0,2.3333333333333335,0.0,10922.666666666666,1.0,1.3333333333333333,66.0,112.33333333333333
168,systemwide,1.5,1982345216,0.0,1.6666666666666667,0.0,17749.333333333332,0.3333333333333333,0.3333333333333333,14.0,14.0
168,rdr_proxy,0.6969666666666666,574672896,0.0,0.0,0.0,0.0,0.3333333333333333,0.3333333333333333,14.0,14.0
171,systemwide,5.8,2001928192,0.0,4.666666666666667,0.0,27306.666666666668,0.0,0.0,0.0,0.0
171,rdr_proxy,0.7977333333333334,574767104,0.0,5.0,0.0,27306.666666666668,0.0,0.0,0.0,0.0
174,systemwide,1.5999999999999999,1992597504,0.0,0.6666666666666666,0.0,16384.0,0.0,0.0,0.0,0.0
174,rdr_proxy,0.8396,574492672,0.0,0.0,0.0,0.0,0.0,0.0,0.0,0.0
177,systemwide,1.2999999999999998,1983836160,0.0,0.0,0.0,0.0,0.6666666666666666,0.6666666666666666,44.0,68.33333333333333
177,rdr_proxy,0.7491,574320640,0.0,0.0,0.0,0.0,0.6666666666666666,0.6666666666666666,44.0,68.33333333333333
180,systemwide,0.8999999999999999,1983201280,0.0,9.666666666666666,0.0,50517.333333333336,0.6666666666666666,0.6666666666666666,44.0,44.0
180,rdr_proxy,0.5989333333333333,574693376,0.0,1.3333333333333333,0.0,5461.333333333333,0.6666666666666666,0.6666666666666666,44.0,44.0
183,systemwide,1.5,1983430656,0.0,0.0,0.0,0.0,1.0,1.0,66.0,66.0
183,rdr_proxy,0.7486666666666667,574586880,0.0,0.0,0.0,0.0,1.0,1.0,66.0,66.0
186,systemwide,1.7999999999999998,1983426560,0.0,2.6666666666666665,0.0,19114.666666666668,1.6666666666666667,1.6666666666666667,110.0,110.0
186,rdr_proxy,0.7159333333333334,574672896,0.0,2.0,0.0,10922.666666666666,1.6666666666666667,1.6666666666666667,110.0,110.0
189,systemwide,0.8999999999999999,1978322944,0.0,0.3333333333333333,0.0,4096.0,0.3333333333333333,0.3333333333333333,14.0,14.0
189,rdr_proxy,0.7347,574750720,0.0,0.0,0.0,0.0,0.3333333333333333,0.3333333333333333,14.0,14.0
192,systemwide,4.9,1982013440,0.0,7.666666666666667,0.0,72362.66666666667,1.0,1.0,66.0,66.0
192,rdr_proxy,0.6378,574758912,0.0,6.666666666666667,0.0,43690.666666666664,1.0,1.0,66.0,66.0
195,systemwide,1.5,1982013440,0.0,0.0,0.0,0.0,0.6666666666666666,0.6666666666666666,44.0,44.0
195,rdr_proxy,0.7576666666666667,574459904,0.0,0.0,0.0,0.0,0.6666666666666666,0.6666666666666666,44.0,44.0
198,systemwide,1.7999999999999998,1982468096,0.0,2.0,0.0,32768.0,1.0,0.3333333333333333,161.33333333333334,22.0
198,rdr_proxy,1.1189333333333333,574365696,0.0,1.6666666666666667,0.0,15018.666666666666,1.0,0.3333333333333333,161.33333333333334,22.0
201,systemwide,1.9,1982697472,0.0,21.666666666666668,0.0,102400.0,1.3333333333333333,0.6666666666666666,183.33333333333334,68.33333333333333
201,rdr_proxy,0.7379333333333333,574418944,0.0,1.6666666666666667,0.0,8192.0,1.3333333333333333,0.6666666666666666,183.33333333333334,68.33333333333333
204,systemwide,0.8999999999999999,1982922752,0.0,0.6666666666666666,0.0,15018.666666666666,0.3333333333333333,0.3333333333333333,22.0,22.0
204,rdr_proxy,0.5888333333333333,574627840,0.0,0.0,0.0,0.0,0.3333333333333333,0.3333333333333333,22.0,22.0
207,systemwide,2.4,1983176704,0.0,2.0,0.0,17749.333333333332,3.6666666666666665,3.6666666666666665,234.0,258.3333333333333
207,rdr_proxy,0.7054,574869504,0.0,1.6666666666666667,0.0,6826.666666666667,3.6666666666666665,3.6666666666666665,234.0,258.3333333333333
210,systemwide,2.5999999999999996,1983909888,0.0,0.6666666666666666,0.0,4096.0,0.3333333333333333,0.3333333333333333,22.0,22.0
210,rdr_proxy,0.8519666666666666,574943232,0.0,0.0,0.0,0.0,0.3333333333333333,0.3333333333333333,22.0,22.0
213,systemwide,1.2999999999999998,1984139264,0.0,2.3333333333333335,0.0,10922.666666666666,0.6666666666666666,0.6666666666666666,44.0,68.33333333333333
213,rdr_proxy,0.8195,574533632,0.0,2.3333333333333335,0.0,10922.666666666666,0.6666666666666666,0.6666666666666666,44.0,68.33333333333333
216,systemwide,1.2,1983074304,0.0,9.0,0.0,53248.0,0.0,0.0,0.0,0.0
216,rdr_proxy,0.6187333333333334,574513152,0.0,0.0,0.0,0.0,0.0,0.0,0.0,0.0
219,systemwide,1.7999999999999998,1984065536,0.0,0.3333333333333333,0.0,4096.0,0.0,0.0,0.0,0.0
219,rdr_proxy,0.9397333333333333,574812160,0.0,0.0,0.0,0.0,0.0,0.0,0.0,0.0
222,systemwide,1.2,1981669376,0.0,8.666666666666666,0.0,72362.66666666667,0.0,0.0,0.0,0.0
222,rdr_proxy,0.7673,574558208,0.0,8.0,0.0,60074.666666666664,0.0,0.0,0.0,0.0
225,systemwide,1.5999999999999999,1981669376,0.0,0.0,0.0,0.0,0.6666666666666666,0.6666666666666666,44.0,68.33333333333333
225,rdr_proxy,0.7921999999999999,574353408,0.0,0.0,0.0,0.0,0.6666666666666666,0.6666666666666666,44.0,68.33333333333333
228,systemwide,0.8999999999999999,1981894656,0.0,1.3333333333333333,0.0,15018.666666666666,1.6666666666666667,1.6666666666666667,110.0,110.0
228,rdr_proxy,0.7732666666666667,574636032,0.0,0.6666666666666666,0.0,4096.0,1.6666666666666667,1.6666666666666667,110.0,110.0
231,systemwide,5.3,1996967936,0.0,3.0,0.0,21845.333333333332,1.6666666666666667,1.6666666666666667,102.0,102.0
231,rdr_proxy,0.7817,574038016,0.0,3.0,0.0,21845.333333333332,1.6666666666666667,1.6666666666666667,102.0,102.0
234,systemwide,1.7,1994764288,0.0,0.6666666666666666,0.0,15018.666666666666,0.0,0.0,0.0,0.0
234,rdr_proxy,0.8278333333333333,574500864,0.0,0.0,0.0,0.0,0.0,0.0,0.0,0.0
237,systemwide,2.5,1989980160,0.0,0.3333333333333333,0.0,1365.3333333333333,1.0,1.0,66.0,66.0
237,rdr_proxy,0.8932333333333333,574042112,0.0,0.3333333333333333,0.0,1365.3333333333333,1.0,1.0,66.0,66.0
240,systemwide,0.8999999999999999,1988567040,0.0,0.6666666666666666,0.0,10922.666666666666,0.6666666666666666,0.6666666666666666,44.0,68.33333333333333
240,rdr_proxy,0.5519999999999999,574722048,0.0,0.0,0.0,0.0,0.6666666666666666,0.6666666666666666,44.0,68.33333333333333
243,systemwide,1.5999999999999999,1986109440,0.0,4.0,0.0,20480.0,4.0,4.0,264.0,410.0
243,rdr_proxy,0.8062333333333332,574828544,0.0,4.333333333333333,0.0,20480.0,4.0,4.0,264.0,410.0
246,systemwide,2.1999999999999997,1985011712,0.0,0.6666666666666666,0.0,10922.666666666666,0.0,0.0,0.0,0.0
246,rdr_proxy,0.7396333333333334,574959616,0.0,0.0,0.0,0.0,0.0,0.0,0.0,0.0
249,systemwide,1.2999999999999998,1983430656,0.0,1.0,0.0,5461.333333333333,2.0,2.0,132.0,175.0
249,rdr_proxy,0.7898000000000001,574832640,0.0,1.3333333333333333,0.0,5461.333333333333,2.0,2.0,132.0,175.0
252,systemwide,5.6,1987010560,0.0,17.0,0.0,106496.0,2.3333333333333335,2.3333333333333335,154.0,154.0
252,rdr_proxy,0.6724,574251008,0.0,9.666666666666666,0.0,65536.0,2.3333333333333335,2.3333333333333335,154.0,154.0
255,systemwide,2.5,1984376832,0.0,0.0,0.0,0.0,0.3333333333333333,0.0,22.0,0.0
255,rdr_proxy,0.7799999999999999,574570496,0.0,0.0,0.0,0.0,0.3333333333333333,0.0,22.0,0.0
258,systemwide,1.7999999999999998,1984593920,0.0,1.3333333333333333,0.0,20480.0,0.0,0.3333333333333333,0.0,22.0
258,rdr_proxy,0.7283333333333334,574320640,0.0,0.6666666666666666,0.0,4096.0,0.0,0.3333333333333333,0.0,22.0
261,systemwide,3.2,1984593920,0.0,20.333333333333332,0.0,94208.0,0.6666666666666666,0.6666666666666666,44.0,68.33333333333333
261,rdr_proxy,0.7656000000000001,574181376,0.0,0.0,0.0,0.0,0.6666666666666666,0.6666666666666666,44.0,68.33333333333333
264,systemwide,1.9,1983524864,0.0,0.6666666666666666,0.0,13653.333333333334,7.0,7.333333333333333,2631.0,2357.6666666666665
264,rdr_proxy,0.8700333333333333,574812160,0.0,0.0,0.0,0.0,7.0,7.333333333333333,2631.0,2357.6666666666665
267,systemwide,2.4,1983741952,0.0,3.6666666666666665,0.0,69632.0,0.6666666666666666,0.6666666666666666,44.0,68.33333333333333
267,rdr_proxy,0.8013666666666667,574509056,0.0,3.0,0.0,46421.333333333336,0.6666666666666666,0.6666666666666666,44.0,68.33333333333333
270,systemwide,1.7999999999999998,1984208896,0.0,0.0,0.0,0.0,1.3333333333333333,1.3333333333333333,88.0,131.0
270,rdr_proxy,0.7484666666666667,574345216,0.0,0.0,0.0,0.0,1.3333333333333333,1.3333333333333333,88.0,131.0
273,systemwide,1.5999999999999999,1984196608,0.0,2.3333333333333335,0.0,23210.666666666668,0.6666666666666666,0.6666666666666666,44.0,44.0
273,rdr_proxy,0.7334333333333333,573984768,0.0,1.6666666666666667,0.0,8192.0,0.6666666666666666,0.6666666666666666,44.0,44.0
276,systemwide,0.8999999999999999,1984557056,0.0,0.0,0.0,0.0,0.0,0.0,0.0,0.0
276,rdr_proxy,0.6046,574210048,0.0,0.0,0.0,0.0,0.0,0.0,0.0,0.0
279,systemwide,1.7999999999999998,1983844352,0.0,2.6666666666666665,0.0,12288.0,0.0,0.0,0.0,0.0
279,rdr_proxy,0.7300666666666666,573898752,0.0,2.6666666666666665,0.0,12288.0,0.0,0.0,0.0,0.0
282,systemwide,1.9,1983840256,0.0,0.6666666666666666,0.0,16384.0,0.6666666666666666,0.6666666666666666,44.0,44.0
282,rdr_proxy,0.6745666666666666,573980672,0.0,0.0,0.0,0.0,0.6666666666666666,0.6666666666666666,44.0,44.0
285,systemwide,1.2,1984200704,0.0,9.333333333333334,0.0,69632.0,0.0,0.0,0.0,0.0
285,rdr_proxy,0.7136333333333332,573960192,0.0,9.0,0.0,65536.0,0.0,0.0,0.0,0.0
288,systemwide,1.2,1982275584,0.0,6.333333333333333,0.0,50517.333333333336,0.6666666666666666,0.6666666666666666,36.0,36.0
288,rdr_proxy,0.5918333333333333,573845504,0.0,1.6666666666666667,0.0,9557.333333333334,0.6666666666666666,0.6666666666666666,36.0,36.0
291,systemwide,3.8,1995644928,0.0,0.0,0.0,0.0,0.0,0.0,0.0,0.0
291,rdr_proxy,0.6830666666666666,574074880,0.0,0.0,0.0,0.0,0.0,0.0,0.0,0.0
294,systemwide,1.2999999999999998,1990758400,0.0,2.6666666666666665,0.0,28672.0,0.6666666666666666,0.6666666666666666,44.0,40.0
294,rdr_proxy,0.7340666666666666,573972480,0.0,2.0,0.0,10922.666666666666,0.6666666666666666,0.6666666666666666,44.0,40.0
297,systemwide,2.0,1987874816,0.0,0.6666666666666666,0.0,17749.333333333332,0.0,0.0,0.0,0.0
297,rdr_proxy,0.6791666666666667,573894656,0.0,0.0,0.0,0.0,0.0,0.0,0.0,0.0
300,systemwide,0.6,1984057344,0.0,1.3333333333333333,0.0,8192.0,0.0,0.0,0.0,0.0
300,rdr_proxy,0.5311666666666667,573587456,0.0,0.6666666666666666,0.0,4096.0,0.0,0.0,0.0,0.0
303,systemwide,1.2,1984057344,0.0,1.6666666666666667,0.0,19114.666666666668,0.3333333333333333,0.3333333333333333,22.0,22.0
303,rdr_proxy,0.6783,573833216,0.0,2.0,0.0,19114.666666666668,0.3333333333333333,0.3333333333333333,22.0,22.0
306,systemwide,1.5999999999999999,1984278528,0.0,0.6666666666666666,0.0,9557.333333333334,0.0,0.0,0.0,0.0
306,rdr_proxy,0.6963333333333334,574091264,0.0,0.0,0.0,0.0,0.0,0.0,0.0,0.0
309,systemwide,1.2,1984507904,0.0,2.0,0.0,8192.0,0.0,0.0,0.0,0.0
309,rdr_proxy,0.6578333333333334,573796352,0.0,2.0,0.0,8192.0,0.0,0.0,0.0,0.0
312,systemwide,1.2,1984249856,0.0,0.6666666666666666,0.0,9557.333333333334,0.0,0.0,0.0,0.0
312,rdr_proxy,0.4949333333333333,573722624,0.0,0.0,0.0,0.0,0.0,0.0,0.0,0.0
315,systemwide,4.8999999999999995,1986510848,0.0,10.333333333333334,0.0,79189.33333333333,0.3333333333333333,0.3333333333333333,22.0,18.0
315,rdr_proxy,0.6297,573304832,0.0,9.0,0.0,62805.333333333336,0.3333333333333333,0.3333333333333333,22.0,18.0
318,systemwide,2.6999999999999997,1986473984,0.0,8.333333333333334,0.0,38229.333333333336,1.0,0.3333333333333333,153.33333333333334,14.0
318,rdr_proxy,0.9541666666666666,573472768,0.0,1.6666666666666667,0.0,9557.333333333334,1.0,0.3333333333333333,153.33333333333334,14.0
321,systemwide,2.5999999999999996,1986699264,0.0,17.333333333333332,0.0,102400.0,1.3333333333333333,0.6666666666666666,183.33333333333334,44.0
321,rdr_proxy,0.5951333333333334,573329408,0.0,0.0,0.0,0.0,1.3333333333333333,0.6666666666666666,183.33333333333334,44.0
324,systemwide,3.0999999999999996,1986924544,0.0,0.3333333333333333,0.0,2730.6666666666665,0.0,0.0,0.0,0.0
324,rdr_proxy,0.6090666666666666,573378560,0.0,0.3333333333333333,0.0,2730.6666666666665,0.0,0.0,0.0,0.0
327,systemwide,1.2,1986666496,0.0,0.6666666666666666,0.0,15018.666666666666,0.0,0.0,0.0,0.0
327,rdr_proxy,0.7384333333333334,573222912,0.0,0.0,0.0,0.0,0.0,0.0,0.0,0.0
330,systemwide,1.7999999999999998,1986895872,0.0,1.3333333333333333,0.0,6826.666666666667,0.6666666666666666,0.6666666666666666,44.0,44.0
330,rdr_proxy,0.7110666666666666,573198336,0.0,1.3333333333333333,0.0,6826.666666666667,0.6666666666666666,0.6666666666666666,44.0,44.0
333,systemwide,2.5,1927790592,0.0,0.6666666666666666,0.0,8192.0,0.0,0.0,0.0,0.0
333,rdr_proxy,2.1299,500903936,0.0,0.0,0.0,0.0,0.0,0.0,0.0,0.0
336,systemwide,0.8999999999999999,1926361088,0.0,0.3333333333333333,0.0,2730.6666666666665,0.0,0.0,0.0,0.0
336,rdr_proxy,0.5178666666666667,500543488,0.0,0.3333333333333333,0.0,2730.6666666666665,0.0,0.0,0.0,0.0
339,systemwide,1.9,1926352896,0.0,3.3333333333333335,0.0,50517.333333333336,0.3333333333333333,0.3333333333333333,22.0,22.0
339,rdr_proxy,0.7047333333333333,500764672,0.0,2.6666666666666665,0.0,13653.333333333334,0.3333333333333333,0.3333333333333333,22.0,22.0
342,systemwide,1.2999999999999998,1926324224,0.0,0.0,0.0,0.0,0.3333333333333333,0.3333333333333333,22.0,22.0
342,rdr_proxy,0.7498666666666667,500781056,0.0,0.0,0.0,0.0,0.3333333333333333,0.3333333333333333,22.0,22.0
345,systemwide,1.5,1925382144,0.0,11.0,0.0,200704.0,0.3333333333333333,0.3333333333333333,14.0,14.0
345,rdr_proxy,0.6822666666666667,500330496,0.0,10.666666666666666,0.0,188416.0,0.3333333333333333,0.3333333333333333,14.0,14.0
348,systemwide,1.5999999999999999,1925353472,0.0,0.3333333333333333,0.0,4096.0,0.3333333333333333,0.3333333333333333,22.0,22.0
348,rdr_proxy,0.4751666666666667,500748288,0.0,0.0,0.0,0.0,0.3333333333333333,0.3333333333333333,22.0,22.0
351,systemwide,5.1,1943883776,0.0,14.666666666666666,0.0,80554.66666666667,0.0,0.0,0.0,0.0
351,rdr_proxy,0.6131666666666666,500248576,0.0,3.3333333333333335,0.0,21845.333333333332,0.0,0.0,0.0,0.0
354,systemwide,2.8,1876357120,0.0,29.0,0.0,133802.66666666666,0.0,0.0,0.0,0.0
354,rdr_proxy,1.9851,428515328,0.0,0.3333333333333333,0.0,1365.3333333333333,0.0,0.0,0.0,0.0
357,systemwide,1.5999999999999999,1876160512,0.0,0.6666666666666666,0.0,45056.0,0.0,0.0,0.0,0.0
357,rdr_proxy,0.6027666666666667,428306432,0.0,0.0,0.0,0.0,0.0,0.0,0.0,0.0
360,systemwide,2.1999999999999997,1876078592,0.0,0.6666666666666666,0.0,4096.0,0.0,0.0,0.0,0.0
360,rdr_proxy,0.4216,428023808,0.0,0.6666666666666666,0.0,4096.0,0.0,0.0,0.0,0.0
363,systemwide,1.5999999999999999,1875193856,0.0,1.0,0.0,19114.666666666668,0.0,0.0,0.0,0.0
363,rdr_proxy,0.6148,428421120,0.0,0.3333333333333333,0.0,1365.3333333333333,0.0,0.0,0.0,0.0
366,systemwide,1.2,1875451904,0.0,0.6666666666666666,0.0,17749.333333333332,0.6666666666666666,0.6666666666666666,44.0,44.0
366,rdr_proxy,0.5802333333333333,428150784,0.0,0.0,0.0,0.0,0.6666666666666666,0.6666666666666666,44.0,44.0
369,systemwide,0.8999999999999999,1873960960,0.0,0.0,0.0,0.0,0.0,0.0,0.0,0.0
369,rdr_proxy,0.5551666666666667,428163072,0.0,0.0,0.0,0.0,0.0,0.0,0.0,0.0
372,systemwide,1.2,1874214912,0.0,2.0,0.0,15018.666666666666,0.3333333333333333,0.3333333333333333,14.0,14.0
372,rdr_proxy,0.4543333333333333,428077056,0.0,1.3333333333333333,0.0,6826.666666666667,0.3333333333333333,0.3333333333333333,14.0,14.0
375,systemwide,6.2,1874853888,0.0,13.333333333333334,0.0,187050.66666666666,0.6666666666666666,0.6666666666666666,44.0,44.0
375,rdr_proxy,0.6149333333333333,427311104,0.0,13.333333333333334,0.0,187050.66666666666,0.6666666666666666,0.6666666666666666,44.0,44.0
378,systemwide,2.1,1875419136,0.0,0.6666666666666666,0.0,15018.666666666666,0.0,0.0,0.0,0.0
378,rdr_proxy,0.6129,427347968,0.0,0.0,0.0,0.0,0.0,0.0,0.0,0.0
381,systemwide,2.1999999999999997,1875660800,0.0,1.0,0.0,8192.0,0.0,0.0,0.0,0.0
381,rdr_proxy,0.5841333333333333,427085824,0.0,0.0,0.0,0.0,0.0,0.0,0.0,0.0
384,systemwide,1.9,1869631488,0.0,1.0,0.0,21845.333333333332,0.3333333333333333,0.3333333333333333,22.0,22.0
384,rdr_proxy,0.47879999999999995,426938368,0.0,0.0,0.0,0.0,0.3333333333333333,0.3333333333333333,22.0,22.0
387,systemwide,2.1999999999999997,1869615104,0.0,15.666666666666666,0.0,72362.66666666667,0.3333333333333333,0.3333333333333333,22.0,22.0
387,rdr_proxy,0.7017666666666668,427085824,0.0,3.3333333333333335,0.0,19114.666666666668,0.3333333333333333,0.3333333333333333,22.0,22.0
390,systemwide,0.3,1869836288,0.0,1.3333333333333333,0.0,15018.666666666666,0.0,0.0,0.0,0.0
390,rdr_proxy,0.7263000000000001,427327488,0.0,0.6666666666666666,0.0,2730.6666666666665,0.0,0.0,0.0,0.0
393,systemwide,1.2999999999999998,1867214848,0.0,0.6666666666666666,0.0,4096.0,0.3333333333333333,0.3333333333333333,22.0,22.0
393,rdr_proxy,0.6843333333333333,427233280,0.0,0.0,0.0,0.0,0.3333333333333333,0.3333333333333333,22.0,22.0
396,systemwide,0.8999999999999999,1866321920,0.0,1.0,0.0,13653.333333333334,0.3333333333333333,0.3333333333333333,14.0,14.0
396,rdr_proxy,0.5223666666666666,427266048,0.0,0.3333333333333333,0.0,1365.3333333333333,0.3333333333333333,0.6666666666666666,14.0,37.333333333333336
399,systemwide,1.9,1866547200,0.0,0.0,0.0,0.0,0.0,0.0,0.0,0.0
399,rdr_proxy,0.7834666666666666,427094016,0.0,0.0,0.0,0.0,0.0,0.0,0.0,0.0
402,systemwide,1.9,1866776576,0.0,2.3333333333333335,0.0,16384.0,0.0,0.0,0.0,0.0
402,rdr_proxy,0.7010666666666667,427552768,0.0,2.0,0.0,9557.333333333334,0.0,0.0,0.0,0.0
405,systemwide,1.5,1866993664,0.0,0.0,0.0,0.0,0.0,0.0,0.0,0.0
405,rdr_proxy,0.8092333333333334,427323392,0.0,0.0,0.0,0.0,0.0,0.0,0.0,0.0
408,systemwide,1.2999999999999998,1866993664,0.0,5.666666666666667,0.0,54613.333333333336,0.0,0.0,0.0,0.0
408,rdr_proxy,0.5767333333333333,427130880,0.0,5.0,0.0,40960.0,0.0,0.0,0.0,0.0
411,systemwide,5.7,1886322688,0.0,3.3333333333333335,0.0,21845.333333333332,0.0,0.0,0.0,0.0
411,rdr_proxy,0.6732333333333332,427118592,0.0,3.3333333333333335,0.0,17749.333333333332,0.0,0.0,0.0,0.0
414,systemwide,1.7999999999999998,1875374080,0.0,20.666666666666668,0.0,114688.0,0.0,0.0,0.0,0.0
414,rdr_proxy,0.6121,426803200,0.0,0.0,0.0,0.0,0.0,0.0,0.0,0.0
417,systemwide,1.5999999999999999,1872719872,0.0,1.0,0.0,5461.333333333333,0.6666666666666666,0.6666666666666666,44.0,44.0
417,rdr_proxy,0.5859666666666666,427163648,0.0,1.0,0.0,5461.333333333333,0.6666666666666666,0.6666666666666666,44.0,44.0
420,systemwide,1.2,1869012992,0.0,10.0,0.0,62805.333333333336,1.0,1.0,58.0,58.0
420,rdr_proxy,0.4336333333333333,427335680,0.0,0.0,0.0,0.0,1.0,1.0,58.0,58.0
423,systemwide,1.0,1868980224,0.0,0.3333333333333333,0.0,2730.6666666666665,0.0,0.0,0.0,0.0
423,rdr_proxy,0.5991666666666667,427225088,0.0,0.6666666666666666,0.0,2730.6666666666665,0.0,0.0,0.0,0.0
426,systemwide,1.2,1867329536,0.0,0.6666666666666666,0.0,12288.0,0.0,0.0,0.0,0.0
426,rdr_proxy,0.6576000000000001,427053056,0.0,0.0,0.0,0.0,0.0,0.0,0.0,0.0
429,systemwide,1.5,1867325440,0.0,0.0,0.0,0.0,0.0,0.0,0.0,0.0
429,rdr_proxy,0.6901666666666667,427126784,0.0,0.0,0.0,0.0,0.0,0.0,0.0,0.0
432,systemwide,0.6,1868042240,0.0,1.0,0.0,9557.333333333334,0.3333333333333333,0.3333333333333333,22.0,22.0
432,rdr_proxy,0.5132,427241472,0.0,0.3333333333333333,0.0,1365.3333333333333,0.3333333333333333,0.3333333333333333,22.0,22.0
435,systemwide,5.8,1867014144,0.0,0.0,0.0,0.0,0.0,0.0,0.0,0.0
435,rdr_proxy,0.6743,427159552,0.0,0.0,0.0,0.0,0.0,0.0,0.0,0.0
438,systemwide,3.5,1866878976,0.0,7.333333333333333,0.0,60074.666666666664,5.333333333333333,4.666666666666667,2622.0,2017.0
438,rdr_proxy,1.2529333333333332,427638784,0.0,6.666666666666667,0.0,47786.666666666664,5.333333333333333,4.666666666666667,2622.0,2017.0
441,systemwide,2.3,1859342336,0.0,1.0,0.0,8192.0,1.0,0.3333333333333333,161.33333333333334,22.0
441,rdr_proxy,0.7714,427200512,0.0,1.3333333333333333,0.0,8192.0,1.0,0.3333333333333333,161.33333333333334,22.0
444,systemwide,1.7,1859342336,0.0,1.0,0.0,25941.333333333332,0.0,0.0,0.0,0.0
444,rdr_proxy,0.5506333333333333,427122688,0.0,0.0,0.0,0.0,0.0,0.0,0.0,0.0
447,systemwide,1.2,1860329472,0.0,3.0,0.0,46421.333333333336,0.0,0.0,0.0,0.0
447,rdr_proxy,0.6216666666666667,427479040,0.0,2.6666666666666665,0.0,45056.0,0.0,0.0,0.0,0.0
450,systemwide,2.1,1860554752,0.0,18.666666666666668,0.0,103765.33333333333,0.0,0.0,0.0,0.0
450,rdr_proxy,0.6056666666666667,427294720,0.0,0.0,0.0,0.0,0.0,0.0,0.0,0.0
453,systemwide,1.9,1860554752,0.0,1.3333333333333333,0.0,6826.666666666667,0.0,0.0,0.0,0.0
453,rdr_proxy,0.6534,427261952,0.0,1.3333333333333333,0.0,6826.666666666667,0.0,0.0,0.0,0.0
456,systemwide,0.6,1860546560,0.0,0.6666666666666666,0.0,10922.666666666666,0.0,0.0,0.0,0.0
456,rdr_proxy,0.5112,427347968,0.0,0.0,0.0,0.0,0.0,0.0,0.0,0.0
459,systemwide,1.5999999999999999,1860546560,0.0,8.666666666666666,0.0,36864.0,0.0,0.0,0.0,0.0
459,rdr_proxy,0.6961333333333334,427610112,0.0,1.0,0.0,5461.333333333333,0.0,0.0,0.0,0.0
462,systemwide,1.2,1860759552,0.0,0.6666666666666666,0.0,12288.0,0.6666666666666666,0.6666666666666666,44.0,44.0
462,rdr_proxy,0.6757666666666666,427352064,0.0,0.0,0.0,0.0,0.6666666666666666,0.6666666666666666,44.0,44.0
465,systemwide,2.1,1860759552,0.0,0.0,0.0,0.0,0.3333333333333333,0.3333333333333333,14.0,14.0
465,rdr_proxy,0.7107,427102208,0.0,0.0,0.0,0.0,0.3333333333333333,0.3333333333333333,14.0,14.0
468,systemwide,6.5,1872314368,0.0,11.666666666666666,0.0,88746.66666666667,41.333333333333336,44.333333333333336,3484.6666666666665,64696.0
468,rdr_proxy,6.7425,441286656,0.0,10.0,0.0,77824.0,41.333333333333336,44.333333333333336,3484.6666666666665,64696.0
471,systemwide,139.6,2120724480,0.0,0.6666666666666666,0.0,49152.0,200.66666666666666,239.33333333333334,1420547.3333333333,1162257.6666666667
471,rdr_proxy,137.77276666666668,577789952,0.0,0.0,0.0,0.0,200.66666666666666,239.0,1420547.3333333333,1162235.6666666667
474,systemwide,90.39999999999999,2113085440,0.0,0.0,0.0,0.0,134.66666666666666,173.33333333333334,139021.33333333334,108498.66666666667
474,rdr_proxy,95.62656666666668,614588416,0.0,0.0,0.0,0.0,134.66666666666666,173.33333333333334,139021.33333333334,108498.66666666667
477,systemwide,15.9,2103025664,0.0,2.3333333333333335,0.0,118784.0,8.0,12.0,3130.0,4355.666666666667
477,rdr_proxy,15.540666666666667,621395968,0.0,1.3333333333333333,0.0,51882.666666666664,8.0,12.0,3130.0,4355.666666666667
480,systemwide,12.9,2071339008,0.0,1.0,0.0,39594.666666666664,0.0,0.0,0.0,0.0
480,rdr_proxy,12.041066666666666,613085184,0.0,0.3333333333333333,0.0,9557.333333333334,0.0,0.0,0.0,0.0
483,systemwide,0.8999999999999999,2046918656,0.0,0.3333333333333333,0.0,2730.6666666666665,0.3333333333333333,0.3333333333333333,22.0,22.0
483,rdr_proxy,0.7655,611680256,0.0,0.3333333333333333,0.0,2730.6666666666665,0.3333333333333333,0.3333333333333333,22.0,22.0
486,systemwide,0.8999999999999999,2039291904,0.0,0.6666666666666666,0.0,31402.666666666668,0.3333333333333333,0.3333333333333333,22.0,22.0
486,rdr_proxy,0.6864,611491840,0.0,0.0,0.0,0.0,0.3333333333333333,0.3333333333333333,22.0,22.0
489,systemwide,1.5,2034409472,0.0,2.3333333333333335,0.0,16384.0,0.0,0.0,0.0,0.0
489,rdr_proxy,0.6444,611704832,0.0,2.6666666666666665,0.0,16384.0,0.0,0.0,0.0,0.0
492,systemwide,21.7,2071875584,0.0,14.0,0.0,91477.33333333333,97.33333333333333,128.0,109086.0,1097592.3333333333
492,rdr_proxy,17.725566666666666,650268672,0.0,0.0,0.0,0.0,97.33333333333333,128.0,109086.0,1097592.3333333333
495,systemwide,183.3,2245046272,0.0,0.0,0.0,0.0,171.33333333333334,252.33333333333334,1401378.0,217649.66666666666
495,rdr_proxy,183.2141333333333,825188352,0.0,0.0,0.0,0.0,171.33333333333334,252.33333333333334,1401378.0,217649.66666666666
498,systemwide,47.7,2275028992,0.0,11.666666666666666,0.0,290816.0,87.66666666666667,73.33333333333333,53284.333333333336,21712.666666666668
498,rdr_proxy,49.6693,844177408,0.0,11.333333333333334,0.0,230741.33333333334,87.66666666666667,73.33333333333333,53284.333333333336,21712.666666666668
501,systemwide,22.9,2197794816,0.0,27.333333333333332,0.0,241664.0,13.666666666666666,14.666666666666666,4283.0,7374.333333333333
501,rdr_proxy,24.845866666666666,742432768,0.0,0.3333333333333333,0.0,9557.333333333334,13.666666666666666,14.666666666666666,4283.0,7374.333333333333
504,systemwide,12.4,2182705152,0.0,16.0,0.0,3915776.0,3.3333333333333335,1.6666666666666667,2836.6666666666665,115.0
504,rdr_proxy,9.640500000000001,733564928,0.0,20.333333333333332,0.0,3915776.0,3.3333333333333335,1.6666666666666667,2836.6666666666665,115.0
507,systemwide,1.2,2170961920,0.0,1.0,0.0,50517.333333333336,0.0,0.0,0.0,0.0
507,rdr_proxy,0.7616333333333333,732233728,0.0,0.0,0.0,0.0,0.0,0.0,0.0,0.0
510,systemwide,2.1999999999999997,2164076544,0.0,1.3333333333333333,0.0,368640.0,0.6666666666666666,0.6666666666666666,44.0,44.0
510,rdr_proxy,0.7760333333333334,731906048,0.0,1.6666666666666667,0.0,368640.0,0.6666666666666666,0.6666666666666666,44.0,44.0
513,systemwide,1.7999999999999998,2159497216,0.0,1.0,0.0,69632.0,0.0,0.0,0.0,0.0
513,rdr_proxy,0.5449666666666667,732037120,0.0,0.6666666666666666,0.0,51882.666666666664,0.0,0.0,0.0,0.0
516,systemwide,1.5,2158452736,0.0,0.0,0.0,0.0,1.0,1.0,66.0,66.0
516,rdr_proxy,0.5483333333333333,732110848,0.0,0.0,0.0,0.0,1.0,1.0,66.0,66.0
519,systemwide,0.8999999999999999,2158444544,0.0,1.6666666666666667,0.0,15018.666666666666,2.6666666666666665,2.6666666666666665,168.0,168.0
519,rdr_proxy,0.7363,731664384,0.0,1.3333333333333333,0.0,6826.666666666667,2.6666666666666665,2.6666666666666665,168.0,168.0
522,systemwide,1.2,2158096384,0.0,0.3333333333333333,0.0,1365.3333333333333,0.3333333333333333,0.3333333333333333,22.0,22.0
522,rdr_proxy,0.6346333333333333,732057600,0.0,0.0,0.0,0.0,0.3333333333333333,0.3333333333333333,22.0,22.0
525,systemwide,9.3,2049880064,0.0,10.333333333333334,0.0,1357141.3333333333,0.0,0.0,0.0,0.0
525,rdr_proxy,9.5532,628035584,0.0,11.0,0.0,1336661.3333333333,0.0,0.0,0.0,0.0
528,systemwide,2.1999999999999997,2045263872,0.0,41.333333333333336,0.0,4063232.0,0.3333333333333333,0.3333333333333333,22.0,22.0
528,rdr_proxy,0.6599333333333334,626450432,0.0,30.333333333333332,0.0,3992234.6666666665,0.3333333333333333,0.3333333333333333,22.0,22.0
531,systemwide,15.0,2057089024,0.0,1.0,0.0,39594.666666666664,0.6666666666666666,0.6666666666666666,44.0,44.0
531,rdr_proxy,11.123766666666667,623403008,0.0,0.0,0.0,0.0,0.6666666666666666,0.6666666666666666,44.0,44.0
534,systemwide,4.3,2034688000,0.0,20.666666666666668,0.0,487424.0,0.0,0.0,0.0,0.0
534,rdr_proxy,4.164000000000001,612548608,0.0,1.0,0.0,365909.3333333333,0.0,0.0,0.0,0.0
537,systemwide,1.2,2033303552,0.0,1.3333333333333333,0.0,28672.0,0.0,0.0,0.0,0.0
537,rdr_proxy,0.6871999999999999,612618240,0.0,0.3333333333333333,0.0,1365.3333333333333,0.0,0.0,0.0,0.0
540,systemwide,1.2,2032152576,0.0,2.6666666666666665,0.0,15018.666666666666,0.3333333333333333,0.3333333333333333,22.0,22.0
540,rdr_proxy,0.5504333333333333,612503552,0.0,2.3333333333333335,0.0,10922.666666666666,0.3333333333333333,0.3333333333333333,22.0,22.0
543,systemwide,0.6,2024820736,0.0,0.6666666666666666,0.0,23210.666666666668,2.3333333333333335,2.3333333333333335,154.0,154.0
543,rdr_proxy,0.6370333333333333,613011456,0.0,0.0,0.0,0.0,2.3333333333333335,2.3333333333333335,154.0,154.0
546,systemwide,1.2,2023534592,0.0,0.3333333333333333,0.0,1365.3333333333333,0.6666666666666666,0.6666666666666666,44.0,44.0
546,rdr_proxy,0.6269333333333333,612528128,0.0,0.3333333333333333,0.0,1365.3333333333333,0.6666666666666666,0.6666666666666666,44.0,44.0
549,systemwide,1.9,2022789120,0.0,3.6666666666666665,0.0,27306.666666666668,0.0,0.0,0.0,0.0
549,rdr_proxy,0.5806333333333333,612483072,0.0,3.3333333333333335,0.0,19114.666666666668,0.0,0.0,0.0,0.0
552,systemwide,2.1999999999999997,2022400000,0.0,0.0,0.0,0.0,0.0,0.0,0.0,0.0
552,rdr_proxy,0.6284333333333333,611500032,0.0,0.0,0.0,0.0,0.0,0.0,0.0,0.0
555,systemwide,18.1,2013528064,0.0,3.6666666666666665,0.0,57344.0,0.6666666666666666,0.6666666666666666,44.0,44.0
555,rdr_proxy,14.644366666666668,595083264,0.0,3.3333333333333335,0.0,39594.666666666664,0.6666666666666666,0.6666666666666666,44.0,44.0
558,systemwide,8.9,2024030208,0.0,0.0,0.0,0.0,29.0,28.333333333333332,2763.3333333333335,53273.0
558,rdr_proxy,7.074633333333334,609902592,0.0,0.0,0.0,0.0,30.333333333333332,29.666666666666668,2851.3333333333335,54937.0
561,systemwide,140.0,2263113728,0.0,18.333333333333332,0.0,219818.66666666666,256.3333333333333,361.3333333333333,1426571.6666666667,1179847.3333333333
561,rdr_proxy,141.10186666666667,747954176,0.0,13.333333333333334,0.0,148821.33333333334,255.0,360.0,1426483.6666666667,1178183.3333333333
564,systemwide,93.2,2264047616,0.0,1.0,0.0,76458.66666666667,140.0,178.0,140011.0,110925.33333333333
564,rdr_proxy,94.47933333333333,804462592,0.0,0.3333333333333333,0.0,2730.6666666666665,140.0,178.0,140011.0,110925.33333333333
567,systemwide,15.0,2261225472,0.0,0.0,0.0,0.0,14.666666666666666,16.333333333333332,4351.333333333333,7402.333333333333
567,rdr_proxy,18.376,811925504,0.0,0.0,0.0,0.0,14.666666666666666,16.333333333333332,4351.333333333333,7402.333333333333
570,systemwide,11.799999999999999,2226749440,0.0,5.0,0.0,75093.33333333333,3.3333333333333335,1.6666666666666667,2789.6666666666665,115.0
570,rdr_proxy,12.447133333333333,799461376,0.0,4.333333333333333,0.0,28672.0,3.3333333333333335,1.6666666666666667,2789.6666666666665,115.0
573,systemwide,1.5,2214952960,0.0,1.0,0.0,42325.333333333336,0.6666666666666666,0.6666666666666666,36.0,36.0
573,rdr_proxy,0.6615,798613504,0.0,0.0,0.0,0.0,0.6666666666666666,0.6666666666666666,36.0,36.0
576,systemwide,0.6,2210213888,0.0,0.3333333333333333,0.0,2730.6666666666665,0.3333333333333333,0.3333333333333333,22.0,22.0
576,rdr_proxy,0.6611666666666667,798584832,0.0,0.3333333333333333,0.0,2730.6666666666665,0.3333333333333333,0.3333333333333333,22.0,22.0
579,systemwide,2.1999999999999997,2210373632,0.0,0.6666666666666666,0.0,4096.0,0.3333333333333333,0.3333333333333333,22.0,22.0
579,rdr_proxy,0.6692666666666667,798470144,0.0,0.0,0.0,0.0,0.3333333333333333,0.3333333333333333,22.0,22.0
582,systemwide,1.5,2211024896,0.0,1.3333333333333333,0.0,66901.33333333333,0.0,0.0,0.0,0.0
582,rdr_proxy,0.7176666666666667,798253056,0.0,0.6666666666666666,0.0,49152.0,0.0,0.0,0.0,0.0
585,systemwide,1.5999999999999999,2208563200,0.0,2.0,0.0,23210.666666666668,0.3333333333333333,0.3333333333333333,22.0,22.0
585,rdr_proxy,1.0797999999999999,794259456,0.0,1.3333333333333333,0.0,8192.0,0.3333333333333333,0.3333333333333333,22.0,22.0
588,systemwide,4.1,2209013760,0.0,0.0,0.0,0.0,2.3333333333333335,2.3333333333333335,154.0,154.0
588,rdr_proxy,0.7538333333333332,793071616,0.0,0.0,0.0,0.0,2.3333333333333335,2.3333333333333335,154.0,154.0
591,systemwide,15.2,2123194368,0.0,43.666666666666664,0.0,2241877.3333333335,0.6666666666666666,0.6666666666666666,44.0,44.0
591,rdr_proxy,9.674033333333332,693903360,0.0,26.333333333333332,0.0,2094421.3333333333,0.6666666666666666,0.6666666666666666,44.0,44.0
594,systemwide,0.0,2120335360,0.0,0.0,0.0,0.0,0.0,0.0,0.0,0.0
594,rdr_proxy,0.7887666666666666,692850688,0.0,0.0,0.0,0.0,0.0,0.0,0.0,0.0
597,systemwide,2.3,2113060864,0.0,42.333333333333336,0.0,4008618.6666666665,0.0,0.0,0.0,0.0
597,rdr_proxy,0.6511,692690944,0.0,18.666666666666668,0.0,3836586.6666666665,0.0,0.0,0.0,0.0
600,systemwide,2.9,2103873536,0.0,5.333333333333333,0.0,386389.3333333333,4.0,4.333333333333333,2433.0,2009.0
600,rdr_proxy,0.9007000000000001,692912128,0.0,5.333333333333333,0.0,386389.3333333333,4.0,4.333333333333333,2433.0,2009.0
603,systemwide,3.1,2102792192,0.0,1.0,0.0,34133.333333333336,0.3333333333333333,0.3333333333333333,14.0,14.0
603,rdr_proxy,0.7333,692629504,0.0,0.0,0.0,0.0,0.3333333333333333,0.3333333333333333,14.0,14.0
606,systemwide,1.2,2103021568,0.0,1.6666666666666667,0.0,6826.666666666667,1.0,1.0,66.0,66.0
606,rdr_proxy,0.7113666666666667,692346880,0.0,1.6666666666666667,0.0,6826.666666666667,1.0,1.0,66.0,66.0
609,systemwide,2.5,2100482048,0.0,0.6666666666666666,0.0,17749.333333333332,5.666666666666667,5.666666666666667,374.0,374.0
609,rdr_proxy,0.7894333333333333,692543488,0.0,0.0,0.0,0.0,5.666666666666667,5.666666666666667,374.0,374.0
612,systemwide,1.2,2098814976,0.0,1.6666666666666667,0.0,9557.333333333334,1.0,1.0,66.0,66.0
612,rdr_proxy,0.6842333333333334,692789248,0.0,1.3333333333333333,0.0,6826.666666666667,1.0,1.0,66.0,66.0
615,systemwide,1.5999999999999999,2098806784,0.0,5.0,0.0,75093.33333333333,0.0,0.0,0.0,0.0
615,rdr_proxy,0.7102333333333334,692355072,0.0,4.0,0.0,54613.333333333336,0.0,0.0,0.0,0.0
618,systemwide,6.699999999999999,2102243328,0.0,0.0,0.0,0.0,0.0,0.0,0.0,0.0
618,rdr_proxy,0.8532666666666667,688558080,0.0,0.0,0.0,0.0,0.0,0.0,0.0,0.0
621,systemwide,12.2,2102874112,0.0,32.333333333333336,0.0,243029.33333333334,0.3333333333333333,0.3333333333333333,22.0,22.0
621,rdr_proxy,11.0143,685547520,0.0,11.333333333333334,0.0,105130.66666666667,0.3333333333333333,0.3333333333333333,22.0,22.0
624,systemwide,5.3,2085498880,0.0,14.0,0.0,61440.0,0.6666666666666666,0.6666666666666666,44.0,44.0
624,rdr_proxy,4.679466666666666,676339712,0.0,0.0,0.0,0.0,0.6666666666666666,0.6666666666666666,44.0,44.0
627,systemwide,3.0,2080247808,0.0,11.333333333333334,0.0,61440.0,0.0,0.0,0.0,0.0
627,rdr_proxy,0.8370000000000001,676204544,0.0,0.6666666666666666,0.0,2730.6666666666665,0.0,0.0,0.0,0.0
630,systemwide,1.2999999999999998,2080444416,0.0,0.0,0.0,0.0,0.3333333333333333,0.3333333333333333,22.0,22.0
630,rdr_proxy,0.8068666666666666,676499456,0.0,0.0,0.0,0.0,0.3333333333333333,0.3333333333333333,22.0,22.0
633,systemwide,2.2,2080440320,0.0,4.0,0.0,35498.666666666664,2.6666666666666665,2.6666666666666665,168.0,168.0
633,rdr_proxy,0.7342,676622336,0.0,3.3333333333333335,0.0,20480.0,2.6666666666666665,2.6666666666666665,168.0,168.0
636,systemwide,1.7999999999999998,2080428032,0.0,2.3333333333333335,0.0,24576.0,0.6666666666666666,0.6666666666666666,44.0,44.0
636,rdr_proxy,0.7113,676196352,0.0,1.3333333333333333,0.0,5461.333333333333,0.6666666666666666,0.6666666666666666,44.0,44.0
639,systemwide,2.1,2080428032,0.0,0.0,0.0,0.0,0.0,0.0,0.0,0.0
639,rdr_proxy,0.8186333333333334,676397056,0.0,0.0,0.0,0.0,0.0,0.0,0.0,0.0
642,systemwide,2.8,2074959872,0.0,1.0,0.0,6826.666666666667,0.0,0.0,0.0,0.0
642,rdr_proxy,1.0518333333333334,676524032,0.0,1.3333333333333333,0.0,6826.666666666667,0.0,0.0,0.0,0.0
645,systemwide,2.0,2075336704,0.0,0.6666666666666666,0.0,10922.666666666666,0.0,0.0,0.0,0.0
645,rdr_proxy,0.7190666666666666,676618240,0.0,0.0,0.0,0.0,0.0,0.0,0.0,0.0
648,systemwide,2.5,2075582464,0.0,0.3333333333333333,0.0,1365.3333333333333,0.0,0.0,0.0,0.0
648,rdr_proxy,0.8422333333333333,676585472,0.0,0.3333333333333333,0.0,1365.3333333333333,0.0,0.0,0.0,0.0
651,systemwide,6.0,2096795648,0.0,11.666666666666666,0.0,79189.33333333333,0.6666666666666666,0.6666666666666666,44.0,44.0
651,rdr_proxy,1.1982333333333333,671760384,0.0,11.0,0.0,69632.0,0.6666666666666666,0.6666666666666666,44.0,44.0
654,systemwide,1.2,2090127360,0.0,0.6666666666666666,0.0,16384.0,6.333333333333333,6.333333333333333,410.0,410.0
654,rdr_proxy,0.7561666666666667,671809536,0.0,0.0,0.0,0.0,6.333333333333333,6.333333333333333,410.0,410.0
657,systemwide,1.5999999999999999,2087284736,0.0,9.0,0.0,42325.333333333336,1.0,1.0,66.0,66.0
657,rdr_proxy,0.6944666666666667,672153600,0.0,3.0,0.0,15018.666666666666,1.0,1.0,66.0,66.0
660,systemwide,0.8999999999999999,2085167104,0.0,0.6666666666666666,0.0,15018.666666666666,0.0,0.0,0.0,0.0
660,rdr_proxy,0.6632,671985664,0.0,0.0,0.0,0.0,0.0,0.0,0.0,0.0
663,systemwide,3.5999999999999996,2083115008,0.0,0.3333333333333333,0.0,2730.6666666666665,0.0,0.0,0.0,0.0
663,rdr_proxy,0.7078333333333333,671727616,0.0,0.6666666666666666,0.0,2730.6666666666665,0.0,0.0,0.0,0.0
666,systemwide,0.6,2082054144,0.0,0.6666666666666666,0.0,4096.0,0.3333333333333333,0.3333333333333333,22.0,22.0
666,rdr_proxy,0.7562666666666668,671715328,0.0,0.0,0.0,0.0,0.3333333333333333,0.3333333333333333,22.0,22.0
669,systemwide,0.8999999999999999,2081656832,0.0,3.0,0.0,25941.333333333332,0.6666666666666666,0.6666666666666666,44.0,44.0
669,rdr_proxy,0.6720666666666667,672026624,0.0,2.0,0.0,8192.0,0.6666666666666666,0.6666666666666666,44.0,44.0
672,systemwide,1.5999999999999999,2081394688,0.0,0.6666666666666666,0.0,2730.6666666666665,0.3333333333333333,0.3333333333333333,14.0,14.0
672,rdr_proxy,0.7073333333333333,672067584,0.0,0.6666666666666666,0.0,2730.6666666666665,0.3333333333333333,0.3333333333333333,14.0,14.0
675,systemwide,0.8999999999999999,2081619968,0.0,0.6666666666666666,0.0,15018.666666666666,0.3333333333333333,0.3333333333333333,22.0,22.0
675,rdr_proxy,0.7767666666666666,672182272,0.0,0.0,0.0,0.0,0.3333333333333333,0.3333333333333333,22.0,22.0
678,systemwide,7.699999999999999,2084470784,0.0,0.6666666666666666,0.0,8192.0,3.6666666666666665,3.0,337.3333333333333,222.33333333333334
678,rdr_proxy,1.1328333333333334,671907840,0.0,0.0,0.0,0.0,3.6666666666666665,3.0,337.3333333333333,222.33333333333334
681,systemwide,1.7999999999999998,2084700160,0.0,17.0,0.0,79189.33333333333,1.3333333333333333,0.6666666666666666,183.33333333333334,44.0
681,rdr_proxy,0.7009666666666666,671973376,0.0,0.0,0.0,0.0,1.3333333333333333,0.6666666666666666,183.33333333333334,44.0
684,systemwide,1.5999999999999999,2084929536,0.0,9.333333333333334,0.0,62805.333333333336,0.0,0.0,0.0,0.0
684,rdr_proxy,0.7621333333333333,671506432,0.0,9.666666666666666,0.0,62805.333333333336,0.0,0.0,0.0,0.0
687,systemwide,2.4,2084921344,0.0,3.0,0.0,34133.333333333336,0.0,0.0,0.0,0.0
687,rdr_proxy,0.8405999999999999,671866880,0.0,2.3333333333333335,0.0,19114.666666666668,0.0,0.0,0.0,0.0
690,systemwide,0.8999999999999999,2084921344,0.0,5.666666666666667,0.0,23210.666666666668,0.0,0.0,0.0,0.0
690,rdr_proxy,0.8031666666666667,671838208,0.0,0.0,0.0,0.0,0.0,0.0,0.0,0.0
693,systemwide,1.2,2085146624,0.0,2.6666666666666665,0.0,27306.666666666668,0.0,0.0,0.0,0.0
693,rdr_proxy,0.7214999999999999,671887360,0.0,2.0,0.0,10922.666666666666,0.0,0.0,0.0,0.0
696,systemwide,2.3,2085142528,0.0,0.6666666666666666,0.0,9557.333333333334,0.0,0.0,0.0,0.0
696,rdr_proxy,0.7371666666666666,671666176,0.0,0.0,0.0,0.0,0.0,0.0,0.0,0.0
699,systemwide,2.1999999999999997,2085371904,0.0,2.3333333333333335,0.0,25941.333333333332,7.0,7.0,462.0,486.3333333333333
699,rdr_proxy,0.9624,672210944,0.0,1.3333333333333333,0.0,6826.666666666667,7.0,7.0,462.0,486.3333333333333
702,systemwide,0.8999999999999999,2085105664,0.0,2.6666666666666665,0.0,30037.333333333332,1.0,1.0,66.0,66.0
702,rdr_proxy,0.8395,672002048,0.0,2.0,0.0,8192.0,1.0,1.0,66.0,66.0
705,systemwide,1.9,2079420416,0.0,0.0,0.0,0.0,0.3333333333333333,0.3333333333333333,14.0,14.0
705,rdr_proxy,0.7455333333333334,672120832,0.0,0.0,0.0,0.0,0.3333333333333333,0.3333333333333333,14.0,14.0
708,systemwide,0.8999999999999999,2079649792,0.0,2.3333333333333335,0.0,17749.333333333332,0.0,0.0,0.0,0.0
708,rdr_proxy,0.7475999999999999,672423936,0.0,1.6666666666666667,0.0,6826.666666666667,0.0,0.0,0.0,0.0
711,systemwide,5.2,2092617728,0.0,0.0,0.0,0.0,2.3333333333333335,2.3333333333333335,154.0,251.33333333333334
711,rdr_proxy,0.8611,672137216,0.0,0.0,0.0,0.0,2.3333333333333335,2.3333333333333335,154.0,251.33333333333334
714,systemwide,2.3,2085974016,0.0,8.666666666666666,0.0,73728.0,1.6666666666666667,1.6666666666666667,110.0,158.66666666666666
714,rdr_proxy,0.8974666666666667,672210944,0.0,8.0,0.0,55978.666666666664,1.6666666666666667,1.6666666666666667,110.0,158.66666666666666
717,systemwide,2.4,2084995072,0.0,20.0,0.0,94208.0,1.3333333333333333,1.3333333333333333,88.0,131.0
717,rdr_proxy,0.7804000000000001,672231424,0.0,0.0,0.0,0.0,1.3333333333333333,1.3333333333333333,88.0,131.0
720,systemwide,1.2,2083041280,0.0,1.3333333333333333,0.0,15018.666666666666,1.0,1.0,66.0,66.0
720,rdr_proxy,0.7128666666666666,672092160,0.0,0.6666666666666666,0.0,4096.0,1.0,1.0,66.0,66.0
723,systemwide,1.7999999999999998,2080358400,0.0,10.333333333333334,0.0,54613.333333333336,2.3333333333333335,2.3333333333333335,154.0,154.0
723,rdr_proxy,0.7965666666666666,671711232,0.0,2.6666666666666665,0.0,20480.0,2.3333333333333335,2.3333333333333335,154.0,154.0
726,systemwide,2.1999999999999997,2080358400,0.0,0.0,0.0,0.0,0.0,0.0,0.0,0.0
726,rdr_proxy,0.7700333333333332,671997952,0.0,0.0,0.0,0.0,0.0,0.0,0.0,0.0
729,systemwide,1.2999999999999998,2080579584,0.0,2.3333333333333335,0.0,20480.0,0.6666666666666666,0.6666666666666666,44.0,44.0
729,rdr_proxy,0.7569333333333333,672133120,0.0,1.6666666666666667,0.0,9557.333333333334,0.6666666666666666,0.6666666666666666,44.0,44.0
732,systemwide,0.8999999999999999,2080575488,0.0,1.0,0.0,17749.333333333332,0.0,0.0,0.0,0.0
732,rdr_proxy,0.7098666666666666,671772672,0.0,0.0,0.0,0.0,0.0,0.0,0.0,0.0
735,systemwide,1.5,2080800768,0.0,0.3333333333333333,0.0,2730.6666666666665,6.0,6.0,408.0,663.6666666666666
735,rdr_proxy,0.9014333333333333,672272384,0.0,0.6666666666666666,0.0,2730.6666666666665,6.0,6.0,408.0,663.6666666666666
738,systemwide,6.0,2078437376,0.0,3.6666666666666665,0.0,24576.0,0.0,0.0,0.0,0.0
738,rdr_proxy,0.882,671391744,0.0,3.0,0.0,13653.333333333334,0.0,0.0,0.0,0.0
741,systemwide,2.1999999999999997,2073497600,0.0,0.0,0.0,0.0,2.3333333333333335,2.3333333333333335,146.0,213.33333333333334
741,rdr_proxy,0.8052,672190464,0.0,0.0,0.0,0.0,2.3333333333333335,2.3333333333333335,146.0,213.33333333333334
744,systemwide,1.2,2073755648,0.0,9.0,0.0,66901.33333333333,3.3333333333333335,3.3333333333333335,220.0,220.0
744,rdr_proxy,0.7999,671911936,0.0,8.0,0.0,51882.666666666664,3.3333333333333335,3.3333333333333335,220.0,220.0
747,systemwide,2.9,2073985024,0.0,0.0,0.0,0.0,1.3333333333333333,1.3333333333333333,88.0,88.0
747,rdr_proxy,0.8973666666666666,671928320,0.0,0.0,0.0,0.0,1.3333333333333333,1.3333333333333333,88.0,88.0
750,systemwide,2.1999999999999997,2073980928,0.0,1.3333333333333333,0.0,19114.666666666668,0.0,0.0,0.0,0.0
750,rdr_proxy,0.8479666666666666,671924224,0.0,0.6666666666666666,0.0,2730.6666666666665,0.0,0.0,0.0,0.0
753,systemwide,1.9,2074206208,0.0,0.0,0.0,0.0,0.0,0.0,0.0,0.0
753,rdr_proxy,0.6769333333333334,671911936,0.0,0.0,0.0,0.0,0.0,0.0,0.0,0.0
756,systemwide,1.5,2074198016,0.0,2.0,0.0,16384.0,0.0,0.0,0.0,0.0
756,rdr_proxy,0.6696333333333334,671821824,0.0,1.3333333333333333,0.0,6826.666666666667,0.0,0.0,0.0,0.0
759,systemwide,1.2,2074427392,0.0,10.333333333333334,0.0,54613.333333333336,0.3333333333333333,0.3333333333333333,22.0,22.0
759,rdr_proxy,0.8245666666666667,672210944,0.0,2.3333333333333335,0.0,19114.666666666668,0.3333333333333333,0.3333333333333333,22.0,22.0
762,systemwide,1.5,2074681344,0.0,0.6666666666666666,0.0,13653.333333333334,0.3333333333333333,0.3333333333333333,22.0,18.0
762,rdr_proxy,0.7502,672313344,0.0,0.0,0.0,0.0,0.3333333333333333,0.3333333333333333,22.0,18.0
765,systemwide,0.6,2075168768,0.0,0.3333333333333333,0.0,4096.0,0.6666666666666666,0.6666666666666666,44.0,44.0
765,rdr_proxy,0.7369666666666667,671907840,0.0,0.0,0.0,0.0,0.6666666666666666,0.6666666666666666,44.0,44.0
768,systemwide,1.7999999999999998,2075389952,0.0,0.6666666666666666,0.0,12288.0,0.0,0.0,0.0,0.0
768,rdr_proxy,0.7315333333333333,672223232,0.0,0.0,0.0,0.0,0.0,0.0,0.0,0.0
771,systemwide,6.6,2081071104,0.0,5.0,0.0,23210.666666666668,7.666666666666667,7.0,4687.666666666667,2699.3333333333335
771,rdr_proxy,1.0995333333333333,672047104,0.0,4.0,0.0,19114.666666666668,7.666666666666667,7.0,4687.666666666667,2699.3333333333335
774,systemwide,1.2,2081071104,0.0,9.0,0.0,84650.66666666667,0.0,0.0,0.0,0.0
774,rdr_proxy,0.8237,671916032,0.0,8.333333333333334,0.0,58709.333333333336,0.0,0.0,0.0,0.0
777,systemwide,1.9,2081300480,0.0,0.0,0.0,0.0,0.0,0.0,0.0,0.0
777,rdr_proxy,0.7294,671866880,0.0,0.0,0.0,0.0,0.0,0.0,0.0,0.0
780,systemwide,1.0,2081529856,0.0,21.333333333333332,0.0,114688.0,0.0,0.0,0.0,0.0
780,rdr_proxy,0.7306,672063488,0.0,1.3333333333333333,0.0,6826.666666666667,0.0,0.0,0.0,0.0
783,systemwide,2.0,2081521664,0.0,0.6666666666666666,0.0,16384.0,0.0,0.0,0.0,0.0
783,rdr_proxy,0.7392666666666666,671903744,0.0,0.0,0.0,0.0,0.0,0.0,0.0,0.0
786,systemwide,1.0,2081751040,0.0,1.6666666666666667,0.0,8192.0,0.3333333333333333,0.3333333333333333,22.0,18.0
786,rdr_proxy,0.7598666666666666,672264192,0.0,1.6666666666666667,0.0,8192.0,0.3333333333333333,0.3333333333333333,22.0,18.0
789,systemwide,1.2,2081751040,0.0,0.0,0.0,0.0,2.6666666666666665,2.6666666666666665,176.0,176.0
789,rdr_proxy,0.7168666666666667,671981568,0.0,0.0,0.0,0.0,2.6666666666666665,2.6666666666666665,176.0,176.0
792,systemwide,1.2,2079481856,0.0,10.333333333333334,0.0,51882.666666666664,2.0,2.0,132.0,132.0
792,rdr_proxy,0.7587666666666667,671940608,0.0,0.3333333333333333,0.0,1365.3333333333333,2.0,2.0,132.0,132.0
795,systemwide,2.1,2079711232,0.0,2.0,0.0,45056.0,0.0,0.0,0.0,0.0
795,rdr_proxy,0.8038666666666666,671916032,0.0,2.3333333333333335,0.0,45056.0,0.0,0.0,0.0,0.0
798,systemwide,4.3,2084786176,0.0,1.0,0.0,16384.0,1.3333333333333333,0.6666666666666666,183.33333333333334,68.33333333333333
798,rdr_proxy,1.2017,671535104,0.0,0.0,0.0,0.0,1.3333333333333333,0.6666666666666666,183.33333333333334,68.33333333333333
801,systemwide,4.0,2033434624,0.0,3.6666666666666665,0.0,28672.0,3.6666666666666665,3.0,337.3333333333333,319.6666666666667
801,rdr_proxy,2.4288333333333334,603279360,0.0,3.3333333333333335,0.0,15018.666666666666,3.6666666666666665,3.0,337.3333333333333,319.6666666666667
804,systemwide,1.2,2027175936,0.0,0.3333333333333333,0.0,1365.3333333333333,1.6666666666666667,1.6666666666666667,102.0,150.66666666666666
804,rdr_proxy,0.7292333333333333,599871488,0.0,0.0,0.0,0.0,1.6666666666666667,1.6666666666666667,102.0,150.66666666666666
807,systemwide,1.9,2026913792,0.0,14.333333333333334,0.0,244394.66666666666,2.0,2.0,132.0,199.33333333333334
807,rdr_proxy,0.8488666666666668,599900160,0.0,14.0,0.0,206165.33333333334,2.0,2.0,132.0,199.33333333333334
810,systemwide,2.3,2027335680,0.0,3.3333333333333335,0.0,16384.0,0.6666666666666666,0.6666666666666666,44.0,44.0
810,rdr_proxy,0.9426,599613440,0.0,3.3333333333333335,0.0,16384.0,0.6666666666666666,0.6666666666666666,44.0,44.0
813,systemwide,1.9,2022887424,0.0,0.6666666666666666,0.0,16384.0,0.3333333333333333,0.3333333333333333,22.0,22.0
813,rdr_proxy,0.7176,599691264,0.0,0.0,0.0,0.0,0.3333333333333333,0.3333333333333333,22.0,22.0
816,systemwide,0.8999999999999999,2016968704,0.0,0.3333333333333333,0.0,2730.6666666666665,0.0,0.0,0.0,0.0
816,rdr_proxy,0.7275666666666667,599351296,0.0,0.3333333333333333,0.0,2730.6666666666665,0.0,0.0,0.0,0.0
819,systemwide,1.7999999999999998,2017673216,0.0,0.6666666666666666,0.0,10922.666666666666,0.3333333333333333,0.3333333333333333,22.0,22.0
819,rdr_proxy,0.9604666666666667,599617536,0.0,0.0,0.0,0.0,0.3333333333333333,0.3333333333333333,22.0,22.0
822,systemwide,0.8999999999999999,2017914880,0.0,2.0,0.0,10922.666666666666,0.0,0.0,0.0,0.0
822,rdr_proxy,0.7778999999999999,599744512,0.0,2.0,0.0,10922.666666666666,0.0,0.0,0.0,0.0
825,systemwide,2.9,1961664512,0.0,0.6666666666666666,0.0,13653.333333333334,0.0,0.0,0.0,0.0
825,rdr_proxy,2.3659,527990784,0.0,0.0,0.0,0.0,0.0,0.0,0.0,0.0
828,systemwide,1.9,1958866944,0.0,6.333333333333333,0.0,28672.0,0.0,0.0,0.0,0.0
828,rdr_proxy,0.8429333333333333,527908864,0.0,0.0,0.0,0.0,0.0,0.0,0.0,0.0
831,systemwide,4.2,1969291264,0.0,3.0,0.0,66901.33333333333,0.0,0.0,0.0,0.0
831,rdr_proxy,0.7732666666666667,527360000,0.0,2.6666666666666665,0.0,21845.333333333332,0.0,0.0,0.0,0.0
834,systemwide,2.1999999999999997,1969250304,0.0,0.0,0.0,0.0,0.0,0.0,0.0,0.0
834,rdr_proxy,0.8191333333333333,527245312,0.0,0.0,0.0,0.0,0.0,0.0,0.0,0.0
837,systemwide,1.5,1968369664,0.0,11.666666666666666,0.0,199338.66666666666,1.3333333333333333,1.3333333333333333,88.0,88.0
837,rdr_proxy,0.8158,527855616,0.0,11.333333333333334,0.0,185685.33333333334,1.3333333333333333,1.3333333333333333,88.0,88.0
840,systemwide,1.5,1963175936,0.0,20.666666666666668,0.0,96938.66666666667,0.0,0.0,0.0,0.0
840,rdr_proxy,0.5863666666666667,527728640,0.0,0.0,0.0,0.0,0.0,0.0,0.0,0.0
843,systemwide,1.9,1963343872,0.0,3.3333333333333335,0.0,39594.666666666664,0.3333333333333333,0.3333333333333333,14.0,14.0
843,rdr_proxy,0.7399,527196160,0.0,2.3333333333333335,0.0,10922.666666666666,0.3333333333333333,0.3333333333333333,14.0,14.0
846,systemwide,0.8999999999999999,1961893888,0.0,1.3333333333333333,0.0,19114.666666666668,0.0,0.0,0.0,0.0
846,rdr_proxy,0.6227666666666667,526815232,0.0,0.6666666666666666,0.0,2730.6666666666665,0.0,0.0,0.0,0.0
849,systemwide,0.8999999999999999,1960620032,0.0,0.0,0.0,0.0,0.0,0.0,0.0,0.0
849,rdr_proxy,0.5790000000000001,526864384,0.0,0.0,0.0,0.0,0.0,0.0,0.0,0.0
852,systemwide,1.5,1958768640,0.0,4.0,0.0,34133.333333333336,0.3333333333333333,0.3333333333333333,22.0,18.0
852,rdr_proxy,0.6982666666666667,526860288,0.0,3.0,0.0,15018.666666666666,0.3333333333333333,0.3333333333333333,22.0,18.0
855,systemwide,0.8999999999999999,1958051840,0.0,0.0,0.0,0.0,0.3333333333333333,0.3333333333333333,22.0,22.0
855,rdr_proxy,0.7070333333333334,527425536,0.0,0.0,0.0,0.0,0.3333333333333333,0.3333333333333333,22.0,22.0
858,systemwide,1.2,1958281216,0.0,3.3333333333333335,0.0,28672.0,1.0,1.0,58.0,58.0
858,rdr_proxy,0.7483666666666666,527073280,0.0,2.6666666666666665,0.0,16384.0,1.0,1.0,58.0,58.0
861,systemwide,6.8999999999999995,1960730624,0.0,12.666666666666666,0.0,57344.0,0.0,0.0,0.0,0.0
861,rdr_proxy,0.6515333333333333,526491648,0.0,0.3333333333333333,0.0,1365.3333333333333,0.0,0.0,0.0,0.0
864,systemwide,5.3,1964285952,0.0,0.0,0.0,0.0,0.3333333333333333,0.3333333333333333,22.0,22.0
864,rdr_proxy,2.647066666666667,529788928,0.0,0.0,0.0,0.0,0.3333333333333333,0.3333333333333333,22.0,22.0
867,systemwide,1.5,1965756416,0.0,10.0,0.0,154282.66666666666,0.0,0.0,0.0,0.0
867,rdr_proxy,0.7757333333333333,527372288,0.0,9.666666666666666,0.0,125610.66666666667,0.0,0.0,0.0,0.0
870,systemwide,1.2,1965756416,0.0,0.6666666666666666,0.0,16384.0,0.0,0.0,0.0,0.0
870,rdr_proxy,0.6739666666666667,526913536,0.0,0.0,0.0,0.0,0.0,0.0,0.0,0.0
873,systemwide,1.2999999999999998,1965985792,0.0,1.3333333333333333,0.0,5461.333333333333,0.0,0.0,0.0,0.0
873,rdr_proxy,0.5525666666666667,526725120,0.0,1.3333333333333333,0.0,5461.333333333333,0.0,0.0,0.0,0.0
876,systemwide,0.0,1965985792,0.0,0.0,0.0,0.0,0.0,0.0,0.0,0.0
876,rdr_proxy,0.5880333333333333,526962688,0.0,0.0,0.0,0.0,0.0,0.0,0.0,0.0
879,systemwide,2.5,1965977600,0.0,0.6666666666666666,0.0,8192.0,0.0,0.0,0.0,0.0
879,rdr_proxy,0.7023333333333334,527175680,0.0,0.0,0.0,0.0,0.0,0.0,0.0,0.0
882,systemwide,1.2,1965969408,0.0,4.666666666666667,0.0,31402.666666666668,0.0,0.0,0.0,0.0
882,rdr_proxy,0.6569333333333334,526794752,0.0,4.333333333333333,0.0,21845.333333333332,0.0,0.0,0.0,0.0
885,systemwide,1.5,1965969408,0.0,0.0,0.0,0.0,0.0,0.0,0.0,0.0
885,rdr_proxy,0.5519666666666666,527204352,0.0,0.0,0.0,0.0,0.0,0.0,0.0,0.0
888,systemwide,0.8999999999999999,1966223360,0.0,2.0,0.0,20480.0,1.3333333333333333,1.3333333333333333,88.0,88.0
888,rdr_proxy,0.62,526983168,0.0,1.6666666666666667,0.0,8192.0,1.3333333333333333,1.3333333333333333,88.0,88.0
891,systemwide,3.8,1984319488,0.0,0.3333333333333333,0.0,4096.0,0.0,0.0,0.0,0.0
891,rdr_proxy,0.6507999999999999,526221312,0.0,0.0,0.0,0.0,0.0,0.0,0.0,0.0
894,systemwide,3.3,1915117568,0.0,1.6666666666666667,0.0,54613.333333333336,0.3333333333333333,0.3333333333333333,14.0,14.0
894,rdr_proxy,2.3445666666666667,450637824,0.0,1.0,0.0,5461.333333333333,0.3333333333333333,0.3333333333333333,14.0,14.0
897,systemwide,1.5,1908674560,0.0,29.666666666666668,0.0,274432.0,0.0,0.0,0.0,0.0
897,rdr_proxy,0.564,450805760,0.0,17.333333333333332,0.0,217088.0,0.0,0.0,0.0,0.0
900,systemwide,1.2999999999999998,1909661696,0.0,23.666666666666668,0.0,121514.66666666667,0.0,0.0,0.0,0.0
900,rdr_proxy,0.5216666666666666,450596864,0.0,0.0,0.0,0.0,0.0,0.0,0.0,0.0
903,systemwide,1.2999999999999998,1908412416,0.0,0.0,0.0,0.0,0.6666666666666666,0.6666666666666666,44.0,44.0
903,rdr_proxy,0.6232,450392064,0.0,0.0,0.0,0.0,0.6666666666666666,0.6666666666666666,44.0,44.0
906,systemwide,0.8999999999999999,1907347456,0.0,0.6666666666666666,0.0,12288.0,0.0,0.0,0.0,0.0
906,rdr_proxy,0.6227666666666667,450834432,0.0,0.0,0.0,0.0,0.0,0.0,0.0,0.0
909,systemwide,1.7999999999999998,1907314688,0.0,0.6666666666666666,0.0,4096.0,1.0,1.0,58.0,58.0
909,rdr_proxy,0.5666666666666667,450416640,0.0,1.0,0.0,4096.0,1.0,1.0,58.0,58.0
912,systemwide,1.2999999999999998,1906061312,0.0,0.6666666666666666,0.0,8192.0,0.0,0.0,0.0,0.0
912,rdr_proxy,0.5456666666666666,450813952,0.0,0.0,0.0,0.0,0.0,0.0,0.0,0.0
915,systemwide,1.2,1905188864,0.0,0.0,0.0,0.0,0.0,0.0,0.0,0.0
915,rdr_proxy,0.6415000000000001,450637824,0.0,0.0,0.0,0.0,0.0,0.0,0.0,0.0
918,systemwide,1.9,1903837184,0.0,1.6666666666666667,0.0,9557.333333333334,0.6666666666666666,0.0,139.33333333333334,0.0
918,rdr_proxy,0.9387333333333333,450310144,0.0,1.6666666666666667,0.0,9557.333333333334,0.6666666666666666,0.0,139.33333333333334,0.0
921,systemwide,5.2,1905238016,0.0,1.0,0.0,12288.0,0.6666666666666666,0.0,139.33333333333334,0.0
921,rdr_proxy,0.6228333333333333,449380352,0.0,0.0,0.0,0.0,0.6666666666666666,0.0,139.33333333333334,0.0
924,systemwide,0.6,1905238016,0.0,1.0,0.0,19114.666666666668,0.0,0.0,0.0,0.0
924,rdr_proxy,0.6166666666666667,449871872,0.0,0.0,0.0,0.0,0.0,0.0,0.0,0.0
927,systemwide,0.8999999999999999,1904881664,0.0,1.3333333333333333,0.0,8192.0,0.0,0.0,0.0,0.0
927,rdr_proxy,0.6758666666666667,449642496,0.0,0.0,0.0,0.0,0.0,0.0,0.0,0.0
930,systemwide,2.8,1901252608,0.0,9.666666666666666,0.0,79189.33333333333,0.0,0.0,0.0,0.0
930,rdr_proxy,0.6797333333333334,449368064,0.0,8.666666666666666,0.0,61440.0,0.0,0.0,0.0,0.0
933,systemwide,1.5,1901174784,0.0,6.333333333333333,0.0,25941.333333333332,1.3333333333333333,1.3333333333333333,88.0,88.0
933,rdr_proxy,0.6089,449527808,0.0,0.3333333333333333,0.0,1365.3333333333333,1.3333333333333333,1.3333333333333333,88.0,88.0
936,systemwide,0.3,1901404160,0.0,0.6666666666666666,0.0,9557.333333333334,0.0,0.0,0.0,0.0
936,rdr_proxy,0.6034666666666667,449798144,0.0,0.0,0.0,0.0,0.0,0.0,0.0,0.0
939,systemwide,2.3,1901404160,0.0,0.3333333333333333,0.0,2730.6666666666665,0.3333333333333333,0.3333333333333333,14.0,14.0
939,rdr_proxy,0.7236666666666666,449384448,0.0,0.3333333333333333,0.0,2730.6666666666665,0.3333333333333333,0.3333333333333333,14.0,14.0
942,systemwide,0.6,1901629440,0.0,0.6666666666666666,0.0,13653.333333333334,0.0,0.0,0.0,0.0
942,rdr_proxy,0.6917,449708032,0.0,0.0,0.0,0.0,0.0,0.0,0.0,0.0
945,systemwide,1.2,1901887488,0.0,0.3333333333333333,0.0,2730.6666666666665,0.0,0.0,0.0,0.0
945,rdr_proxy,0.5849333333333333,449781760,0.0,0.6666666666666666,0.0,2730.6666666666665,0.0,0.0,0.0,0.0
948,systemwide,2.1999999999999997,1902137344,0.0,2.3333333333333335,0.0,17749.333333333332,0.6666666666666666,0.3333333333333333,44.0,22.0
948,rdr_proxy,0.6449,449761280,0.0,1.6666666666666667,0.0,6826.666666666667,0.6666666666666666,0.3333333333333333,44.0,22.0
951,systemwide,14.5,1924485120,0.0,0.6666666666666666,0.0,8192.0,4.0,4.666666666666667,2432.3333333333335,2051.3333333333335
951,rdr_proxy,0.8668999999999999,449507328,0.0,0.0,0.0,0.0,4.0,4.666666666666667,2432.3333333333335,2051.3333333333335
954,systemwide,1.5,1919336448,0.0,1.0,0.0,64170.666666666664,1.0,1.0,58.0,58.0
954,rdr_proxy,0.6613333333333333,449597440,0.0,0.3333333333333333,0.0,1365.3333333333333,1.0,1.0,58.0,58.0
957,systemwide,1.2,1916694528,0.0,33.0,0.0,157013.33333333334,0.0,0.0,0.0,0.0
957,rdr_proxy,0.5654333333333333,449675264,0.0,0.0,0.0,0.0,0.0,0.0,0.0,0.0
960,systemwide,1.2,1916694528,0.0,8.0,0.0,65536.0,0.0,0.0,0.0,0.0
960,rdr_proxy,0.5737666666666666,449396736,0.0,7.0,0.0,50517.333333333336,0.0,0.0,0.0,0.0
963,systemwide,0.8999999999999999,1915027456,0.0,0.0,0.0,0.0,0.0,0.0,0.0,0.0
963,rdr_proxy,0.5724333333333333,449683456,0.0,0.0,0.0,0.0,0.0,0.0,0.0,0.0
966,systemwide,1.2,1905340416,0.0,20.333333333333332,0.0,121514.66666666667,0.0,0.0,0.0,0.0
966,rdr_proxy,0.6144666666666666,449486848,0.0,2.3333333333333335,0.0,40960.0,0.0,0.0,0.0,0.0
969,systemwide,1.2,1905340416,0.0,1.3333333333333333,0.0,6826.666666666667,0.0,0.0,0.0,0.0
969,rdr_proxy,0.5708333333333333,449347584,0.0,1.3333333333333333,0.0,6826.666666666667,0.0,0.0,0.0,0.0
972,systemwide,18.099999999999998,1895514112,0.0,2.6666666666666665,0.0,24576.0,0.0,0.0,0.0,0.0
972,rdr_proxy,0.6494,449466368,0.0,0.0,0.0,0.0,0.0,0.0,0.0,0.0
975,systemwide,0.8999999999999999,1895514112,0.0,0.6666666666666666,0.0,4096.0,0.0,0.0,0.0,0.0
975,rdr_proxy,0.6253333333333333,449835008,0.0,0.6666666666666666,0.0,4096.0,0.0,0.0,0.0,0.0
978,systemwide,1.2,1895739392,0.0,0.6666666666666666,0.0,25941.333333333332,0.0,0.0,0.0,0.0
978,rdr_proxy,0.6484,449556480,0.0,0.0,0.0,0.0,0.0,0.0,0.0,0.0
981,systemwide,2.2,1895735296,0.0,3.0,0.0,927061.3333333334,1.3333333333333333,1.0,88.0,66.0
981,rdr_proxy,0.6111333333333333,449429504,0.0,0.6666666666666666,0.0,2730.6666666666665,1.3333333333333333,1.0,88.0,66.0
984,systemwide,5.5,1899147264,0.0,2.3333333333333335,0.0,42325.333333333336,0.0,0.3333333333333333,0.0,22.0
984,rdr_proxy,0.6044333333333333,449716224,0.0,1.6666666666666667,0.0,10922.666666666666,0.0,0.3333333333333333,0.0,22.0
987,systemwide,1.7999999999999998,1899634688,0.0,0.0,0.0,0.0,0.3333333333333333,0.3333333333333333,14.0,14.0
987,rdr_proxy,0.6429333333333334,449654784,0.0,0.0,0.0,0.0,0.3333333333333333,0.3333333333333333,14.0,14.0
990,systemwide,3.0,1900122112,0.0,8.333333333333334,0.0,69632.0,0.0,0.0,0.0,0.0
990,rdr_proxy,0.6324666666666666,449449984,0.0,7.333333333333333,0.0,50517.333333333336,0.0,0.0,0.0,0.0
993,systemwide,1.2,1900351488,0.0,0.0,0.0,0.0,0.0,0.0,0.0,0.0
993,rdr_proxy,0.5462,449470464,0.0,0.0,0.0,0.0,0.0,0.0,0.0,0.0
996,systemwide,1.5,1900343296,0.0,0.6666666666666666,0.0,13653.333333333334,0.0,0.0,0.0,0.0
996,rdr_proxy,0.5471666666666667,449576960,0.0,0.0,0.0,0.0,0.0,0.0,0.0,0.0
999,systemwide,0.6,1900568576,0.0,3.0,0.0,20480.0,1.0,1.0,66.0,66.0
999,rdr_proxy,0.6797333333333334,449359872,0.0,3.3333333333333335,0.0,20480.0,1.0,1.0,66.0,66.0
1002,systemwide,2.0,1897136128,0.0,14.0,0.0,65536.0,0.6666666666666666,0.6666666666666666,36.0,36.0
1002,rdr_proxy,0.6416666666666667,449335296,0.0,0.0,0.0,0.0,0.6666666666666666,0.6666666666666666,36.0,36.0
1005,systemwide,1.5,1896189952,0.0,27.0,0.0,159744.0,0.0,0.0,0.0,0.0
1005,rdr_proxy,0.5622,449683456,0.0,0.0,0.0,0.0,0.0,0.0,0.0,0.0
1008,systemwide,1.7999999999999998,1896673280,0.0,1.3333333333333333,0.0,21845.333333333332,0.0,0.0,0.0,0.0
1008,rdr_proxy,0.6402333333333333,449572864,0.0,0.0,0.0,0.0,0.0,0.0,0.0,0.0
1011,systemwide,5.3,1920319488,0.0,2.3333333333333335,0.0,12288.0,0.3333333333333333,0.3333333333333333,22.0,46.333333333333336
1011,rdr_proxy,0.6641333333333334,449318912,0.0,2.3333333333333335,0.0,12288.0,0.3333333333333333,0.3333333333333333,22.0,46.333333333333336
1014,systemwide,1.5999999999999999,1908248576,0.0,0.6666666666666666,0.0,17749.333333333332,0.0,0.0,0.0,0.0
1014,rdr_proxy,0.6923666666666667,449204224,0.0,0.0,0.0,0.0,0.0,0.0,0.0,0.0
1017,systemwide,0.3,1902895104,0.0,0.6666666666666666,0.0,4096.0,1.0,1.0,62.0,76.66666666666667
1017,rdr_proxy,0.5769666666666667,449581056,0.0,0.6666666666666666,0.0,4096.0,1.0,1.0,62.0,76.66666666666667
1020,systemwide,0.3,1900519424,0.0,6.0,0.0,54613.333333333336,0.0,0.0,0.0,0.0
1020,rdr_proxy,0.5995,449564672,0.0,5.0,0.0,38229.333333333336,0.0,0.0,0.0,0.0
1023,systemwide,2.5999999999999996,1898098688,0.0,0.0,0.0,0.0,0.0,0.0,0.0,0.0
1023,rdr_proxy,0.6749,449392640,0.0,0.0,0.0,0.0,0.0,0.0,0.0,0.0
1026,systemwide,0.6,1898582016,0.0,1.0,0.0,16384.0,1.0,1.0,66.0,66.0
1026,rdr_proxy,0.6955,449425408,0.0,0.3333333333333333,0.0,1365.3333333333333,1.0,1.0,66.0,66.0
1029,systemwide,0.6,1897521152,0.0,0.0,0.0,0.0,0.3333333333333333,0.3333333333333333,22.0,22.0
1029,rdr_proxy,0.596,449552384,0.0,0.0,0.0,0.0,0.3333333333333333,0.3333333333333333,22.0,22.0
1032,systemwide,2.1,1894608896,0.0,1.0,0.0,9557.333333333334,0.0,0.0,0.0,0.0
1032,rdr_proxy,0.5757666666666666,449560576,0.0,0.3333333333333333,0.0,1365.3333333333333,0.0,0.0,0.0,0.0
1035,systemwide,0.8999999999999999,1894838272,0.0,1.0,0.0,5461.333333333333,0.0,0.0,0.0,0.0
1035,rdr_proxy,0.6967,449716224,0.0,1.0,0.0,5461.333333333333,0.0,0.0,0.0,0.0
1038,systemwide,83.2,2080026624,0.0,5.333333333333333,0.0,24576.0,205.0,289.0,1394786.3333333333,1188987.6666666667
1038,rdr_proxy,83.9371,613752832,0.0,0.0,0.0,0.0,205.0,289.0,1394786.3333333333,1188987.6666666667
1041,systemwide,155.1,2109685760,0.0,15.666666666666666,0.0,75093.33333333333,166.33333333333334,222.0,169442.0,151228.0
1041,rdr_proxy,157.58066666666667,659533824,0.0,2.0,0.0,9557.333333333334,166.33333333333334,222.0,169442.0,151228.0
1044,systemwide,11.6,2099924992,0.0,0.6666666666666666,0.0,77824.0,1.3333333333333333,1.3333333333333333,72.0,72.0
1044,rdr_proxy,9.332666666666666,658632704,0.0,0.0,0.0,0.0,1.3333333333333333,1.3333333333333333,72.0,72.0
1047,systemwide,24.0,2096132096,0.0,1.3333333333333333,0.0,43690.666666666664,16.666666666666668,16.666666666666668,8319.666666666666,7473.333333333333
1047,rdr_proxy,19.414366666666666,658481152,0.0,1.0,0.0,13653.333333333334,16.666666666666668,16.666666666666668,8319.666666666666,7473.333333333333
1050,systemwide,4.3,2097045504,0.0,1.3333333333333333,0.0,46421.333333333336,1.3333333333333333,3.0,104.0,304.0
1050,rdr_proxy,2.8851,652439552,0.0,0.3333333333333333,0.0,1365.3333333333333,1.3333333333333333,3.0,104.0,304.0
1053,systemwide,1.2999999999999998,2095374336,0.0,13.666666666666666,0.0,249856.0,0.0,0.0,0.0,0.0
1053,rdr_proxy,0.5764333333333334,652943360,0.0,13.333333333333334,0.0,245760.0,0.0,0.0,0.0,0.0
1056,systemwide,1.7999999999999998,2091368448,0.0,2.0,0.0,32768.0,0.0,0.0,0.0,0.0
1056,rdr_proxy,0.6214333333333334,652632064,0.0,1.3333333333333333,0.0,9557.333333333334,0.0,0.0,0.0,0.0
1059,systemwide,1.2999999999999998,2088902656,0.0,0.0,0.0,0.0,0.0,0.0,0.0,0.0
1059,rdr_proxy,0.7533333333333333,652365824,0.0,0.0,0.0,0.0,0.0,0.0,0.0,0.0
1062,systemwide,1.5,2088861696,0.0,0.6666666666666666,0.0,12288.0,0.3333333333333333,0.3333333333333333,22.0,18.0
1062,rdr_proxy,0.6644666666666666,652472320,0.0,0.0,0.0,0.0,0.3333333333333333,0.3333333333333333,22.0,18.0
1065,systemwide,0.6,2088857600,0.0,0.0,0.0,0.0,0.0,0.0,0.0,0.0
1065,rdr_proxy,0.5906333333333333,651976704,0.0,0.0,0.0,0.0,0.0,0.0,0.0,0.0
1068,systemwide,5.0,2011459584,0.0,1.0,0.0,32768.0,0.3333333333333333,0.3333333333333333,14.0,14.0
1068,rdr_proxy,5.383966666666667,561307648,0.0,0.0,0.0,0.0,0.3333333333333333,0.3333333333333333,14.0,14.0
1071,systemwide,9.1,1993633792,0.0,32.0,0.0,5200554.666666667,0.0,0.0,0.0,0.0
1071,rdr_proxy,4.777033333333333,553046016,0.0,34.333333333333336,0.0,5196458.666666667,0.0,0.0,0.0,0.0
1074,systemwide,2.6999999999999997,1993891840,0.0,14.666666666666666,0.0,125610.66666666667,0.0,0.0,0.0,0.0
1074,rdr_proxy,0.7595000000000001,552550400,0.0,0.0,0.0,0.0,0.0,0.0,0.0,0.0
1077,systemwide,0.6,1982676992,0.0,0.6666666666666666,0.0,365909.3333333333,1.3333333333333333,1.3333333333333333,88.0,88.0
1077,rdr_proxy,0.5410333333333334,551944192,0.0,1.0,0.0,365909.3333333333,1.3333333333333333,1.3333333333333333,88.0,88.0
1080,systemwide,1.5999999999999999,1982672896,0.0,0.6666666666666666,0.0,16384.0,0.0,0.0,0.0,0.0
1080,rdr_proxy,0.5568000000000001,551919616,0.0,0.0,0.0,0.0,0.0,0.0,0.0,0.0
1083,systemwide,1.9,1982263296,0.0,26.666666666666668,0.0,144725.33333333334,0.3333333333333333,0.3333333333333333,22.0,22.0
1083,rdr_proxy,0.6229,551718912,0.0,6.0,0.0,43690.666666666664,0.3333333333333333,0.3333333333333333,22.0,22.0
1086,systemwide,1.5,1982259200,0.0,1.0,0.0,17749.333333333332,0.0,0.0,0.0,0.0
1086,rdr_proxy,0.6368666666666667,551825408,0.0,0.3333333333333333,0.0,1365.3333333333333,0.0,0.0,0.0,0.0
1089,systemwide,1.5,1982488576,0.0,0.0,0.0,0.0,2.6666666666666665,2.6666666666666665,176.0,176.0
1089,rdr_proxy,0.5845666666666667,551636992,0.0,0.0,0.0,0.0,2.6666666666666665,2.6666666666666665,176.0,176.0
1092,systemwide,0.3,1982713856,0.0,2.0,0.0,16384.0,1.3333333333333333,1.3333333333333333,80.0,80.0
1092,rdr_proxy,0.7242666666666667,551981056,0.0,1.3333333333333333,0.0,6826.666666666667,1.3333333333333333,1.3333333333333333,80.0,80.0
1095,systemwide,1.5,1982713856,0.0,0.0,0.0,0.0,0.3333333333333333,0.3333333333333333,22.0,22.0
1095,rdr_proxy,0.6878000000000001,551505920,0.0,0.0,0.0,0.0,0.3333333333333333,0.3333333333333333,22.0,22.0
1098,systemwide,1.7999999999999998,1981038592,0.0,1.0,0.0,13653.333333333334,0.0,0.0,0.0,0.0
1098,rdr_proxy,0.8529333333333334,548462592,0.0,0.3333333333333333,0.0,2730.6666666666665,0.0,0.0,0.0,0.0
1101,systemwide,15.0,1965875200,0.0,0.0,0.0,0.0,0.0,0.0,0.0,0.0
1101,rdr_proxy,14.686366666666666,536576000,0.0,0.0,0.0,0.0,0.0,0.0,0.0,0.0
1104,systemwide,2.8,1962598400,0.0,1.0,0.0,21845.333333333332,0.0,0.0,0.0,0.0
1104,rdr_proxy,0.6259333333333333,536121344,0.0,0.0,0.0,0.0,0.0,0.0,0.0,0.0
1107,systemwide,6.7,1966329856,0.0,4.666666666666667,0.0,28672.0,0.0,0.0,0.0,0.0
1107,rdr_proxy,0.8419666666666666,534638592,0.0,5.0,0.0,28672.0,0.0,0.0,0.0,0.0
1110,systemwide,0.3,1966329856,0.0,8.333333333333334,0.0,43690.666666666664,0.0,0.0,0.0,0.0
1110,rdr_proxy,0.7575666666666666,534917120,0.0,0.0,0.0,0.0,0.0,0.0,0.0,0.0
1113,systemwide,2.5,1966329856,0.0,8.0,0.0,62805.333333333336,0.0,0.0,0.0,0.0
1113,rdr_proxy,0.7997,535117824,0.0,8.333333333333334,0.0,62805.333333333336,0.0,0.0,0.0,0.0
1116,systemwide,1.0,1966321664,0.0,1.0,0.0,15018.666666666666,0.0,0.0,0.0,0.0
1116,rdr_proxy,0.8105000000000001,534913024,0.0,0.0,0.0,0.0,0.0,0.0,0.0,0.0
1119,systemwide,2.1999999999999997,1966313472,0.0,0.3333333333333333,0.0,2730.6666666666665,0.0,0.0,0.0,0.0
1119,rdr_proxy,0.7462333333333334,534712320,0.0,0.6666666666666666,0.0,2730.6666666666665,0.0,0.0,0.0,0.0
1122,systemwide,2.1999999999999997,1963298816,0.0,1.0,0.0,23210.666666666668,1.3333333333333333,1.3333333333333333,88.0,88.0
1122,rdr_proxy,0.6854666666666667,534953984,0.0,0.3333333333333333,0.0,1365.3333333333333,1.3333333333333333,1.3333333333333333,88.0,88.0
1125,systemwide,0.8999999999999999,1963528192,0.0,0.0,0.0,0.0,0.3333333333333333,0.3333333333333333,14.0,14.0
1125,rdr_proxy,0.6464666666666666,534790144,0.0,0.0,0.0,0.0,0.3333333333333333,0.3333333333333333,14.0,14.0
1128,systemwide,0.6,1963757568,0.0,2.3333333333333335,0.0,17749.333333333332,0.3333333333333333,0.3333333333333333,22.0,22.0
1128,rdr_proxy,0.7638333333333334,534896640,0.0,1.6666666666666667,0.0,9557.333333333334,0.3333333333333333,0.3333333333333333,22.0,22.0
1131,systemwide,5.5,1979539456,0.0,0.0,0.0,0.0,4.333333333333333,4.333333333333333,2456.6666666666665,2017.0
1131,rdr_proxy,1.2338333333333333,530599936,0.0,0.0,0.0,0.0,4.333333333333333,4.333333333333333,2456.6666666666665,2017.0
1134,systemwide,1.2999999999999998,1970110464,0.0,1.3333333333333333,0.0,25941.333333333332,2.3333333333333335,2.3333333333333335,154.0,154.0
1134,rdr_proxy,0.7470666666666667,531095552,0.0,0.6666666666666666,0.0,2730.6666666666665,2.3333333333333335,2.3333333333333335,154.0,154.0
1137,systemwide,1.2999999999999998,1970585600,0.0,0.0,0.0,0.0,1.6666666666666667,1.6666666666666667,102.0,102.0
1137,rdr_proxy,0.6772,530919424,0.0,0.0,0.0,0.0,1.6666666666666667,1.6666666666666667,102.0,102.0
1140,systemwide,1.5,1969631232,0.0,2.3333333333333335,0.0,21845.333333333332,0.3333333333333333,0.3333333333333333,22.0,22.0
1140,rdr_proxy,0.6578333333333334,530710528,0.0,1.6666666666666667,0.0,10922.666666666666,0.3333333333333333,0.3333333333333333,22.0,22.0
1143,systemwide,1.5999999999999999,1967210496,0.0,8.333333333333334,0.0,91477.33333333333,0.0,0.0,0.0,0.0
1143,rdr_proxy,0.7641,530857984,0.0,8.333333333333334,0.0,91477.33333333333,0.0,0.0,0.0,0.0
1146,systemwide,2.1,1967206400,0.0,9.0,0.0,43690.666666666664,0.0,0.0,0.0,0.0
1146,rdr_proxy,0.7637333333333333,530710528,0.0,0.0,0.0,0.0,0.0,0.0,0.0,0.0
1149,systemwide,0.8999999999999999,1967435776,0.0,2.0,0.0,15018.666666666666,0.0,0.0,0.0,0.0
1149,rdr_proxy,0.7018333333333334,530681856,0.0,1.3333333333333333,0.0,6826.666666666667,0.0,0.0,0.0,0.0
1152,systemwide,1.2,1965518848,0.0,20.333333333333332,0.0,113322.66666666667,0.0,0.0,0.0,0.0
1152,rdr_proxy,0.7219666666666668,531005440,0.0,0.0,0.0,0.0,0.0,0.0,0.0,0.0
1155,systemwide,1.2999999999999998,1964900352,0.0,0.3333333333333333,0.0,2730.6666666666665,0.0,0.0,0.0,0.0
1155,rdr_proxy,0.7571666666666667,530960384,0.0,0.6666666666666666,0.0,2730.6666666666665,0.0,0.0,0.0,0.0
1158,systemwide,2.9,1955643392,0.0,1.0,0.0,8192.0,0.6666666666666666,0.0,139.33333333333334,0.0
1158,rdr_proxy,1.1504333333333332,530780160,0.0,0.3333333333333333,0.0,1365.3333333333333,0.6666666666666666,0.0,139.33333333333334,0.0
1161,systemwide,2.6999999999999997,1955643392,0.0,0.3333333333333333,0.0,1365.3333333333333,0.6666666666666666,0.0,139.33333333333334,0.0
1161,rdr_proxy,0.7473,530702336,0.0,0.0,0.0,0.0,0.6666666666666666,0.0,139.33333333333334,0.0
1164,systemwide,0.6,1955635200,0.0,3.3333333333333335,0.0,24576.0,0.0,0.0,0.0,0.0
1164,rdr_proxy,0.6890999999999999,531189760,0.0,2.6666666666666665,0.0,12288.0,0.0,0.0,0.0,0.0
1167,systemwide,1.2,1955864576,0.0,0.0,0.0,0.0,0.0,0.0,0.0,0.0
1167,rdr_proxy,0.7585666666666667,531062784,0.0,0.0,0.0,0.0,0.0,0.0,0.0,0.0
1170,systemwide,1.2999999999999998,1955856384,0.0,2.0,0.0,13653.333333333334,1.3333333333333333,1.3333333333333333,88.0,88.0
1170,rdr_proxy,0.7395,531312640,0.0,1.3333333333333333,0.0,6826.666666666667,1.3333333333333333,1.3333333333333333,88.0,88.0
1173,systemwide,2.3,1949585408,0.0,0.0,0.0,0.0,0.3333333333333333,0.3333333333333333,22.0,22.0
1173,rdr_proxy,0.632,531152896,0.0,0.0,0.0,0.0,0.3333333333333333,0.3333333333333333,22.0,22.0
1176,systemwide,1.2,1949339648,0.0,9.333333333333334,0.0,68266.66666666667,1.0,1.0,58.0,82.33333333333333
1176,rdr_proxy,0.6378333333333334,531001344,0.0,9.0,0.0,60074.666666666664,1.0,1.0,58.0,82.33333333333333
1179,systemwide,0.6,1949335552,0.0,2.6666666666666665,0.0,23210.666666666668,2.3333333333333335,2.3333333333333335,154.0,154.0
1179,rdr_proxy,0.7251,530792448,0.0,2.6666666666666665,0.0,23210.666666666668,2.3333333333333335,2.3333333333333335,154.0,154.0
1182,systemwide,5.8,1956651008,0.0,6.333333333333333,0.0,40960.0,0.6666666666666666,0.6666666666666666,44.0,44.0
1182,rdr_proxy,0.6813333333333333,530472960,0.0,0.0,0.0,0.0,0.6666666666666666,0.6666666666666666,44.0,44.0
1185,systemwide,1.7999999999999998,1956876288,0.0,1.3333333333333333,0.0,20480.0,0.3333333333333333,0.3333333333333333,22.0,22.0
1185,rdr_proxy,0.6265999999999999,530497536,0.0,1.0,0.0,4096.0,0.3333333333333333,0.3333333333333333,22.0,22.0
1188,systemwide,1.5,1957105664,0.0,0.0,0.0,0.0,0.0,0.0,0.0,0.0
1188,rdr_proxy,0.6878000000000001,530464768,0.0,0.0,0.0,0.0,0.0,0.0,0.0,0.0
1191,systemwide,4.2,1979588608,0.0,2.0,0.0,19114.666666666668,0.3333333333333333,0.3333333333333333,22.0,22.0
1191,rdr_proxy,0.7290666666666666,530276352,0.0,1.6666666666666667,0.0,8192.0,0.3333333333333333,0.3333333333333333,22.0,22.0
1194,systemwide,0.6,1978486784,0.0,0.3333333333333333,0.0,1365.3333333333333,0.0,0.0,0.0,0.0
1194,rdr_proxy,0.7273666666666667,530391040,0.0,0.3333333333333333,0.0,1365.3333333333333,0.0,0.0,0.0,0.0
1197,systemwide,2.1999999999999997,1976385536,0.0,0.6666666666666666,0.0,12288.0,0.0,0.0,0.0,0.0
1197,rdr_proxy,0.6803333333333333,530657280,0.0,0.0,0.0,0.0,0.0,0.0,0.0,0.0
1200,systemwide,1.5,1960775680,0.0,0.0,0.0,0.0,0.0,0.0,0.0,0.0
1200,rdr_proxy,0.6686,530759680,0.0,0.0,0.0,0.0,0.0,0.0,0.0,0.0
1203,systemwide,1.9,1960775680,0.0,0.6666666666666666,0.0,10922.666666666666,0.0,0.0,0.0,0.0
1203,rdr_proxy,0.7180333333333334,530657280,0.0,0.0,0.0,0.0,0.0,0.0,0.0,0.0
1206,systemwide,1.2,1960775680,0.0,5.0,0.0,38229.333333333336,0.0,0.0,0.0,0.0
1206,rdr_proxy,0.7732,530685952,0.0,5.0,0.0,38229.333333333336,0.0,0.0,0.0,0.0
1209,systemwide,1.2,1960775680,0.0,3.3333333333333335,0.0,23210.666666666668,0.0,0.0,0.0,0.0
1209,rdr_proxy,0.6788333333333334,530460672,0.0,2.6666666666666665,0.0,15018.666666666666,0.0,0.0,0.0,0.0
1212,systemwide,0.6,1960398848,0.0,20.333333333333332,0.0,96938.66666666667,0.0,0.0,0.0,0.0
1212,rdr_proxy,0.6359666666666667,530673664,0.0,0.0,0.0,0.0,0.0,0.0,0.0,0.0
1215,systemwide,1.5,1960624128,0.0,8.666666666666666,0.0,50517.333333333336,1.3333333333333333,1.3333333333333333,88.0,88.0
1215,rdr_proxy,0.7284333333333333,530206720,0.0,1.3333333333333333,0.0,8192.0,1.3333333333333333,1.3333333333333333,88.0,88.0
1218,systemwide,1.5,1960624128,0.0,0.0,0.0,0.0,0.3333333333333333,0.3333333333333333,22.0,22.0
1218,rdr_proxy,0.7749666666666667,530350080,0.0,0.0,0.0,0.0,0.3333333333333333,0.3333333333333333,22.0,22.0
1221,systemwide,1.9,1960853504,0.0,2.0,0.0,20480.0,0.3333333333333333,0.3333333333333333,14.0,14.0
1221,rdr_proxy,0.6841666666666667,530440192,0.0,1.3333333333333333,0.0,5461.333333333333,0.3333333333333333,0.3333333333333333,14.0,14.0
1224,systemwide,1.2999999999999998,1961082880,0.0,0.0,0.0,0.0,2.6666666666666665,2.6666666666666665,168.0,168.0
1224,rdr_proxy,0.6732333333333332,530477056,0.0,0.0,0.0,0.0,2.6666666666666665,2.6666666666666665,168.0,168.0
1227,systemwide,1.7,1960538112,0.0,1.0,0.0,13653.333333333334,0.6666666666666666,0.6666666666666666,44.0,44.0
1227,rdr_proxy,0.7884333333333333,530665472,0.0,0.6666666666666666,0.0,2730.6666666666665,0.6666666666666666,0.6666666666666666,44.0,44.0
1230,systemwide,1.2999999999999998,1957974016,0.0,5.0,0.0,46421.333333333336,0.3333333333333333,0.0,22.0,0.0
1230,rdr_proxy,0.7998333333333334,530690048,0.0,1.6666666666666667,0.0,8192.0,0.3333333333333333,0.0,22.0,0.0
1233,systemwide,1.2,1958203392,0.0,0.0,0.0,0.0,0.0,0.3333333333333333,0.0,22.0
1233,rdr_proxy,0.6900666666666666,530829312,0.0,0.0,0.0,0.0,0.0,0.3333333333333333,0.0,22.0
1236,systemwide,1.2999999999999998,1958203392,0.0,6.333333333333333,0.0,51882.666666666664,0.3333333333333333,0.3333333333333333,22.0,22.0
1236,rdr_proxy,0.6937000000000001,530653184,0.0,5.666666666666667,0.0,40960.0,0.3333333333333333,0.3333333333333333,22.0,22.0
1239,systemwide,2.1999999999999997,1958035456,0.0,0.0,0.0,0.0,0.0,0.0,0.0,0.0
1239,rdr_proxy,0.8458333333333333,530702336,0.0,0.0,0.0,0.0,0.0,0.0,0.0,0.0
1242,systemwide,1.2,1958203392,0.0,1.6666666666666667,0.0,12288.0,0.6666666666666666,0.6666666666666666,44.0,68.33333333333333
1242,rdr_proxy,0.8099666666666666,530870272,0.0,1.3333333333333333,0.0,8192.0,0.6666666666666666,0.6666666666666666,44.0,68.33333333333333
1245,systemwide,6.4,1960747008,0.0,2.0,0.0,27306.666666666668,0.0,0.0,0.0,0.0
1245,rdr_proxy,0.7094333333333332,530518016,0.0,0.0,0.0,0.0,0.0,0.0,0.0,0.0
1248,systemwide,1.5999999999999999,1958830080,0.0,0.0,0.0,0.0,0.0,0.0,0.0,0.0
1248,rdr_proxy,0.7356333333333334,530468864,0.0,0.0,0.0,0.0,0.0,0.0,0.0,0.0
1251,systemwide,5.6,1980964864,0.0,12.0,0.0,75093.33333333333,0.0,0.0,0.0,0.0
1251,rdr_proxy,0.782,530411520,0.0,3.3333333333333335,0.0,24576.0,0.0,0.0,0.0,0.0
1254,systemwide,0.3,1975926784,0.0,0.6666666666666666,0.0,13653.333333333334,0.0,0.0,0.0,0.0
1254,rdr_proxy,0.7797333333333333,530661376,0.0,0.0,0.0,0.0,0.0,0.0,0.0,0.0
1257,systemwide,1.2,1974259712,0.0,1.3333333333333333,0.0,6826.666666666667,0.0,0.0,0.0,0.0
1257,rdr_proxy,0.7092999999999999,530759680,0.0,1.3333333333333333,0.0,6826.666666666667,0.0,0.0,0.0,0.0
1260,systemwide,2.1999999999999997,1964126208,0.0,24.666666666666668,0.0,122880.0,0.0,0.0,0.0,0.0
1260,rdr_proxy,0.6979333333333333,530792448,0.0,0.0,0.0,0.0,0.0,0.0,0.0,0.0
1263,systemwide,1.9,1963601920,0.0,0.6666666666666666,0.0,4096.0,1.6666666666666667,1.6666666666666667,110.0,110.0
1263,rdr_proxy,0.7698666666666667,530522112,0.0,0.6666666666666666,0.0,4096.0,1.6666666666666667,1.6666666666666667,110.0,110.0
1266,systemwide,2.5,1962799104,0.0,6.0,0.0,50517.333333333336,0.0,0.0,0.0,0.0
1266,rdr_proxy,0.7636333333333334,530264064,0.0,5.333333333333333,0.0,42325.333333333336,0.0,0.0,0.0,0.0
1269,systemwide,1.0,1963028480,0.0,0.0,0.0,0.0,2.3333333333333335,2.3333333333333335,146.0,146.0
1269,rdr_proxy,0.7106,530653184,0.0,0.0,0.0,0.0,2.3333333333333335,2.3333333333333335,146.0,146.0
1272,systemwide,1.7999999999999998,1959415808,0.0,2.3333333333333335,0.0,24576.0,1.0,1.0,66.0,90.33333333333333
1272,rdr_proxy,0.7217333333333333,531152896,0.0,1.6666666666666667,0.0,9557.333333333334,1.0,1.0,66.0,90.33333333333333
1275,systemwide,1.2,1959448576,0.0,0.3333333333333333,0.0,1365.3333333333333,0.6666666666666666,0.3333333333333333,36.0,14.0
1275,rdr_proxy,0.7407333333333334,530726912,0.0,0.0,0.0,0.0,0.6666666666666666,0.3333333333333333,36.0,14.0
1278,systemwide,1.5999999999999999,1959899136,0.0,1.0,0.0,16384.0,1.3333333333333333,1.0,183.33333333333334,90.33333333333333
1278,rdr_proxy,1.1333333333333333,530554880,0.0,0.0,0.0,0.0,1.3333333333333333,1.0,183.33333333333334,90.33333333333333
1281,systemwide,3.0999999999999996,1960144896,0.0,0.0,0.0,0.0,4.0,3.3333333333333335,359.3333333333333,341.6666666666667
1281,rdr_proxy,0.7474333333333334,530939904,0.0,0.0,0.0,0.0,4.0,3.3333333333333335,359.3333333333333,341.6666666666667
1284,systemwide,2.1999999999999997,1960112128,0.0,0.3333333333333333,0.0,1365.3333333333333,1.0,1.0,66.0,84.66666666666667
1284,rdr_proxy,0.6691333333333334,530776064,0.0,0.0,0.0,0.0,1.0,1.0,66.0,84.66666666666667
1287,systemwide,0.6,1960083456,0.0,10.0,0.0,79189.33333333333,5.0,5.666666666666667,2907.0,2518.0
1287,rdr_proxy,0.9938666666666666,530530304,0.0,2.3333333333333335,0.0,43690.666666666664,5.0,5.666666666666667,2907.0,2518.0
1290,systemwide,2.0,1959776256,0.0,0.0,0.0,0.0,0.0,0.0,0.0,0.0
1290,rdr_proxy,0.7626333333333334,530825216,0.0,0.0,0.0,0.0,0.0,0.0,0.0,0.0
1293,systemwide,1.9,1954762752,0.0,2.3333333333333335,0.0,28672.0,0.0,0.0,0.0,0.0
1293,rdr_proxy,0.715,531128320,0.0,2.0,0.0,9557.333333333334,0.0,0.0,0.0,0.0
1296,systemwide,0.8999999999999999,1954992128,0.0,7.333333333333333,0.0,61440.0,0.0,0.0,0.0,0.0
1296,rdr_proxy,0.7277,530915328,0.0,6.666666666666667,0.0,54613.333333333336,0.0,0.0,0.0,0.0
1299,systemwide,1.0,1954979840,0.0,0.0,0.0,0.0,0.0,0.0,0.0,0.0
1299,rdr_proxy,0.8666,530984960,0.0,0.0,0.0,0.0,0.0,0.0,0.0,0.0
1302,systemwide,1.5999999999999999,1954979840,0.0,4.0,0.0,34133.333333333336,0.0,0.0,0.0,0.0
1302,rdr_proxy,0.8189333333333333,530808832,0.0,3.6666666666666665,0.0,19114.666666666668,0.0,0.0,0.0,0.0
1305,systemwide,5.4,1958760448,0.0,0.0,0.0,0.0,0.0,0.0,0.0,0.0
1305,rdr_proxy,0.6963666666666667,530853888,0.0,0.0,0.0,0.0,0.0,0.0,0.0,0.0
1308,systemwide,0.8999999999999999,1958752256,0.0,0.3333333333333333,0.0,4096.0,1.3333333333333333,1.3333333333333333,88.0,88.0
1308,rdr_proxy,0.6913999999999999,530567168,0.0,0.0,0.0,0.0,1.3333333333333333,1.3333333333333333,88.0,88.0
1311,systemwide,4.3,1979727872,0.0,0.6666666666666666,0.0,24576.0,0.0,0.0,0.0,0.0
1311,rdr_proxy,0.7521,530501632,0.0,0.0,0.0,0.0,0.0,0.0,0.0,0.0
1314,systemwide,2.9,1968984064,0.0,4.0,0.0,27306.666666666668,0.3333333333333333,0.3333333333333333,14.0,14.0
1314,rdr_proxy,0.7509,530526208,0.0,3.3333333333333335,0.0,15018.666666666666,0.3333333333333333,0.3333333333333333,14.0,14.0
1317,systemwide,2.1,1965703168,0.0,1.6666666666666667,0.0,13653.333333333334,0.0,0.0,0.0,0.0
1317,rdr_proxy,0.6543,530735104,0.0,2.0,0.0,13653.333333333334,0.0,0.0,0.0,0.0
1320,systemwide,1.2,1953628160,0.0,0.6666666666666666,0.0,9557.333333333334,0.0,0.0,0.0,0.0
1320,rdr_proxy,0.6336,530370560,0.0,0.0,0.0,0.0,0.0,0.0,0.0,0.0
1323,systemwide,1.2999999999999998,1953624064,0.0,8.333333333333334,0.0,35498.666666666664,0.3333333333333333,0.3333333333333333,22.0,22.0
1323,rdr_proxy,0.6950333333333334,530300928,0.0,0.0,0.0,0.0,0.3333333333333333,0.3333333333333333,22.0,22.0
1326,systemwide,1.5,1953849344,0.0,0.0,0.0,0.0,0.6666666666666666,0.6666666666666666,36.0,36.0
1326,rdr_proxy,0.7775,530542592,0.0,0.0,0.0,0.0,0.6666666666666666,0.6666666666666666,36.0,36.0
1329,systemwide,0.8999999999999999,1954078720,0.0,6.333333333333333,0.0,43690.666666666664,0.6666666666666666,0.6666666666666666,44.0,40.0
1329,rdr_proxy,0.6929,530472960,0.0,6.0,0.0,39594.666666666664,0.6666666666666666,0.6666666666666666,44.0,40.0
1332,systemwide,2.5,1953820672,0.0,1.0,0.0,5461.333333333333,0.0,0.0,0.0,0.0
1332,rdr_proxy,0.6925666666666667,530415616,0.0,1.0,0.0,5461.333333333333,0.0,0.0,0.0,0.0
1335,systemwide,2.4,1954041856,0.0,20.666666666666668,0.0,106496.0,0.0,0.0,0.0,0.0
1335,rdr_proxy,0.7193,530055168,0.0,0.0,0.0,0.0,0.0,0.0,0.0,0.0
1338,systemwide,0.6,1954037760,0.0,4.0,0.0,46421.333333333336,0.0,0.0,0.0,0.0
1338,rdr_proxy,0.8410333333333333,530100224,0.0,3.0,0.0,16384.0,0.0,0.0,0.0,0.0
1341,systemwide,1.9,1954267136,0.0,0.3333333333333333,0.0,4096.0,0.0,0.0,0.0,0.0
1341,rdr_proxy,0.6412333333333333,530440192,0.0,0.0,0.0,0.0,0.0,0.0,0.0,0.0
1344,systemwide,0.8999999999999999,1954263040,0.0,1.3333333333333333,0.0,20480.0,0.0,0.0,0.0,0.0
1344,rdr_proxy,0.6074666666666667,530124800,0.0,0.3333333333333333,0.0,2730.6666666666665,0.0,0.0,0.0,0.0
1347,systemwide,1.2,1954263040,0.0,0.0,0.0,0.0,0.0,0.0,0.0,0.0
1347,rdr_proxy,0.7524000000000001,530665472,0.0,0.0,0.0,0.0,0.0,0.0,0.0,0.0
1350,systemwide,0.8999999999999999,1954263040,0.0,2.6666666666666665,0.0,21845.333333333332,0.0,0.0,0.0,0.0
1350,rdr_proxy,0.7242000000000001,530419712,0.0,2.0,0.0,10922.666666666666,0.0,0.0,0.0,0.0
1353,systemwide,2.5,1954263040,0.0,0.0,0.0,0.0,0.6666666666666666,0.6666666666666666,44.0,44.0
1353,rdr_proxy,0.6141333333333333,530427904,0.0,0.0,0.0,0.0,0.6666666666666666,0.6666666666666666,44.0,44.0
1356,systemwide,0.8999999999999999,1954484224,0.0,0.6666666666666666,0.0,5461.333333333333,0.0,0.0,0.0,0.0
1356,rdr_proxy,0.636,530178048,0.0,0.0,0.0,0.0,0.0,0.0,0.0,0.0
1359,systemwide,1.9,1954451456,0.0,12.0,0.0,72362.66666666667,1.3333333333333333,1.3333333333333333,72.0,72.0
1359,rdr_proxy,0.7444333333333333,530460672,0.0,5.666666666666667,0.0,42325.333333333336,1.3333333333333333,1.3333333333333333,72.0,72.0
1362,systemwide,1.5,1954410496,0.0,0.6666666666666666,0.0,10922.666666666666,0.0,0.0,0.0,0.0
1362,rdr_proxy,0.6672666666666666,530579456,0.0,0.0,0.0,0.0,0.0,0.0,0.0,0.0
1365,systemwide,1.5,1954897920,0.0,0.3333333333333333,0.0,2730.6666666666665,0.0,0.0,0.0,0.0
1365,rdr_proxy,0.6309333333333333,530436096,0.0,0.6666666666666666,0.0,2730.6666666666665,0.0,0.0,0.0,0.0
1368,systemwide,5.6,1957224448,0.0,5.0,0.0,39594.666666666664,0.3333333333333333,0.3333333333333333,22.0,22.0
1368,rdr_proxy,0.6448666666666667,530210816,0.0,4.666666666666667,0.0,28672.0,0.3333333333333333,0.3333333333333333,22.0,22.0
1371,systemwide,9.2,1923567616,1.6666666666666667,1.0,64170.666666666664,4096.0,0.0,0.0,0.0,0.0
1371,rdr_proxy,2.2881666666666667,457617408,0.0,0.0,0.0,0.0,0.0,0.0,0.0,0.0
1374,systemwide,1.5,1913356288,0.0,1.6666666666666667,0.0,66901.33333333333,0.3333333333333333,0.3333333333333333,22.0,22.0
1374,rdr_proxy,0.7096,457478144,0.0,0.6666666666666666,0.0,2730.6666666666665,0.3333333333333333,0.3333333333333333,22.0,22.0
1377,systemwide,3.1999999999999997,1913511936,0.0,0.6666666666666666,0.0,12288.0,0.0,0.0,0.0,0.0
1377,rdr_proxy,0.5793666666666667,457826304,0.0,0.0,0.0,0.0,0.0,0.0,0.0,0.0
1380,systemwide,0.0,1911324672,0.0,1.0,0.0,6826.666666666667,0.3333333333333333,0.3333333333333333,22.0,22.0
1380,rdr_proxy,0.5646666666666667,457789440,0.0,1.0,0.0,6826.666666666667,0.3333333333333333,0.3333333333333333,22.0,22.0
1383,systemwide,0.8999999999999999,1909411840,0.0,2.0,0.0,15018.666666666666,0.0,0.0,0.0,0.0
1383,rdr_proxy,0.6258666666666667,457695232,0.0,1.3333333333333333,0.0,6826.666666666667,0.0,0.0,0.0,0.0
1386,systemwide,1.2999999999999998,1906536448,0.0,1.0,0.0,17749.333333333332,0.0,0.0,0.0,0.0
1386,rdr_proxy,0.6410666666666667,457662464,0.0,0.3333333333333333,0.0,1365.3333333333333,0.0,0.0,0.0,0.0
1389,systemwide,0.8999999999999999,1898508288,0.0,11.0,0.0,191146.66666666666,0.0,0.0,0.0,0.0
1389,rdr_proxy,0.6144666666666666,457760768,0.0,11.333333333333334,0.0,191146.66666666666,0.0,0.0,0.0,0.0
1392,systemwide,1.5,1898504192,0.0,15.666666666666666,0.0,88746.66666666667,0.0,0.0,0.0,0.0
1392,rdr_proxy,0.6137666666666667,457814016,0.0,0.0,0.0,0.0,0.0,0.0,0.0,0.0
1395,systemwide,1.2999999999999998,1898504192,0.0,0.0,0.0,0.0,0.0,0.0,0.0,0.0
1395,rdr_proxy,0.6658666666666667,458014720,0.0,0.0,0.0,0.0,0.0,0.0,0.0,0.0
1398,systemwide,1.7999999999999998,1894756352,0.0,29.666666666666668,0.0,141994.66666666666,0.6666666666666666,0.0,139.33333333333334,0.0
1398,rdr_proxy,0.9702333333333333,457302016,0.0,0.0,0.0,0.0,0.6666666666666666,0.0,139.33333333333334,0.0
1401,systemwide,0.8999999999999999,1894985728,0.0,0.6666666666666666,0.0,172032.0,0.6666666666666666,0.0,139.33333333333334,0.0
1401,rdr_proxy,0.6032666666666667,457482240,0.0,0.6666666666666666,0.0,2730.6666666666665,0.6666666666666666,0.0,139.33333333333334,0.0
1404,systemwide,1.2,1895202816,0.0,4.0,0.0,38229.333333333336,1.3333333333333333,1.3333333333333333,88.0,88.0
1404,rdr_proxy,0.6038666666666667,457515008,0.0,2.6666666666666665,0.0,15018.666666666666,1.3333333333333333,1.3333333333333333,88.0,88.0
1407,systemwide,2.5999999999999996,1895202816,0.0,0.0,0.0,0.0,0.3333333333333333,0.3333333333333333,14.0,14.0
1407,rdr_proxy,0.6852,458022912,0.0,0.0,0.0,0.0,0.3333333333333333,0.3333333333333333,14.0,14.0
1410,systemwide,0.0,1895428096,0.0,2.6666666666666665,0.0,21845.333333333332,0.3333333333333333,0.3333333333333333,14.0,14.0
1410,rdr_proxy,0.6342,457940992,0.0,2.0,0.0,9557.333333333334,0.3333333333333333,0.3333333333333333,14.0,14.0
1413,systemwide,1.5999999999999999,1895657472,0.0,0.0,0.0,0.0,0.0,0.0,0.0,0.0
1413,rdr_proxy,0.6113666666666667,457777152,0.0,0.0,0.0,0.0,0.0,0.0,0.0,0.0
1416,systemwide,1.2,1890787328,0.0,1.0,0.0,9557.333333333334,0.3333333333333333,0.3333333333333333,22.0,22.0
1416,rdr_proxy,0.5943999999999999,457334784,0.0,0.3333333333333333,0.0,2730.6666666666665,0.3333333333333333,0.3333333333333333,22.0,22.0
1419,systemwide,2.1999999999999997,1891016704,0.0,7.666666666666667,0.0,58709.333333333336,0.3333333333333333,0.3333333333333333,22.0,22.0
1419,rdr_proxy,0.6405,457322496,0.0,8.0,0.0,58709.333333333336,0.3333333333333333,0.3333333333333333,22.0,22.0
1422,systemwide,1.9,1891246080,0.0,0.6666666666666666,0.0,13653.333333333334,0.0,0.0,0.0,0.0
1422,rdr_proxy,0.6487666666666666,457449472,0.0,0.0,0.0,0.0,0.0,0.0,0.0,0.0
1425,systemwide,1.5,1891241984,0.0,0.0,0.0,0.0,0.3333333333333333,0.3333333333333333,22.0,22.0
1425,rdr_proxy,0.5850666666666667,457482240,0.0,0.0,0.0,0.0,0.3333333333333333,0.3333333333333333,22.0,22.0
1428,systemwide,3.8,1897312256,0.0,5.333333333333333,0.0,30037.333333333332,0.0,0.0,0.0,0.0
1428,rdr_proxy,0.6505333333333333,457498624,0.0,0.0,0.0,0.0,0.0,0.0,0.0,0.0
1431,systemwide,4.6,1919762432,0.0,0.6666666666666666,0.0,2730.6666666666665,0.0,0.0,0.0,0.0
1431,rdr_proxy,0.7200000000000001,457150464,0.0,0.6666666666666666,0.0,2730.6666666666665,0.0,0.0,0.0,0.0
1434,systemwide,2.2,1915486208,0.0,1.0,0.0,19114.666666666668,0.0,0.0,0.0,0.0
1434,rdr_proxy,0.7218666666666667,457588736,0.0,0.0,0.0,0.0,0.0,0.0,0.0,0.0
1437,systemwide,1.5999999999999999,1914650624,0.0,0.6666666666666666,0.0,6826.666666666667,0.0,0.0,0.0,0.0
1437,rdr_proxy,0.6547333333333333,457404416,0.0,0.6666666666666666,0.0,2730.6666666666665,0.0,0.0,0.0,0.0
1440,systemwide,0.8999999999999999,1912479744,0.0,1.0,0.0,23210.666666666668,0.0,0.0,0.0,0.0
1440,rdr_proxy,0.6519333333333334,457637888,0.0,0.3333333333333333,0.0,1365.3333333333333,0.0,0.0,0.0,0.0
1443,systemwide,3.1999999999999997,1910812672,0.0,0.0,0.0,0.0,0.0,0.0,0.0,0.0
1443,rdr_proxy,0.7025333333333333,457646080,0.0,0.0,0.0,0.0,0.0,0.0,0.0,0.0
1446,systemwide,0.8999999999999999,1909022720,0.0,0.6666666666666666,0.0,5461.333333333333,3.0,3.6666666666666665,1542.6666666666667,1543.3333333333333
1446,rdr_proxy,0.8870666666666667,457711616,0.0,0.0,0.0,0.0,3.0,3.6666666666666665,1542.6666666666667,1543.3333333333333
1449,systemwide,0.3,1908064256,0.0,0.0,0.0,0.0,0.6666666666666666,0.6666666666666666,44.0,44.0
1449,rdr_proxy,0.6477,457838592,0.0,0.0,0.0,0.0,0.6666666666666666,0.6666666666666666,44.0,44.0
1452,systemwide,1.5,1906843648,0.0,9.0,0.0,79189.33333333333,1.3333333333333333,1.3333333333333333,72.0,72.0
1452,rdr_proxy,0.6575,457748480,0.0,8.333333333333334,0.0,58709.333333333336,1.3333333333333333,1.3333333333333333,72.0,72.0
1455,systemwide,1.7,1905573888,0.0,3.0,0.0,45056.0,0.0,0.0,0.0,0.0
1455,rdr_proxy,0.6947333333333333,457867264,0.0,3.0,0.0,45056.0,0.0,0.0,0.0,0.0
1458,systemwide,1.5999999999999999,1903976448,0.0,8.333333333333334,0.0,40960.0,0.0,0.0,0.0,0.0
1458,rdr_proxy,0.7249333333333333,457375744,0.0,0.0,0.0,0.0,0.0,0.0,0.0,0.0
1461,systemwide,1.5,1898725376,0.0,21.333333333333332,0.0,101034.66666666667,0.3333333333333333,0.3333333333333333,22.0,22.0
1461,rdr_proxy,0.6706,457490432,0.0,1.3333333333333333,0.0,6826.666666666667,0.3333333333333333,0.3333333333333333,22.0,22.0
1464,systemwide,2.1999999999999997,1896624128,0.0,0.6666666666666666,0.0,15018.666666666666,0.0,0.0,0.0,0.0
1464,rdr_proxy,0.648,457302016,0.0,0.0,0.0,0.0,0.0,0.0,0.0,0.0
1467,systemwide,0.6,1896853504,0.0,0.0,0.0,0.0,0.0,0.0,0.0,0.0
1467,rdr_proxy,0.7010333333333333,457760768,0.0,0.0,0.0,0.0,0.0,0.0,0.0,0.0
1470,systemwide,0.8999999999999999,1896849408,0.0,2.0,0.0,25941.333333333332,0.3333333333333333,0.3333333333333333,22.0,22.0
1470,rdr_proxy,0.6874333333333333,457621504,0.0,1.3333333333333333,0.0,5461.333333333333,0.3333333333333333,0.3333333333333333,22.0,22.0
1473,systemwide,2.5,1896812544,0.0,0.0,0.0,0.0,0.3333333333333333,0.3333333333333333,22.0,22.0
1473,rdr_proxy,0.6174000000000001,457412608,0.0,0.0,0.0,0.0,0.3333333333333333,0.3333333333333333,22.0,22.0
1476,systemwide,1.5,1896812544,0.0,1.0,0.0,9557.333333333334,0.0,0.0,0.0,0.0
1476,rdr_proxy,0.653,457109504,0.0,0.3333333333333333,0.0,1365.3333333333333,0.0,0.0,0.0,0.0
1479,systemwide,0.8999999999999999,1896812544,0.0,0.0,0.0,0.0,0.0,0.0,0.0,0.0
1479,rdr_proxy,0.7526,457330688,0.0,0.0,0.0,0.0,0.0,0.0,0.0,0.0
1482,systemwide,2.8,1896808448,0.0,10.0,0.0,75093.33333333333,0.0,0.0,0.0,0.0
1482,rdr_proxy,0.7488,457314304,0.0,9.333333333333334,0.0,65536.0,0.0,0.0,0.0,0.0
1485,systemwide,1.2999999999999998,1897037824,0.0,0.0,0.0,0.0,0.0,0.0,0.0,0.0
1485,rdr_proxy,0.6689666666666666,457388032,0.0,0.0,0.0,0.0,0.0,0.0,0.0,0.0
1488,systemwide,1.0,1897033728,0.0,1.0,0.0,10922.666666666666,0.0,0.0,0.0,0.0
1488,rdr_proxy,0.6396666666666667,457396224,0.0,0.3333333333333333,0.0,1365.3333333333333,0.0,0.0,0.0,0.0
1491,systemwide,4.1,1917673472,0.0,3.3333333333333335,0.0,23210.666666666668,0.0,0.0,0.0,0.0
1491,rdr_proxy,0.7175333333333334,457228288,0.0,3.6666666666666665,0.0,23210.666666666668,0.0,0.0,0.0,0.0
1494,systemwide,1.5999999999999999,1908461568,0.0,5.333333333333333,0.0,30037.333333333332,0.6666666666666666,0.6666666666666666,44.0,44.0
1494,rdr_proxy,0.7619666666666666,457662464,0.0,0.0,0.0,0.0,0.6666666666666666,0.6666666666666666,44.0,44.0
1497,systemwide,18.3,1920655360,0.0,0.3333333333333333,0.0,2730.6666666666665,61.666666666666664,73.0,97270.66666666667,103546.0
1497,rdr_proxy,14.0265,478351360,0.0,0.3333333333333333,0.0,2730.6666666666665,61.666666666666664,73.0,97270.66666666667,103546.0
1500,systemwide,178.1,2108096512,0.0,1.0,0.0,51882.666666666664,216.66666666666666,305.3333333333333,1411394.6666666667,1209841.0
1500,rdr_proxy,181.83916666666667,666034176,0.0,0.0,0.0,0.0,216.66666666666666,305.3333333333333,1411394.6666666667,1209841.0
1503,systemwide,49.1,2134401024,0.0,2.0,0.0,70997.33333333333,73.33333333333333,60.333333333333336,52339.666666666664,20967.666666666668
1503,rdr_proxy,51.068466666666666,687648768,0.0,1.3333333333333333,0.0,6826.666666666667,73.33333333333333,60.333333333333336,52339.666666666664,20967.666666666668
1506,systemwide,27.4,2128252928,0.0,1.3333333333333333,0.0,47786.666666666664,6.333333333333333,10.666666666666666,2919.0,3769.6666666666665
1506,rdr_proxy,26.277666666666665,689041408,0.0,1.0,0.0,12288.0,6.333333333333333,10.666666666666666,2919.0,3769.6666666666665
1509,systemwide,10.6,2120556544,0.0,0.0,0.0,0.0,2.6666666666666665,1.3333333333333333,1604.0,92.0
1509,rdr_proxy,10.688699999999999,676958208,0.0,0.0,0.0,0.0,2.6666666666666665,1.6666666666666667,1604.0,115.33333333333333
1512,systemwide,8.5,2119045120,0.0,13.0,0.0,275797.3333333333,28.666666666666668,35.0,2646.3333333333335,64755.666666666664
1512,rdr_proxy,9.473733333333334,689442816,0.0,12.333333333333334,0.0,232106.66666666666,28.666666666666668,35.0,2646.3333333333335,64755.666666666664
1515,systemwide,166.7,2308890624,0.0,0.0,0.0,0.0,253.33333333333334,382.6666666666667,1578069.6666666667,1301155.6666666667
1515,rdr_proxy,171.10119999999998,866897920,0.0,0.0,0.0,0.0,253.33333333333334,382.6666666666667,1578069.6666666667,1301155.6666666667
1518,systemwide,93.3,2356297728,0.0,0.6666666666666666,0.0,55978.666666666664,162.33333333333334,184.33333333333334,233949.0,221401.0
1518,rdr_proxy,96.14506666666666,911699968,0.0,0.0,0.0,0.0,162.33333333333334,184.33333333333334,233949.0,221401.0
1521,systemwide,22.5,2355658752,0.0,33.666666666666664,0.0,215722.66666666666,12.333333333333334,13.666666666666666,3807.0,7192.666666666667
1521,rdr_proxy,20.6478,915111936,0.0,0.3333333333333333,0.0,9557.333333333334,12.333333333333334,13.666666666666666,3807.0,7192.666666666667
1524,systemwide,14.1,2327916544,0.0,12.666666666666666,0.0,51882.666666666664,5.0,2.6666666666666665,4547.666666666667,291.0
1524,rdr_proxy,13.078666666666665,881414144,0.0,0.0,0.0,0.0,5.0,2.6666666666666665,4547.666666666667,291.0
1527,systemwide,3.1999999999999997,2322403328,0.0,6.666666666666667,0.0,353621.3333333333,0.0,0.0,0.0,0.0
1527,rdr_proxy,0.9124666666666666,879935488,0.0,6.0,0.0,260778.66666666666,0.0,0.0,0.0,0.0
1530,systemwide,9.4,2203951104,0.0,0.3333333333333333,0.0,4096.0,0.0,0.0,0.0,0.0
1530,rdr_proxy,9.9075,782688256,0.0,0.0,0.0,0.0,0.0,0.0,0.0,0.0
1533,systemwide,1.7999999999999998,2203574272,0.0,14.333333333333334,0.0,3387392.0,0.0,0.0,0.0,0.0
1533,rdr_proxy,0.6818333333333334,782258176,0.0,17.666666666666668,0.0,3347797.3333333335,0.0,0.0,0.0,0.0
1536,systemwide,1.5,2192904192,0.0,0.0,0.0,0.0,0.0,0.0,0.0,0.0
1536,rdr_proxy,0.7302333333333334,781398016,0.0,0.0,0.0,0.0,0.0,0.0,0.0,0.0
1539,systemwide,1.9,2190684160,0.0,5.333333333333333,0.0,1608362.6666666667,0.0,0.0,0.0,0.0
1539,rdr_proxy,0.8559333333333333,781541376,0.0,7.333333333333333,0.0,1581056.0,0.0,0.0,0.0,0.0
1542,systemwide,2.1,2189426688,0.0,21.666666666666668,0.0,1501866.6666666667,0.6666666666666666,0.6666666666666666,44.0,44.0
1542,rdr_proxy,0.7971,781672448,0.0,22.0,0.0,1473194.6666666667,0.6666666666666666,0.6666666666666666,44.0,44.0
