timestamp,url,trace
0.0,https://www.kleinanzeigen.de,0
0.28373,https://www.zillow.com,0
0.603494,https://luticlip.com,0
0.603663,https://sp.jra.jp,0
0.6041,https://www.ancestry.com,0
0.606834,https://www.tokyomotion.net,0
0.607986,https://www.hepsiburada.com,0
1.374266,https://www.nikkansports.com,0
1.973384,https://fantia.jp,0
22.597744,https://m.olx.pl,0
22.597872,https://www.sidrachain.com,0
22.785956,https://www.sofascore.com,0
22.805741,https://www.xvideos.com,0
22.977534,https://www.samsung.com,0
24.190916,https://cdn.sqrtl.com,0
24.73589,https://cdn.sqrtl.com,0
25.12457,https://cdn.sqrtl.com,0
29.28077,https://www.xvideos.com,0
30.109545,https://www.samsung.com,0
32.098433,https://cdn.sqrtl.com,0
32.590683,https://cdn.sqrtl.com,0
33.284095,https://cdn.sqrtl.com,0
33.688384,https://cdn.sqrtl.com,0
34.078731,https://cdn.sqrtl.com,0
51.862243,https://m.olx.pl,0
51.862662,https://www.sidrachain.com,0
52.473998,https://www.screener.in,0
52.513828,https://www.abc.es,0
52.622592,https://www.20minutos.es,0
52.683284,https://www.amazon.com.au,0
53.221561,https://tw.news.yahoo.com,0
54.070817,https://tw.news.yahoo.com,0
54.583557,https://tw.news.yahoo.com,0
151.655995,https://y2mate.nu,0
158.105245,https://www.universal-credit.service.gov.uk,0
159.452408,https://www.clarin.com,0
163.347078,https://www.focus.de,0
163.421983,https://www.hltv.org,0
163.450552,https://dzen.ru,0
163.529869,https://www.calculator.net,0
166.759688,https://y2mate.nu,0
214.036309,https://y2mate.nu,0
223.392919,https://czbooks.net,0
223.572022,https://music.youtube.com,0
223.74009,https://czbooks.net,0
223.878724,https://czbooks.net,0
225.503401,https://nlab.itmedia.co.jp,0
225.603227,https://a24.app.gree-pf.net,0
230.721286,https://www.jagran.com,0
231.060509,https://www.jagran.com,0
231.212024,https://poczta.wp.pl,0
231.220495,https://www.national-lottery.co.uk,0
231.71321,https://www.bing.com,0
277.909751,https://www.universal-credit.service.gov.uk,0
284.724131,https://xn--3-5wfa4ehe3i1bd1ood.com,0
284.757741,https://m.scan-manga.com,0
284.757882,https://m.scan-manga.com,0
284.999447,https://www.ilmessaggero.it,0
285.408771,https://www.betway.co.za,0
285.415923,https://e-hentai.org,0
285.589319,https://www.deviantart.com,0
285.78129,https://www.hln.be,0
286.016115,https://www.navitime.co.jp,0
286.287795,https://missav.ws,0
286.833485,https://scholar.google.com,0
288.655588,https://www.xnxx.es,0
297.858687,https://y2mate.nu,0
302.156353,https://mydesi.sbs,0
302.393399,https://fastdl.app,0
304.404155,https://jp.indeed.com,0
304.407744,https://m.nirvam.it,0
304.486445,https://m.betking.com,0
304.488778,https://www.hdtube.porn,0
304.679866,https://scholar.google.com,0
304.69232,https://id.woxh.world,0
304.693648,https://xn--3-5wfa4ehe3i1bd1ood.com,0
304.707699,https://www.hdtube.porn,0
304.707788,https://fastdl.app,0
304.796092,https://www.ups.com,0
304.860799,https://e-hentai.org,0
304.921564,https://www.threads.com,0
304.926376,https://produto.mercadolivre.com.br,0
305.259055,https://www.youporn.com,0
305.372928,https://www.ilmessaggero.it,0
306.224041,https://www.google.com.hk,0
330.516528,https://y2mate.nu,0
370.922027,https://www.youporn.com,0
388.665471,https://y2mate.nu,0
451.157403,https://www.youporn.com,0
485.242885,https://heylink.me,0
506.658367,https://ru.m.wikipedia.org,0
601.649905,https://www.youporn.com,0
701.109507,https://www.google.com.hk,0
701.410629,https://www.youporn.com,0
702.23136,https://weathernews.jp,0
717.091813,https://y2mate.nu,0
768.164957,https://www.youporn.com,0
775.600758,https://one.google.com,0
786.092961,https://xn--3-5wfa4ehe3i1bd1ood.com,0
786.412626,https://www.ilmessaggero.it,0
786.724483,https://e-hentai.org,0
786.990994,https://pt.xhamster.com,0
786.992779,https://giris.turkiye.gov.tr,0
786.996543,https://www.deviantart.com,0
787.029565,https://www.navitime.co.jp,0
787.308804,https://ge.xhamster.desi,0
787.639641,https://ge.xhamster.desi,0
788.01696,https://email.seznam.cz,0
788.050045,https://ge.xhamster.desi,0
788.051602,https://ge.xhamster.desi,0
788.053721,https://ge.xhamster.desi,0
788.055242,https://ge.xhamster.desi,0
788.727265,https://www.ilmessaggero.it,0
799.704487,https://ge.xhamster.desi,0
799.978262,https://ge.xhamster.desi,0
799.978364,https://ge.xhamster.desi,0
799.978459,https://ge.xhamster.desi,0
799.978663,https://ge.xhamster.desi,0
799.981502,https://ge.xhamster.desi,0
811.298376,https://ge.xhamster.desi,0
811.552059,https://ge.xhamster.desi,0
854.634101,https://www.youporn.com,0
948.681796,https://www.youporn.com,0
1026.438027,https://www.youporn.com,0
1053.573317,https://m.nirvam.it,0
1105.480956,https://www.lecturas.com,0
1144.113183,https://www.youporn.com,0
1149.758347,https://xn--3-5wfa4ehe3i1bd1ood.com,0
1150.078518,https://www.ilmessaggero.it,0
1150.259812,https://www.betway.co.za,0
1150.427413,https://e-hentai.org,0
1150.526007,https://www.deviantart.com,0
1150.537587,https://www.justdial.com,0
1150.785085,https://www.hln.be,0
1151.014118,https://missav.ws,0
1151.136788,https://www.navitime.co.jp,0
1151.828701,https://superbet.bet.br,0
1153.639276,https://kick.com,0
1153.639369,https://www.xvideos.es,0
1153.708235,https://hochi.news,0
1153.716452,https://superbet.bet.br,0
1153.722372,https://kick.com,0
1153.947677,https://superbet.bet.br,0
1154.046171,https://www.xnxx.es,0
1154.172889,https://www.ecosia.org,0
1154.178141,https://articulo.mercadolibre.com.ar,0
1154.184532,https://quizlet.com,0
1154.184632,https://www.ozon.ru,0
1154.245648,https://www.ecosia.org,0
1154.287147,https://www.ozon.ru,0
1154.28726,https://www.ozon.ru,0
1154.407695,https://www.ecosia.org,0
1154.407776,https://www.ecosia.org,0
1154.408077,https://www.ecosia.org,0
1154.410247,https://www.ecosia.org,0
1154.427512,https://playinmatch.com,0
1154.995749,https://www.casinoplus.com.ph,0
1155.003498,https://www.xvideos.es,0
1188.95226,https://scholar.google.com,0
1189.232852,https://fastdl.app,0
1189.332583,https://jp.indeed.com,0
1189.336984,https://www.google.com.hk,0
1189.33774,https://m.nirvam.it,0
1189.514385,https://m.betking.com,0
1189.764264,https://id.woxh.world,0
1189.765887,https://xn--3-5wfa4ehe3i1bd1ood.com,0
1189.897913,https://e-hentai.org,0
1189.95149,https://www.threads.com,0
1189.951602,https://produto.mercadolivre.com.br,0
1190.266397,https://www.hdtube.porn,0
1190.583409,https://ru.m.wikipedia.org,0
1190.589364,https://www.ilmessaggero.it,0
1190.623296,https://www.youporn.com,0
1193.545308,https://www.dlsite.com,0
1194.674174,https://www.betway.co.za,0
1194.803215,https://www.scribd.com,0
1195.25363,https://www.ilmessaggero.it,0
1195.259254,https://id.woxh.world,0
1195.512647,https://www.shahrekhabar.com,0
1195.518011,https://www.hln.be,0
1195.596269,https://xn--3-5wfa4ehe3i1bd1ood.com,0
1196.357462,https://www.apple.com,0
1197.118057,https://e-hentai.org,0
1197.124667,https://www.temu.com,0
1246.772266,https://y2mate.nu,0
1259.215232,https://www.walmart.com,0
1259.840538,https://login.account.rakuten.com,0
1267.65683,https://pt.xhamster.com,0
1267.660224,https://giris.turkiye.gov.tr,0
1269.578666,https://scholar.google.com,0
1271.856321,https://one.google.com,0
1271.858455,https://www.hdtube.porn,0
1271.860527,https://m.betking.com,0
1271.863408,https://weathernews.jp,0
1275.805065,https://m.nirvam.it,0
1276.418456,https://www.youporn.com,0
1278.127548,https://fastdl.app,0
1285.513421,https://ru.m.wikipedia.org,0
1302.26121,https://www.google.com.hk,0
1303.440211,https://jp.indeed.com,0
1309.023071,https://www.ups.com,0
1322.420107,https://produto.mercadolivre.com.br,0
1373.784632,https://www.threads.com,0
1374.048394,https://www.youporn.com,0
1407.613032,https://www.navitime.co.jp,0
1425.279181,https://www.youjizz.com,0
1453.343338,https://www.youporn.com,0
1502.778153,https://www.justdial.com,0
1503.134479,https://giris.turkiye.gov.tr,0
1503.339247,https://pt.m.wikipedia.org,0
1503.347564,https://pt.xhamster.com,0
1503.419886,https://www.hln.be,0
1517.158013,https://www.youporn.com,0
1627.511783,https://www.youjizz.com,0
1627.906582,https://music.youtube.com,0
1630.687669,https://dzen.ru,0
1630.798164,https://mydesi.sbs,0
1652.39998,https://br.xhamster.com,0
1653.794377,https://y2mate.nu,0
1656.726733,https://www.universal-credit.service.gov.uk,0
1659.419991,https://mydesi.sbs,0
1666.096534,https://xn--3-5wfa4ehe3i1bd1ood.com,0
1666.571846,https://www.ilmessaggero.it,0
1666.755959,https://e-hentai.org,0
1666.950407,https://www.deviantart.com,0
1666.9774,https://www.betway.co.za,0
1667.15012,https://www.navitime.co.jp,0
1667.337336,https://www.hln.be,0
1667.601804,https://missav.ws,0
1667.723706,https://www.dlsite.com,0
1670.021361,https://www.xnxx.es,0
1671.611314,https://ncode.syosetu.com,0
1671.61551,https://sexmup3x.net,0
1671.807788,https://sexmup3x.net,0
1671.940285,https://ekstrabladet.dk,0
1672.01153,https://wise.com,0
1672.018881,https://meet.google.com,0
1672.151257,https://www.ladepeche.fr,0
1672.265527,https://m.naver.com,0
1672.925397,https://www.njuskalo.hr,0
1673.085965,https://music.youtube.com,0
1673.35569,https://music.youtube.com,0
1673.967262,https://ncode.syosetu.com,0
1674.062179,https://ncode.syosetu.com,0
1674.318293,https://www.freejobalert.com,0
1674.424552,https://a24.app.gree-pf.net,0
1676.179954,https://music.youtube.com,0
1677.338647,https://music.youtube.com,0
1679.702789,https://music.youtube.com,0
1688.060118,https://www.njuskalo.hr,0
1688.30797,https://music.youtube.com,0
1714.688043,https://tvn24.pl,0
1714.799317,https://scholar.google.com,0
1715.032369,https://fastdl.app,0
1715.408791,https://jp.indeed.com,0
1715.483449,https://www.hdtube.porn,0
1715.488594,https://id.woxh.world,0
1715.490308,https://xn--3-5wfa4ehe3i1bd1ood.com,0
1715.560431,https://m.betking.com,0
1715.571055,https://m.nirvam.it,0
1715.636209,https://www.ups.com,0
1715.655287,https://e-hentai.org,0
1715.705549,https://www.threads.com,0
1715.710387,https://produto.mercadolivre.com.br,0
1716.124739,https://www.youporn.com,0
1716.198402,https://www.ilmessaggero.it,0
1717.10643,https://www.google.com.hk,0
1784.289963,https://www.youporn.com,0
3646.774789,https://www.nexusmods.com,1
3646.817861,https://www.nexusmods.com,1
3731.657684,https://www.shutterstock.com,1
3744.87187,https://baseball.yahoo.co.jp,1
3746.780415,https://www.tradingview.com,1
3746.815913,https://www.tradingview.com,1
3746.916353,https://pl.xhamster.com,1
3747.868699,https://pl.xhamster.com,1
3747.923639,https://www.tradingview.com,1
3747.957878,https://www.tradingview.com,1
3748.053754,https://articulo.mercadolibre.com.mx,1
3748.198948,https://pl.xhamster.com,1
3748.380214,https://www.mediafire.com,1
3750.603679,https://www.promiedos.com.ar,1
3750.915254,https://www.promiedos.com.ar,1
3751.300622,https://yandex.by,1
3751.344863,https://yandex.by,1
3809.202882,https://www.lavanguardia.com,1
3809.384403,https://www.lavanguardia.com,1
3840.484204,https://www.fmkorea.com,1
3843.083323,https://www.nexusmods.com,1
3843.118002,https://www.nexusmods.com,1
3858.412533,https://www.olx.com.br,1
3858.439804,https://www.olx.com.br,1
3875.248334,https://www.carwale.com,1
3875.396406,https://www.desitales2.com,1
3875.405498,https://www.carwale.com,1
3875.530455,https://france3-regions.franceinfo.fr,1
3875.539774,https://www.desitales2.com,1
3875.562767,https://france3-regions.franceinfo.fr,1
3875.564909,https://www.desitales2.com,1
3875.568406,https://www.desitales2.com,1
3875.645173,https://www.123-hdd.com,1
3875.70481,https://www.desitales2.com,1
3875.732489,https://www.desitales2.com,1
3875.998793,https://www.instagram.com,1
3876.057087,https://www.instagram.com,1
3876.134453,https://www.desitales2.com,1
3876.310165,https://www.desitales2.com,1
3876.537781,https://pl.xhamster.com,1
3876.868572,https://pl.xhamster.com,1
3885.364497,https://www.twpornstars.com,1
3885.838683,https://www.twpornstars.com,1
3944.724425,https://www.desitales2.com,1
3945.02377,https://www.desitales2.com,1
3945.515243,https://www.123-hdd.com,1
3947.608459,https://vailonxx.vip,1
3947.608709,https://vailonxx.vip,1
3947.608807,https://www.freepornvideo.sex,1
3948.040727,https://vailonxx.vip,1
3948.334416,https://vailonxx.vip,1
3948.807646,https://www.sexvid.xxx,1
3996.235425,https://mail.yahoo.com,1
4041.090256,https://supjav.com,1
4083.125287,https://secure.bankofamerica.com,1
4111.446693,https://www.desitales2.com,1
4111.486512,https://www.123-hdd.com,1
4111.622122,https://www.desitales2.com,1
4112.591469,https://pl.xhamster.com,1
4113.062187,https://pl.xhamster.com,1
4125.792336,https://www.desitales2.com,1
4125.861225,https://www.123-hdd.com,1
4125.966382,https://www.desitales2.com,1
4128.597106,https://baseball.yahoo.co.jp,1
4128.68725,https://yandex.by,1
4128.996345,https://www.tradingview.com,1
4129.032078,https://yandex.by,1
4129.037477,https://www.tradingview.com,1
4129.532197,https://www.desitales2.com,1
4129.709907,https://www.desitales2.com,1
4130.526824,https://www.tradingview.com,1
4130.569812,https://www.tradingview.com,1
4130.698104,https://pl.xhamster.com,1
4130.739526,https://pl.xhamster.com,1
4130.982884,https://www.mediafire.com,1
4131.043629,https://articulo.mercadolibre.com.mx,1
4131.083232,https://pl.xhamster.com,1
4132.115213,https://www.promiedos.com.ar,1
4132.481635,https://www.promiedos.com.ar,1
4173.356073,https://vailonxx.vip,1
4173.500156,https://vailonxx.vip,1
4173.502169,https://www.freepornvideo.sex,1
4175.505934,https://hdhub4u.fail,1
4176.227897,https://spankbang.party,1
4176.227991,https://spankbang.party,1
4176.228783,https://www.ojogodobicho.com,1
4176.231401,https://njavtv.com,1
4176.231747,https://www.doubtnut.com,1
4176.233861,https://www.lefigaro.fr,1
4176.234026,https://m.beboo.ru,1
4176.234232,https://m.beboo.ru,1
4176.364699,https://www.boyfriendtv.com,1
4176.556807,https://www.pornhat.com,1
4176.698596,https://spankbang.party,1
4176.738958,https://spankbang.party,1
4176.761922,https://www.boyfriendtv.com,1
4176.773943,https://www.pornhat.com,1
4176.775044,https://www.amazon.ca,1
4176.798737,https://www.pussyboy.net,1
4176.808326,https://mail.yahoo.com,1
4176.811688,https://tuoitre.vn,1
4176.986481,https://supjav.com,1
4176.99712,https://ja.wikipedia.org,1
4177.17188,https://note.com,1
4177.349569,https://heylink.me,1
4177.39077,https://www.booking.com,1
4177.441259,https://www.boyfriendtv.com,1
4177.530421,https://njavtv.com,1
4177.608117,https://www.kooora.com,1
4177.632301,https://www.booking.com,1
4177.771052,https://kolkataff.in,1
4177.771126,https://www.ad.nl,1
4177.842253,https://www.kooora.com,1
4177.922586,https://spankbang.party,1
4177.953746,https://www.kohls.com,1
4178.070419,https://spankbang.party,1
4178.38778,https://bpexch.net,1
4178.399368,https://www.biblegateway.com,1
4178.942747,https://mlbpark.donga.com,1
4179.26332,https://www.welt.de,1
4179.444414,https://www.doubtnut.com,1
4179.463176,https://www.lequipe.fr,1
4179.649656,https://www.doubtnut.com,1
4179.702749,https://www.doubtnut.com,1
4179.734779,https://pl.escort.club,1
4179.734909,https://telegram.org,1
4179.735026,https://ticket.expo2025.or.jp,1
4179.74998,https://onlyfans.com,1
4183.788458,https://www.khabaronline.ir,1
4183.903683,https://detail.chiebukuro.yahoo.co.jp,1
4183.910596,https://syosetu.org,1
4183.913346,https://tuoitre.vn,1
4183.930831,https://heylink.me,1
4184.103394,https://tuoitre.vn,1
4184.216639,https://syosetu.org,1
4184.427886,https://mlbpark.donga.com,1
4185.425274,https://fatalmodel.com,1
4185.903282,https://mlbpark.donga.com,1
4186.737806,https://arca.live,1
4186.981207,https://de.m.wikipedia.org,1
4187.000565,https://www.boyfriendtv.com,1
4187.333168,https://mlbpark.donga.com,1
4187.437903,https://www.20minutos.es,1
4188.25476,https://mlbpark.donga.com,1
4188.366823,https://www.ryanair.com,1
4188.389901,https://www.geny.com,1
4189.433935,https://hianime.to,1
4189.454252,https://www.bhojpurisex.site,1
4189.454701,https://sites.google.com,1
4189.516533,https://www.24h.com.vn,1
4189.82193,https://pt.eporner.com,1
4189.836599,https://www.bhojpurisex.site,1
4190.968399,https://vailonxx.vip,1
4190.969653,https://vailonxx.vip,1
4190.969843,https://www.freepornvideo.sex,1
4191.464623,https://www.geny.com,1
4192.851348,https://vailonxx.vip,1
4210.370202,https://bpexch.net,1
4227.048942,https://mlbpark.donga.com,1
4309.010641,https://mlbpark.donga.com,1
4429.027318,https://mlbpark.donga.com,1
4549.19811,https://mlbpark.donga.com,1
4638.76178,https://mlbpark.donga.com,1
4684.8405,https://mlbpark.donga.com,1
4712.951497,https://mlbpark.donga.com,1
4713.062223,https://mlbpark.donga.com,1
4723.774906,https://mlbpark.donga.com,1
4735.642378,https://mlbpark.donga.com,1
4738.840906,https://mlbpark.donga.com,1
4744.139243,https://mlbpark.donga.com,1
4775.610247,https://mlbpark.donga.com,1
4780.005856,https://mlbpark.donga.com,1
4787.733864,https://mlbpark.donga.com,1
4817.672797,https://mlbpark.donga.com,1
4845.266426,https://mlbpark.donga.com,1
4851.98858,https://mlbpark.donga.com,1
4859.430981,https://mlbpark.donga.com,1
4873.600687,https://mlbpark.donga.com,1
4877.810139,https://mlbpark.donga.com,1
4885.169835,https://mlbpark.donga.com,1
4926.477824,https://mlbpark.donga.com,1
4958.586997,https://mlbpark.donga.com,1
6108.876215,https://thisvid.com,2
6108.895341,https://www.rightmove.co.uk,2
6109.091481,https://www.khabaronline.ir,2
6109.091883,https://www.biblegateway.com,2
6109.09216,https://www.biblegateway.com,2
6109.220089,https://vailonxx.vip,2
6109.220592,https://www.freepornvideo.sex,2
6109.22192,https://vailonxx.vip,2
6109.242309,https://doujindesu.tv,2
6109.26197,https://letterboxd.com,2
6109.393255,https://www.mediafire.com,2
6109.610079,https://cn.pornhub.com,2
6109.613858,https://cn.pornhub.com,2
6109.632419,https://cn.pornhub.com,2
6109.641635,https://cn.pornhub.com,2
6109.685448,https://m.olx.pl,2
6109.690757,https://m.olx.pl,2
6109.91849,https://mlbpark.donga.com,2
6111.247343,https://www.biblegateway.com,2
6111.247508,https://www.biblegateway.com,2
6111.247745,https://www.biblegateway.com,2
6122.153226,https://www.biblegateway.com,2
6122.154411,https://www.biblegateway.com,2
6122.154694,https://www.biblegateway.com,2
6122.308974,https://mlbpark.donga.com,2
6123.71467,https://mlbpark.donga.com,2
6128.607012,https://www.khabaronline.ir,2
6128.607267,https://www.biblegateway.com,2
6128.832225,https://www.biblegateway.com,2
6129.646381,https://spankbang.party,2
6141.102268,https://one.ibomma.foo,2
6150.23105,https://mlbpark.donga.com,2
6151.327167,https://sites.google.com,2
6151.327402,https://www.bhojpurisex.site,2
6183.678239,https://www.desitales2.com,2
6183.878586,https://www.desitales2.com,2
6184.606921,https://www.123-hdd.com,2
6186.68474,https://www.123-hdd.com,2
6186.685841,https://www.123-hdd.com,2
6279.613817,https://supjav.com,2
6279.7048,https://supjav.com,2
6283.226178,https://xhtube.life,2
6344.4201,https://www.superporn.com,2
6344.522427,https://www.superporn.com,2
6359.040614,https://komiku.org,2
6359.52871,https://my.xhcopy.life,2
6360.149347,https://kpqz.brdbuxte.com,2
6360.292909,https://kpqz.brdbuxte.com,2
6362.181225,https://telegram.org,2
6363.123713,https://www.gov.br,2
6363.829029,https://www.gov.br,2
6365.81422,https://www.gov.br,2
6367.315382,https://heylink.me,2
6422.407628,https://www.desitales2.com,2
6422.523679,https://www.123-hdd.com,2
6422.547872,https://mlbpark.donga.com,2
6422.586081,https://www.desitales2.com,2
6422.760752,https://www.fuq.com,2
6422.964207,https://www.boyfriendtv.com,2
6423.031932,https://www.desitales2.com,2
6423.122351,https://france3-regions.franceinfo.fr,2
6423.1796,https://france3-regions.franceinfo.fr,2
6423.213551,https://www.desitales2.com,2
6423.562404,https://pl.xhamster.com,2
6423.895254,https://pl.xhamster.com,2
6539.67452,https://one.ibomma.foo,2
6540.501411,https://one.ibomma.foo,2
6839.967351,https://hdhub4u.fail,2
7044.662327,https://mail.yahoo.com,2
7058.43192,https://www.geny.com,2
7059.286507,https://www.geny.com,2
7075.11573,https://supjav.com,2
7075.62511,https://kick.com,2
7075.924686,https://www.scribd.com,2
7076.465418,https://www.booking.com,2
7076.779069,https://www.kooora.com,2
7081.46206,https://www.desitales2.com,2
7081.529322,https://www.123-hdd.com,2
7081.630768,https://www.desitales2.com,2
7082.902735,https://pl.xhamster.com,2
7083.214264,https://pl.xhamster.com,2
7092.678775,https://vailonxx.vip,2
7092.681532,https://vailonxx.vip,2
7092.681931,https://www.freepornvideo.sex,2
7092.705247,https://www.boyfriendtv.com,2
7092.828513,https://supjav.com,2
7092.942594,https://www.sexvid.xxx,2
7093.16535,https://vailonxx.vip,2
7093.40357,https://vailonxx.vip,2
7102.84607,https://mlbpark.donga.com,2
7104.88851,https://mlbpark.donga.com,2
7105.961779,https://discord.com,2
7105.965129,https://www.pussyspace.com,2
7141.340733,https://zbporn.tv,2
7141.603313,https://mlbpark.donga.com,2
7141.763564,https://hdhub4u.fail,2
7141.923633,https://novelbin.com,2
7141.99024,https://chess-results.com,2
7141.990432,https://member.rakuten-sec.co.jp,2
7141.990597,https://www.interia.pl,2
7141.995469,https://www.bfmtv.com,2
7141.995588,https://www.interia.pl,2
7141.995779,https://www.elconfidencial.com,2
7142.197621,https://sso.acesso.gov.br,2
7142.286496,https://www.bestbuy.com,2
7142.324526,https://www.wattpad.com,2
7142.366553,https://chess-results.com,2
7142.579317,https://people.com,2
7142.695511,https://www.khabaronline.ir,2
7142.726001,https://dzen.ru,2
7142.788075,https://jut.su,2
7143.322917,https://www.njuskalo.hr,2
7143.395318,https://www.boyfriendtv.com,2
7146.438614,https://outlook.live.com,2
7146.441335,https://www.hindustantimes.com,2
7147.01616,https://www.bestbuy.com,2
7147.294991,https://www.interia.pl,2
7182.006788,https://member.rakuten-sec.co.jp,2
7182.268402,https://ge.xhamster43.desi,2
7182.847544,https://shopee.co.id,2
7199.728638,https://mlbpark.donga.com,2
7206.013429,https://mlbpark.donga.com,3
7206.050993,https://mlbpark.donga.com,3
7207.151668,https://pl.xhamster.com,3
7207.152178,https://www.promiedos.com.ar,3
7207.152489,https://yandex.by,3
7207.161388,https://www.ozon.ru,3
7207.202731,https://pl.xhamster.com,3
7207.213331,https://yandex.by,3
7207.458722,https://pl.xhamster.com,3
7207.485606,https://www.tradingview.com,3
7207.509362,https://www.promiedos.com.ar,3
7207.553718,https://www.tradingview.com,3
7208.130434,https://www.desitales2.com,3
7208.311107,https://www.desitales2.com,3
7208.64102,https://www.desitales2.com,3
7208.730383,https://baseball.yahoo.co.jp,3
7208.810105,https://www.desitales2.com,3
7210.118672,https://www.tradingview.com,3
7210.157563,https://www.tradingview.com,3
7210.185092,https://articulo.mercadolibre.com.mx,3
7210.431396,https://es.eporner.com,3
7210.487591,https://es.eporner.com,3
7211.470498,https://www.mediafire.com,3
7222.107517,https://de.m.wikipedia.org,3
7239.98669,https://m.beboo.ru,3
7304.686719,https://www.desitales2.com,3
7304.810924,https://www.123-hdd.com,3
7304.876015,https://www.desitales2.com,3
7305.204716,https://www.desitales2.com,3
7305.388633,https://www.desitales2.com,3
7305.814571,https://pl.xhamster.com,3
7306.122175,https://pl.xhamster.com,3
7318.788177,https://chess-results.com,3
7322.317161,https://www.bestbuy.com,3
7322.317358,https://www.interia.pl,3
7322.830481,https://www.elconfidencial.com,3
7322.894534,https://www.wattpad.com,3
7350.845016,https://mlbpark.donga.com,3
7350.989431,https://www.tradingview.com,3
7351.023171,https://www.tradingview.com,3
7352.833403,https://www.tradingview.com,3
7352.871286,https://www.tradingview.com,3
7352.969202,https://articulo.mercadolibre.com.mx,3
7353.274288,https://www.mediafire.com,3
7355.016948,https://www.promiedos.com.ar,3
7355.357049,https://www.promiedos.com.ar,3
7356.695059,https://yandex.by,3
7356.747246,https://yandex.by,3
7359.788396,https://pl.xhamster.com,3
7360.098403,https://pl.xhamster.com,3
7373.191354,https://www.tradingview.com,3
7373.227721,https://www.tradingview.com,3
7376.25915,https://www.123-hdd.com,3
7410.176476,https://www.lavanguardia.com,3
7410.385786,https://www.lavanguardia.com,3
7520.890621,https://www.nexusmods.com,3
7520.936549,https://www.nexusmods.com,3
7550.955666,https://hdporncomics.com,3
7602.107434,https://mail.yahoo.com,3
7622.781424,https://hdhub4u.fail,3
7642.61169,https://yandex.by,3
7642.796941,https://yandex.by,3
7684.38039,https://www.desitales2.com,3
7684.533196,https://www.123-hdd.com,3
7684.552724,https://www.desitales2.com,3
7684.871452,https://www.desitales2.com,3
7684.942439,https://www.desitales2.com,3
7685.53617,https://pl.xhamster.com,3
7685.886798,https://pl.xhamster.com,3
7689.372119,https://vailonxx.vip,3
7689.372779,https://vailonxx.vip,3
7689.392628,https://www.freepornvideo.sex,3
7689.865558,https://vailonxx.vip,3
7690.152139,https://vailonxx.vip,3
7691.62891,https://www.sexvid.xxx,3
7700.241349,https://mlbpark.donga.com,3
7708.897127,https://mlbpark.donga.com,3
7736.632841,https://jp.indeed.com,3
7736.634288,https://m.nirvam.it,3
7736.634472,https://fdown.net,3
7757.501504,https://www.desitales2.com,3
7757.569058,https://www.desitales2.com,3
7757.653837,https://www.123-hdd.com,3
7757.82553,https://www.desitales2.com,3
7757.902315,https://www.desitales2.com,3
7758.649751,https://pl.xhamster.com,3
7759.042157,https://pl.xhamster.com,3
7760.419947,https://chess-results.com,3
7805.26189,https://www.elconfidencial.com,3
7811.739146,https://www.ryanair.com,3
7811.839822,https://www.geny.com,3
7812.247191,https://www.geny.com,3
7818.123684,https://link.coupang.com,3
7818.234847,https://www.yahoo.co.jp,3
7818.242834,https://mlbpark.donga.com,3
7818.268766,https://www.kooora.com,3
7818.307949,https://www.shutterstock.com,3
7818.401606,https://www.bet365.bet.br,3
7818.440004,https://mlbpark.donga.com,3
7818.919517,https://www.20minutos.es,3
7819.219612,https://www.lefigaro.fr,3
7819.268028,https://www.scribd.com,3
7819.407393,https://kkstories.com,3
7819.556328,https://kkstories.com,3
7819.766714,https://weathernews.jp,3
7819.788097,https://weathernews.jp,3
7819.896773,https://weathernews.jp,3
7819.899651,https://kkstories.com,3
7819.981339,https://kkstories.com,3
7820.05805,https://weathernews.jp,3
7820.233649,https://weathernews.jp,3
7820.348161,https://weathernews.jp,3
7820.4198,https://weathernews.jp,3
7820.822303,https://services.gst.gov.in,3
7820.878048,https://weathernews.jp,3
7821.193683,https://services.gst.gov.in,3
7855.637495,https://www.bet365.bet.br,3
7856.562471,https://www.bet365.bet.br,3
7856.764271,https://mlbpark.donga.com,3
7857.001851,https://www.desitales2.com,3
7857.072893,https://www.desitales2.com,3
7857.150996,https://www.123-hdd.com,3
7857.338839,https://www.desitales2.com,3
7857.511083,https://www.desitales2.com,3
7858.195273,https://pl.xhamster.com,3
7858.551615,https://pl.xhamster.com,3
7861.400357,https://chess-results.com,3
7863.244165,https://www.bestbuy.com,3
7863.74648,https://www.elconfidencial.com,3
7863.812496,https://www.wattpad.com,3
7863.821204,https://ge.xhamster43.desi,3
7884.874404,https://www.interia.pl,3
7892.000203,https://member.rakuten-sec.co.jp,3
7892.001957,https://www.bfmtv.com,3
7892.157765,https://de.m.wikipedia.org,3
7892.272138,https://sso.acesso.gov.br,3
7892.316431,https://www.ndtv.com,3
7892.317284,https://people.com,3
7892.505232,https://jut.su,3
7892.882738,https://shopee.co.id,3
7924.818359,https://mlbpark.donga.com,3
7952.205083,https://hdhub4u.fail,3
7992.167471,https://ge.xhamster43.desi,3
8052.384827,https://mlbpark.donga.com,3
8054.341605,https://hdhub4u.fail,3
8054.745594,https://spankbang.party,3
8057.680914,https://hdporncomics.com,3
8067.742916,https://www.123-hdd.com,3
8115.839604,https://mlbpark.donga.com,3
8155.572449,https://www.interia.pl,3
8165.277621,https://www.wattpad.com,3
8166.354294,https://www.elconfidencial.com,3
8178.521607,https://yandex.by,3
8178.568994,https://baseball.yahoo.co.jp,3
8178.703411,https://yandex.by,3
8179.060151,https://www.desitales2.com,3
8179.251776,https://www.desitales2.com,3
8179.738612,https://www.tradingview.com,3
8179.783131,https://www.tradingview.com,3
8180.626647,https://pl.xhamster.com,3
8182.197497,https://member.rakuten-sec.co.jp,3
8182.199349,https://www.bfmtv.com,3
8182.340851,https://sso.acesso.gov.br,3
8182.575811,https://people.com,3
8182.70354,https://jut.su,3
8182.734325,https://outlook.live.com,3
8187.873318,https://www.mediafire.com,3
8187.934243,https://pl.xhamster.com,3
8188.265758,https://pl.xhamster.com,3
8196.837315,https://www.123-hdd.com,3
8197.734511,https://france3-regions.franceinfo.fr,3
8197.77256,https://france3-regions.franceinfo.fr,3
8229.798977,https://ge.xhamster43.desi,3
8236.749498,https://mlbpark.donga.com,3
8237.471858,https://arca.live,3
8237.503598,https://arca.live,3
8237.53446,https://supjav.com,3
8237.637239,https://www.kooora.com,3
8237.751413,https://giris.turkiye.gov.tr,3
8237.930226,https://mlbpark.donga.com,3
8237.989882,https://mlbpark.donga.com,3
8238.091117,https://www.20minutos.es,3
8239.839974,https://www.desitales2.com,3
8239.868086,https://www.123-hdd.com,3
8239.910477,https://www.desitales2.com,3
8240.500037,https://www.desitales2.com,3
8240.565557,https://www.desitales2.com,3
8240.992621,https://pl.xhamster.com,3
8241.327628,https://pl.xhamster.com,3
8250.315803,https://www.desitales2.com,3
8250.385772,https://www.desitales2.com,3
8250.868898,https://cardgames.io,3
8250.926056,https://cardgames.io,3
8266.003663,https://mlbpark.donga.com,3
8283.458919,https://www.twpornstars.com,3
8283.948526,https://www.twpornstars.com,3
8302.346756,https://www.desitales2.com,3
8302.413188,https://www.desitales2.com,3
8302.787679,https://www.123-hdd.com,3
8316.958679,https://france3-regions.franceinfo.fr,3
8317.000212,https://france3-regions.franceinfo.fr,3
8317.875069,https://shopee.com.br,3
8318.004888,https://filmyfly.men,3
8318.010981,https://chaturbate.com,3
8318.34407,https://chaturbate.com,3
8318.80411,https://vegamovies.tz,3
8362.246365,https://mlbpark.donga.com,3
8362.486243,https://www.shutterstock.com,3
8394.085038,https://mail.yahoo.com,3
8537.931061,https://www.temu.com,3
8538.193251,https://hdhub4u.fail,3
8538.919212,https://www.temu.com,3
8539.279358,https://www.desitales2.com,3
8539.342038,https://www.desitales2.com,3
8539.416628,https://www.123-hdd.com,3
8540.78635,https://pl.xhamster.com,3
8541.108085,https://pl.xhamster.com,3
8544.401369,https://www.bet365.bet.br,3
8544.46233,https://www.lefigaro.fr,3
8544.467653,https://www.shutterstock.com,3
8544.496494,https://mlbpark.donga.com,3
8544.982003,https://kkstories.com,3
8545.065,https://kkstories.com,3
8545.156852,https://kkstories.com,3
8545.362282,https://weathernews.jp,3
8545.362689,https://weathernews.jp,3
8545.475373,https://kkstories.com,3
8545.481759,https://weathernews.jp,3
8545.535641,https://weathernews.jp,3
8545.676588,https://weathernews.jp,3
8545.833133,https://www.bet365.bet.br,3
8545.842195,https://weathernews.jp,3
8545.931994,https://weathernews.jp,3
8546.799253,https://www.bet365.bet.br,3
8547.02944,https://mlbpark.donga.com,3
8555.324425,https://www.desitales2.com,3
8555.423078,https://www.123-hdd.com,3
8555.529032,https://www.desitales2.com,3
8556.481076,https://pl.xhamster.com,3
8556.817836,https://pl.xhamster.com,3
8560.704863,https://www.twpornstars.com,3
8561.148168,https://www.twpornstars.com,3
8575.499914,https://www.123-hdd.com,3
8579.171836,https://france3-regions.franceinfo.fr,3
8579.215983,https://france3-regions.franceinfo.fr,3
8579.645179,https://filmyfly.men,3
8579.645763,https://chaturbate.com,3
8579.952894,https://chaturbate.com,3
8670.45448,https://baseball.yahoo.co.jp,3
8670.916352,https://www.tradingview.com,3
8670.970263,https://www.tradingview.com,3
8671.294747,https://baseball.yahoo.co.jp,3
8671.988937,https://www.desitales2.com,3
8672.175804,https://www.desitales2.com,3
8672.493332,https://pl.xhamster.com,3
8682.043742,https://www.mediafire.com,3
8724.663454,https://danbooru.donmai.us,3
8724.664497,https://www.researchgate.net,3
8724.793872,https://danbooru.donmai.us,3
8724.794393,https://www.researchgate.net,3
8754.923389,https://eurowine9.com,3
8755.090945,https://www.desitales2.com,3
8755.154816,https://www.desitales2.com,3
8755.196998,https://www.desitales2.com,3
8755.262957,https://www.desitales2.com,3
8755.624105,https://www.tradingview.com,3
8755.665217,https://www.tradingview.com,3
8755.769117,https://gall.dcinside.com,3
8755.838277,https://gall.dcinside.com,3
8756.259507,https://www.tradingview.com,3
8756.295645,https://www.tradingview.com,3
8756.297668,https://www.desitales2.com,3
8756.367775,https://www.desitales2.com,3
8756.764429,https://www.mediafire.com,3
8757.148128,https://articulo.mercadolibre.com.mx,3
8757.677743,https://www.nexusmods.com,3
8757.706604,https://www.nexusmods.com,3
8758.27387,https://pl.xhamster.com,3
8759.764504,https://yandex.by,3
8760.009356,https://yandex.by,3
8761.519095,https://www.freejobalert.com,3
8761.521971,https://battwo.com,3
8763.802273,https://pl.xhamster.com,3
8764.114367,https://pl.xhamster.com,3
8818.81756,https://hdhub4u.fail,3
8818.920415,https://supjav.com,3
8819.066058,https://baseball.yahoo.co.jp,3
8819.183105,https://www.welt.de,3
9016.564371,https://baseball.yahoo.co.jp,4
9016.666359,https://pl.xhamster.com,4
9017.702978,https://www.tradingview.com,4
9017.737758,https://www.tradingview.com,4
9019.392379,https://www.tradingview.com,4
9019.427666,https://www.tradingview.com,4
9019.599037,https://articulo.mercadolibre.com.mx,4
9019.858869,https://www.desitales2.com,4
9019.865374,https://www.desitales2.com,4
9019.865515,https://www.desitales2.com,4
9019.886245,https://yandex.by,4
9019.929253,https://www.desitales2.com,4
9019.933841,https://www.desitales2.com,4
9019.937763,https://www.desitales2.com,4
9019.97363,https://www.mediafire.com,4
9020.237099,https://yandex.by,4
9020.331149,https://www.olx.com.br,4
9020.392858,https://www.olx.com.br,4
9026.286219,https://pl.xhamster.com,4
9026.765151,https://pl.xhamster.com,4
9045.877137,https://www.desitales2.com,4
9046.020143,https://www.123-hdd.com,4
9046.049105,https://www.desitales2.com,4
9046.381877,https://www.desitales2.com,4
9046.563521,https://www.desitales2.com,4
9047.029097,https://pl.xhamster.com,4
9047.341133,https://pl.xhamster.com,4
9053.125108,https://www.bet365.bet.br,4
9053.133566,https://www.lefigaro.fr,4
9053.172294,https://www.shutterstock.com,4
9053.247033,https://mlbpark.donga.com,4
9053.567512,https://kkstories.com,4
9053.572978,https://kkstories.com,4
9053.58014,https://kkstories.com,4
9054.002725,https://weathernews.jp,4
9054.099752,https://services.gst.gov.in,4
9054.099873,https://services.gst.gov.in,4
9063.345226,https://www.bet365.bet.br,4
9064.483775,https://chess-results.com,4
9064.492079,https://mlbpark.donga.com,4
9069.100798,https://mlbpark.donga.com,4
9069.968405,https://fojik.com,4
9069.968701,https://fojik.com,4
9070.001869,https://www.wildberries.ru,4
9070.022272,https://www.eltiempo.es,4
9070.031139,https://www.ninisite.com,4
9070.123665,https://www.bbc.com,4
9071.215071,https://gemini.google.com,4
9071.250257,https://fast.com,4
9071.726178,https://dmarket.docomo.ne.jp,4
9071.734018,https://dmarket.docomo.ne.jp,4
9071.741596,https://dmarket.docomo.ne.jp,4
9071.743916,https://dmarket.docomo.ne.jp,4
9071.77294,https://dmarket.docomo.ne.jp,4
9072.248105,https://fast.com,4
9077.411077,https://bpexch.net,4
9147.768636,https://fast.com,4
9147.768786,https://www.meteociel.fr,4
9150.385949,https://fast.com,4
9151.05738,https://gemini.google.com,4
9157.785283,https://xhcopy.life,4
9157.838023,https://dmarket.docomo.ne.jp,4
9231.921107,https://www.123-hdd.com,4
9233.556622,https://france3-regions.franceinfo.fr,4
9233.602688,https://france3-regions.franceinfo.fr,4
9266.666483,https://fast.com,4
9266.668584,https://www.meteociel.fr,4
9271.796376,https://www.desitales2.com,4
9271.938674,https://www.123-hdd.com,4
9271.96805,https://www.desitales2.com,4
9272.327227,https://www.desitales2.com,4
9272.414001,https://www.desitales2.com,4
9272.985937,https://pl.xhamster.com,4
9273.320518,https://pl.xhamster.com,4
9276.948345,https://france3-regions.franceinfo.fr,4
9276.986321,https://france3-regions.franceinfo.fr,4
9277.934576,https://www.twpornstars.com,4
9278.362379,https://www.twpornstars.com,4
9319.336687,https://hdhub4u.fail,4
9366.544374,https://www.123-hdd.com,4
9807.246224,https://hdhub4u.fail,4
9807.58802,https://spankbang.party,4
9807.887526,https://baseball.yahoo.co.jp,4
9808.217655,https://www.tradingview.com,4
9808.254451,https://www.tradingview.com,4
9809.973736,https://pl.xhamster.com,4
9812.357627,https://www.123-hdd.com,4
9812.533999,https://www.desitales2.com,4
9812.599144,https://www.desitales2.com,4
9812.906843,https://www.desitales2.com,4
9813.076698,https://www.desitales2.com,4
9813.401291,https://www.123-hdd.com,4
9814.003599,https://pl.xhamster.com,4
9814.336125,https://pl.xhamster.com,4
9817.379832,https://www.mediafire.com,4
9817.48403,https://pl.xhamster.com,4
9817.818564,https://pl.xhamster.com,4
9818.443348,https://www.tradingview.com,4
9818.477285,https://www.tradingview.com,4
9818.691997,https://articulo.mercadolibre.com.mx,4
9833.892955,https://www.olx.com.br,4
9833.932531,https://www.olx.com.br,4
9834.318189,https://www.nexusmods.com,4
9834.35966,https://www.nexusmods.com,4
9857.946275,https://yandex.by,4
9858.117593,https://yandex.by,4
9993.776828,https://www.123-hdd.com,4
9993.808179,https://www.mercadolivre.com.br,4
9993.930745,https://www.mercadolivre.com.br,4
10042.233044,https://baseball.yahoo.co.jp,4
10050.64102,https://pl.xhamster.com,4
10064.279982,https://www.avito.ru,4
10067.569364,https://mlbpark.donga.com,4
10072.391593,https://mlbpark.donga.com,4
10221.169058,https://baseball.yahoo.co.jp,4
10221.188163,https://mlbpark.donga.com,4
10222.965607,https://mlbpark.donga.com,4
10223.253104,https://www.tradingview.com,4
10223.285916,https://www.tradingview.com,4
10224.938696,https://www.mercadolivre.com.br,4
10224.957053,https://www.123-hdd.com,4
10224.975888,https://www.123-hdd.com,4
10225.041804,https://www.mercadolivre.com.br,4
10225.208691,https://www.facebook.com,4
10225.256676,https://www.tradingview.com,4
10225.257004,https://pl.xhamster.com,4
10225.265802,https://www.facebook.com,4
10225.289829,https://www.desitales2.com,4
10225.294757,https://www.tradingview.com,4
10225.350875,https://www.desitales2.com,4
10225.468666,https://www.desitales2.com,4
10225.520942,https://www.desitales2.com,4
10225.563407,https://www.desitales2.com,4
10225.750323,https://www.desitales2.com,4
10225.819844,https://www.desitales2.com,4
10225.984437,https://www.desitales2.com,4
10226.249629,https://pl.xhamster.com,4
10226.596286,https://pl.xhamster.com,4
10410.600919,https://hdhub4u.fail,4
10547.907656,https://www.geny.com,4
10548.102816,https://m.beboo.ru,4
10664.797213,https://mail.yahoo.com,4
10665.216863,https://www.furaffinity.net,4
10665.223138,https://www.geny.com,4
10666.92004,https://www.geny.com,4
10729.82853,https://hdhub4u.fail,4
10731.387353,https://baseball.yahoo.co.jp,4
10731.404731,https://yandex.by,4
10731.405123,https://pl.xhamster.com,4
10731.47093,https://www.tradingview.com,4
10731.509207,https://www.tradingview.com,4
10731.51896,https://yandex.by,4
10731.743233,https://pl.xhamster.com,4
10736.307325,https://www.desitales2.com,4
10736.494121,https://www.desitales2.com,4
10738.331252,https://articulo.mercadolibre.com.mx,4
10742.170573,https://pl.xhamster.com,4
10750.007352,https://www.mediafire.com,4
10758.906915,https://www.mediafire.com,4
10762.738541,https://www.123-hdd.com,4
10772.909372,https://baseball.yahoo.co.jp,4
10773.117542,https://www.tradingview.com,4
10773.156962,https://www.tradingview.com,4
10773.174623,https://m.scan-manga.com,4
10788.191634,https://pl.xhamster.com,4
10788.916731,https://www.mediafire.com,4
12627.460297,https://mlbpark.donga.com,5
12627.811969,https://pt.eporner.com,5
12627.874156,https://www.bhojpurisex.site,5
12647.727065,https://hdporncomics.com,5
12654.892355,https://www.uol.com.br,5
12829.878796,https://letterboxd.com,5
12829.954345,https://www.mediafire.com,5
12829.96431,https://hdhub4u.fail,5
12830.56235,https://www.uol.com.br,5
12834.73971,https://accounts.google.com,5
12834.890002,https://accounts.google.com,5
12836.179132,https://www.facebook.com,5
12836.22245,https://www.facebook.com,5
12837.247982,https://www.carwale.com,5
12837.645432,https://www.desitales2.com,5
12837.645947,https://www.desitales2.com,5
12837.928936,https://www.desitales2.com,5
12837.950655,https://www.desitales2.com,5
12837.987954,https://www.carwale.com,5
12838.074186,https://www.desitales2.com,5
12838.10657,https://www.desitales2.com,5
12838.1466,https://www.desitales2.com,5
12838.174026,https://www.desitales2.com,5
12838.334572,https://www.betika.com,5
12838.361737,https://www.123-hdd.com,5
12838.584655,https://en1.savefrom.net,5
12838.594872,https://zozo.jp,5
12838.59513,https://www.desitales2.com,5
12838.65465,https://www.desitales2.com,5
12838.752643,https://www.desitales2.com,5
12838.813702,https://www.desitales2.com,5
12838.970118,https://france3-regions.franceinfo.fr,5
12839.005682,https://france3-regions.franceinfo.fr,5
12839.180168,https://www.desitales2.com,5
12839.24624,https://www.desitales2.com,5
12839.325976,https://drive.usercontent.google.com,5
12839.334477,https://uranai.nosv.org,5
12839.336558,https://es.erome.com,5
12839.355067,https://www.clarin.com,5
12839.360148,https://pl.xhamster.com,5
12839.363643,https://drive.usercontent.google.com,5
12839.392062,https://es.erome.com,5
12839.461875,https://uranai.nosv.org,5
12839.554563,https://www.desitales2.com,5
12839.601003,https://uranai.nosv.org,5
12839.617585,https://www.desitales2.com,5
12839.657722,https://www.clarin.com,5
12839.672248,https://pl.xhamster.com,5
12839.705537,https://uranai.nosv.org,5
12839.74074,https://www.clarin.com,5
12841.183371,https://www.desitales2.com,5
12841.258518,https://www.desitales2.com,5
12841.879117,https://www.123-hdd.com,5
12842.690298,https://www.ozon.ru,5
12842.722848,https://tiktokio.com,5
12842.872274,https://tiktokio.com,5
12842.873198,https://tiktokio.com,5
12842.874564,https://tiktokio.com,5
12842.878348,https://tiktokio.com,5
12842.878748,https://tiktokio.com,5
12843.125192,https://www.ozon.ru,5
12844.858365,https://france3-regions.franceinfo.fr,5
12844.904286,https://france3-regions.franceinfo.fr,5
12875.550314,https://mlbpark.donga.com,5
12877.792099,https://search.rakuten.co.jp,5
13064.479581,https://supjav.com,5
13064.581794,https://supjav.com,5
13064.738313,https://link.coupang.com,5
13065.172413,https://mlbpark.donga.com,5
13221.699993,https://hdhub4u.fail,5
13225.573559,https://www.carwale.com,5
13226.000642,https://www.betika.com,5
13226.386913,https://www.carwale.com,5
13226.390498,https://www.123-hdd.com,5
13226.786471,https://uranai.nosv.org,5
13226.81352,https://www.ilovepdf.com,5
13226.898137,https://uranai.nosv.org,5
13226.903094,https://www.desitales2.com,5
13226.97328,https://www.desitales2.com,5
13227.659891,https://france3-regions.franceinfo.fr,5
13227.711866,https://france3-regions.franceinfo.fr,5
13230.583427,https://www.ozon.ru,5
13558.093685,https://portal.librus.pl,5
13558.116042,https://hdhub4u.fail,5
13560.357694,https://www.kooora.com,5
13560.475622,https://www.facebook.com,5
13560.525422,https://www.facebook.com,5
13560.603805,https://yandex.by,5
13560.631912,https://m.beboo.ru,5
13560.682944,https://www.mercadolivre.com.br,5
13560.683766,https://gall.dcinside.com,5
13560.740993,https://gall.dcinside.com,5
13560.748166,https://www.mercadolivre.com.br,5
13560.789193,https://yandex.by,5
13560.911811,https://m.beboo.ru,5
13561.178663,https://pl.xhamster.com,5
13561.495897,https://pl.xhamster.com,5
13561.90895,https://www.desitales2.com,5
13561.983104,https://www.desitales2.com,5
13562.57385,https://www.tradingview.com,5
13562.622456,https://www.tradingview.com,5
13563.024723,https://www.carwale.com,5
13563.480552,https://www.betika.com,5
13563.638106,https://www.123-hdd.com,5
13563.689745,https://www.carwale.com,5
13564.177282,https://www.desitales2.com,5
13564.256929,https://uranai.nosv.org,5
13564.293864,https://uranai.nosv.org,5
13564.372658,https://www.desitales2.com,5
13564.515857,https://xnxxvideos.info,5
13564.678358,https://www.desitales2.com,5
13564.867128,https://www.desitales2.com,5
13564.969272,https://france3-regions.franceinfo.fr,5
13564.987971,https://www.desitales2.com,5
13565.016175,https://france3-regions.franceinfo.fr,5
13565.177892,https://www.desitales2.com,5
13565.40295,https://pl.xhamster.com,5
13566.318996,https://www.ozon.ru,5
13568.193597,https://www.ozon.ru,5
13569.06507,https://www.promiedos.com.ar,5
13569.408534,https://www.promiedos.com.ar,5
13655.288806,https://hdhub4u.fail,5
13680.821014,https://spankbang.party,5
13984.310551,https://www.temu.com,5
13985.249614,https://www.temu.com,5
13985.474132,https://mail.yahoo.com,5
14291.622208,https://mail.yahoo.com,5
14291.661122,https://hdhub4u.fail,5
14292.046207,https://arca.live,5
14292.909842,https://mlbpark.donga.com,5
14297.360857,https://mlbpark.donga.com,5
14367.547902,https://www.avito.ru,5
14367.749719,https://thisvid.com,5
14512.789801,https://mlbpark.donga.com,6
14515.044825,https://m.beboo.ru,6
14515.528621,https://www.geny.com,6
14516.129726,https://www.geny.com,6
14516.368251,https://www.carwale.com,6
14516.832173,https://www.betika.com,6
14517.180829,https://www.123-hdd.com,6
14517.187126,https://www.carwale.com,6
14517.237381,https://www.carwale.com,6
14517.614487,https://uranai.nosv.org,6
14517.722037,https://uranai.nosv.org,6
14517.738475,https://www.desitales2.com,6
14517.7629,https://zbporn.tv,6
14517.921896,https://www.desitales2.com,6
14518.262244,https://www.desitales2.com,6
14518.335055,https://www.desitales2.com,6
14518.379335,https://france3-regions.franceinfo.fr,6
14518.437878,https://france3-regions.franceinfo.fr,6
14521.389541,https://www.ozon.ru,6
14525.531898,https://www.123-hdd.com,6
14813.582345,https://hdhub4u.fail,6
14981.463933,https://www.fuq.com,6
14981.493455,https://mail.yahoo.com,6
14981.70259,https://www.fuq.com,6
14982.151704,https://www.boyfriendtv.com,6
14984.67217,https://mlbpark.donga.com,6
15131.77502,https://hdhub4u.fail,6
15269.714668,https://spankbang.party,6
15269.714956,https://www.ojogodobicho.com,6
15269.776329,https://njavtv.com,6
15269.954129,https://mail.yahoo.com,6
15269.989604,https://spankbang.party,6
15270.030168,https://www.lefigaro.fr,6
15270.087949,https://www.boyfriendtv.com,6
15270.134896,https://m.beboo.ru,6
15270.135118,https://m.beboo.ru,6
15270.166527,https://www.biblegateway.com,6
15270.242338,https://www.kohls.com,6
15270.242695,https://njavtv.com,6
15270.263097,https://m.beboo.ru,6
15270.263175,https://m.beboo.ru,6
15270.492368,https://spankbang.party,6
15270.495186,https://www.doubtnut.com,6
15270.651923,https://spankbang.party,6
15270.686808,https://spankbang.party,6
15270.826344,https://www.boyfriendtv.com,6
15271.241365,https://www.khabaronline.ir,6
15271.606596,https://spankbang.party,6
15272.120278,https://spankbang.party,6
15274.567591,https://spankbang.party,6
15274.582277,https://www.doubtnut.com,6
15274.583617,https://tuoitre.vn,6
15274.585929,https://syosetu.org,6
15274.657814,https://supjav.com,6
15274.67131,https://tuoitre.vn,6
15274.778749,https://www.kooora.com,6
15274.902357,https://tdxflix.my,6
15275.095912,https://telegram.org,6
15275.125394,https://mlbpark.donga.com,6
15275.203148,https://njavtv.com,6
15276.743394,https://www.khabaronline.ir,6
15296.641868,https://www.furaffinity.net,6
15297.587439,https://mlbpark.donga.com,6
15305.219521,https://spankbang.party,6
15334.753112,https://syosetu.org,6
15348.517006,https://www.biblegateway.com,6
15350.135555,https://njavtv.com,6
15350.236161,https://www.kohls.com,6
15350.272756,https://m.beboo.ru,6
15350.290219,https://m.beboo.ru,6
15350.311099,https://mlbpark.donga.com,6
15351.24877,https://mlbpark.donga.com,6
15351.389299,https://www.doubtnut.com,6
15368.787106,https://mlbpark.donga.com,6
15414.917717,https://thisvid.com,6
15416.296199,https://vailonxx.vip,6
15416.458487,https://vailonxx.vip,6
15416.49338,https://www.freepornvideo.sex,6
15416.645814,https://supjav.com,6
15419.187892,https://www.pornhat.com,6
15419.416029,https://www.booking.com,6
15419.845245,https://www.pornhat.com,6
15419.846901,https://www.pussyboy.net,6
15419.855779,https://www.kooora.com,6
15420.083234,https://mail.yahoo.com,6
15420.290299,https://www.booking.com,6
15420.311053,https://spankbang.party,6
15420.314926,https://one.ibomma.foo,6
15420.320725,https://ja.wikipedia.org,6
15420.337043,https://one.ibomma.foo,6
15420.353672,https://one.ibomma.foo,6
15420.35885,https://m.skelbiu.lt,6
15420.623581,https://www.biblegateway.com,6
15420.647274,https://www.kooora.com,6
15421.310746,https://mlbpark.donga.com,6
15421.580958,https://www.otomoto.pl,6
15421.583741,https://m.ruliweb.com,6
15421.60526,https://www.lanacion.com.ar,6
15421.640092,https://sp.mbga.jp,6
15421.816208,https://cookpad.com,6
15422.315796,https://mlbpark.donga.com,6
15422.489936,https://www.boyfriendtv.com,6
15422.816574,https://www.otomoto.pl,6
15422.921186,https://m.ruliweb.com,6
15423.364048,https://m.ruliweb.com,6
15423.487029,https://cookpad.com,6
15423.628114,https://m.ruliweb.com,6
15423.871359,https://www.lefigaro.fr,6
15424.139962,https://sp.mbga.jp,6
15428.510734,https://arca.live,6
15428.522409,https://de.m.wikipedia.org,6
15429.39631,https://www.20minutos.es,6
15429.996653,https://mlbpark.donga.com,6
15430.817666,https://www.uol.com.br,6
15433.841425,https://m.ruliweb.com,6
15433.84826,https://www.uol.com.br,6
15434.710695,https://m.ruliweb.com,6
15435.555209,https://m.ruliweb.com,6
15435.821181,https://m.ruliweb.com,6
15436.888604,https://www.uol.com.br,6
15437.513715,https://www.tycsports.com,6
15437.66768,https://spankbang.party,6
15438.588831,https://www.uol.com.br,6
15440.784404,https://www.uol.com.br,6
15442.127187,https://www.uol.com.br,6
15442.904774,https://www.tycsports.com,6
15459.761101,https://mlbpark.donga.com,6
15479.32138,https://mlbpark.donga.com,6
15599.329642,https://mlbpark.donga.com,6
15719.415376,https://mlbpark.donga.com,6
15724.804896,https://mlbpark.donga.com,6
15827.802044,https://mlbpark.donga.com,6
7203.7741,https://tw.stock.yahoo.com,7
7219.929907,https://m.daum.net,7
7243.855177,https://kpqz.brdbuxte.com,7
7244.002885,https://news.google.com,7
7244.050038,https://kpqz.brdbuxte.com,7
7244.759208,https://m.skelbiu.lt,7
7245.010294,https://www.xvideos.es,7
7245.558067,https://discord.com,7
7245.59181,https://discord.com,7
7247.166836,https://v.porno365.bike,7
7247.210397,https://pet.gree-apps.net,7
7247.219048,https://www.hamshahrionline.ir,7
7247.271434,https://tw.stock.yahoo.com,7
7247.333362,https://www.onet.pl,7
7247.406645,https://chaturbate.com,7
7247.511841,https://m.skelbiu.lt,7
7247.548778,https://tw.stock.yahoo.com,7
7247.647,https://genius.com,7
7247.701419,https://www.nike.com,7
7247.84468,https://www.nike.com,7
7247.935098,https://www.nike.com,7
7248.123703,https://www.wp.pl,7
7248.123905,https://www.wp.pl,7
7248.185713,https://www.wp.pl,7
7248.268934,https://www.nike.com,7
7248.337675,https://www.wp.pl,7
7248.515395,https://www.wp.pl,7
7248.607845,https://www.wp.pl,7
7248.885701,https://www.wp.pl,7
7249.112345,https://www.wp.pl,7
7250.814599,https://v.porno365.bike,7
7251.764034,https://v.porno365.bike,7
7253.937594,https://www.annunci69.it,7
7257.570807,https://drive.google.com,7
7257.593092,https://drive.google.com,7
7257.909023,https://drive.google.com,7
7257.911596,https://www.ojogodobicho.com,7
7332.550554,https://www.ojogodobicho.com,7
7393.972781,https://www.ojogodobicho.com,7
7395.870589,https://www.jusbrasil.com.br,7
7396.245527,https://kpqz.brdbuxte.com,7
7396.29129,https://kpqz.brdbuxte.com,7
7396.343561,https://kpqz.brdbuxte.com,7
7396.428241,https://kpqz.brdbuxte.com,7
7396.473653,https://kpqz.brdbuxte.com,7
7396.53198,https://kpqz.brdbuxte.com,7
7396.942356,https://vailonxx.vip,7
7396.981741,https://vailonxx.vip,7
7397.227561,https://manhwaweb.com,7
7397.291073,https://manhwaweb.com,7
7397.991149,https://www.xvideos.es,7
7399.515171,https://www.xvideos.es,7
7399.925281,https://www.xvideos.es,7
7404.879979,https://drive.google.com,7
7405.7191,https://www.dailymail.co.uk,7
7405.960824,https://kpqz.brdbuxte.com,7
7406.170062,https://kpqz.brdbuxte.com,7
7406.271019,https://www.dailymail.co.uk,7
7406.273044,https://www.dailymail.co.uk,7
7406.281297,https://www.dailymail.co.uk,7
7409.411373,https://www.youjizz.com,7
7409.795335,https://testbook.com,7
7411.243921,https://www.sozcu.com.tr,7
7412.98901,https://www.sozcu.com.tr,7
7415.015658,https://www.sozcu.com.tr,7
7416.415271,https://www.sozcu.com.tr,7
7421.030824,https://www.sozcu.com.tr,7
7424.485769,https://www.sozcu.com.tr,7
7425.973926,https://www.sozcu.com.tr,7
7427.229396,https://www.sozcu.com.tr,7
7428.307836,https://www.sozcu.com.tr,7
7428.348166,https://www.sozcu.com.tr,7
7429.51717,https://skipthegames.com,7
7430.243161,https://litnet.com,7
7431.932524,https://www.sozcu.com.tr,7
7432.582149,https://www.jra.go.jp,7
7433.155119,https://www.sozcu.com.tr,7
7532.563911,https://xnxx.health,7
7532.671491,https://link.coupang.com,7
7541.71934,https://www.elconfidencial.com,7
7567.843604,https://tw.stock.yahoo.com,7
7568.25356,https://in.pinterest.com,7
7568.254478,https://www.casinoplusonlineph.com,7
7648.019985,https://www.ixl.com,7
7648.467067,https://www.youjizz.com,7
7648.735464,https://www.jagran.com,7
7716.060721,https://drive.google.com,7
7716.405326,https://drive.google.com,7
7716.721333,https://www.ojogodobicho.com,7
7716.724642,https://drive.google.com,7
7778.889325,https://drive.google.com,7
7778.90429,https://drive.google.com,7
7779.195321,https://drive.google.com,7
7779.195908,https://www.ojogodobicho.com,7
7779.678846,https://tw.stock.yahoo.com,7
7781.062396,https://tw.stock.yahoo.com,7
7782.323243,https://www.jusbrasil.com.br,7
7782.549864,https://kpqz.brdbuxte.com,7
7782.666859,https://vailonxx.vip,7
7782.704047,https://vailonxx.vip,7
7782.725648,https://kpqz.brdbuxte.com,7
7783.161961,https://www.idnes.cz,7
7783.222396,https://www.idnes.cz,7
7783.618509,https://kpqz.brdbuxte.com,7
7783.619976,https://vailonxx.vip,7
7783.64761,https://nlab.itmedia.co.jp,7
7783.663501,https://vailonxx.vip,7
7783.786617,https://kpqz.brdbuxte.com,7
7783.94785,https://kpqz.brdbuxte.com,7
7784.115118,https://www.youjizz.com,7
7784.137272,https://kpqz.brdbuxte.com,7
7784.348293,https://www.xvideos.es,7
7784.493337,https://www.idnes.cz,7
7784.529231,https://www.idnes.cz,7
7785.428063,https://www.xvideos.es,7
7785.766986,https://www.xvideos.es,7
7932.324313,https://tw.stock.yahoo.com,7
8055.145479,https://fr.m.wikipedia.org,7
8055.153919,https://bbs.ruliweb.com,7
8055.156131,https://fastdl.app,7
8055.417308,https://www.elmundo.es,7
8065.179295,https://imgsrc.ru,7
8090.698995,https://select.mamastar.jp,7
8103.365326,https://www.ixl.com,7
8104.703917,https://in.pinterest.com,7
8107.419934,https://vailonxx.vip,7
8107.456815,https://vailonxx.vip,7
8107.650434,https://www.sakshi.com,7
8107.795244,https://www.sakshi.com,7
8108.30877,https://vailonxx.vip,7
8108.336269,https://nlab.itmedia.co.jp,7
8108.339618,https://vailonxx.vip,7
8108.835841,https://www.youjizz.com,7
8109.257431,https://testbook.com,7
8109.93161,https://www.casinoplusonlineph.com,7
8110.134143,https://www.xvideos.es,7
8110.474119,https://www.xvideos.es,7
8122.578833,https://skipthegames.com,7
8122.579447,https://skipthegames.com,7
8122.59173,https://skipthegames.com,7
8122.598235,https://skipthegames.com,7
8123.715024,https://pl.pornhub.com,7
8127.830671,https://drive.google.com,7
8127.840028,https://drive.google.com,7
8127.97445,https://wise.com,7
8128.08576,https://www.ojogodobicho.com,7
8128.085908,https://drive.google.com,7
8128.151999,https://tw.stock.yahoo.com,7
8130.681885,https://www.ixl.com,7
8177.712334,https://vailonxx.vip,7
8177.765296,https://vailonxx.vip,7
8180.918759,https://www.xvideos.es,7
8181.343444,https://www.xvideos.es,7
8187.690316,https://www.youjizz.com,7
8212.247084,https://www.5movierulz.lgbt,7
8212.896214,https://www.5movierulz.lgbt,7
8265.377603,https://www.ojogodobicho.com,7
8400.841111,https://kkstories.com,7
8423.404094,https://mm.anwap.today,7
8423.413772,https://mm.anwap.today,7
8423.469962,https://mm.anwap.today,7
8423.485287,https://mm.anwap.today,7
8423.500802,https://mm.anwap.today,7
8423.50917,https://mm.anwap.today,7
8423.579192,https://clever.com,7
8423.584732,https://clever.com,7
8423.593068,https://clever.com,7
8423.600253,https://clever.com,7
8439.29837,https://drive.google.com,7
8441.259419,https://www.ojogodobicho.com,7
8450.851863,https://drive.google.com,7
8451.883979,https://kpqz.brdbuxte.com,7
8451.899392,https://kpqz.brdbuxte.com,7
8452.053925,https://kpqz.brdbuxte.com,7
8452.059896,https://kpqz.brdbuxte.com,7
8452.064699,https://news.google.com,7
8452.380294,https://kpqz.brdbuxte.com,7
8452.481188,https://character.ai,7
8452.545093,https://kpqz.brdbuxte.com,7
8452.986589,https://www.xvideos.es,7
8453.109522,https://discord.com,7
8453.14801,https://kpqz.brdbuxte.com,7
8453.152818,https://discord.com,7
8453.31971,https://www.xvideos.es,7
8453.324557,https://kpqz.brdbuxte.com,7
8453.367916,https://m.skelbiu.lt,7
8453.781632,https://heylink.me,7
8453.900416,https://heylink.me,7
8457.787526,https://www.jra.go.jp,7
8457.787772,https://www.betano.bet.br,7
8458.653101,https://www.betano.bet.br,7
8460.414126,https://www.uol.com.br,7
8462.374338,https://tw.stock.yahoo.com,7
8468.893631,https://kpqz.brdbuxte.com,7
8469.053999,https://news.google.com,7
8469.065754,https://kpqz.brdbuxte.com,7
8478.159537,https://www.universal-credit.service.gov.uk,7
8481.459603,https://kpqz.brdbuxte.com,7
8481.683829,https://kpqz.brdbuxte.com,7
8482.821822,https://www.xvideos.es,7
8483.22034,https://www.xvideos.es,7
8492.225307,https://kpqz.brdbuxte.com,7
8492.436795,https://kpqz.brdbuxte.com,7
8492.868603,https://news.google.com,7
8494.694495,https://www.betano.bet.br,7
8495.553123,https://www.betano.bet.br,7
8495.593174,https://www.uol.com.br,7
8504.000251,https://tw.stock.yahoo.com,7
8615.746843,https://link.coupang.com,7
8747.244156,https://www.jusbrasil.com.br,7
8747.280368,https://manhwaweb.com,7
8747.334384,https://manhwaweb.com,7
8747.453547,https://vailonxx.vip,7
8747.501055,https://vailonxx.vip,7
8749.342793,https://www.xvideos.es,7
8750.678188,https://www.xvideos.es,7
8751.021348,https://www.xvideos.es,7
8755.262353,https://www.youjizz.com,7
8984.160146,https://m.skelbiu.lt,7
8985.09789,https://xnxx.health,7
12671.810771,https://xnxx.health,8
12676.799536,https://imgsrc.ru,8
12676.800855,https://en.m.wikipedia.org,8
12676.889127,https://en.luxuretv.com,8
12698.586739,https://www.welt.de,8
12699.090612,https://tw.stock.yahoo.com,8
12702.88378,https://drive.google.com,8
12702.884126,https://drive.google.com,8
12703.004971,https://www.ojogodobicho.com,8
12703.400135,https://drive.google.com,8
12750.100226,https://www.jra.go.jp,8
12750.108167,https://www.betano.bet.br,8
12750.307631,https://www.uol.com.br,8
12751.060711,https://www.betano.bet.br,8
12763.96909,https://zozo.jp,8
12764.062892,https://zozo.jp,8
12764.945121,https://www.serviporno.com,8
12764.978118,https://tw.stock.yahoo.com,8
12764.999412,https://tw.stock.yahoo.com,8
12766.529194,https://www.serviporno.com,8
12767.736725,https://tw.stock.yahoo.com,8
12768.301783,https://tw.stock.yahoo.com,8
12768.302434,https://tw.stock.yahoo.com,8
12772.98602,https://www.annunci69.it,8
12776.233012,https://m.facebook.com,8
12776.718457,https://www.freesexkahani.com,8
12777.478046,https://quizlet.com,8
12777.480046,https://8moviesda.net,8
12777.482054,https://www.amazon.com.au,8
12777.482202,https://www.freesexkahani.com,8
12777.919811,https://www.jagran.com,8
12777.994431,https://www.leboncoin.fr,8
12778.013267,https://www.chess.com,8
12778.065872,https://grapee.jp,8
12778.201671,https://ge.xhamster.desi,8
12778.254462,https://www.cardmarket.com,8
12778.271966,https://www.theguardian.com,8
12778.357742,https://www.cardmarket.com,8
12778.545983,https://mobile-x2.simontokx.asia,8
12780.2248,https://www.xpaja.net,8
12780.650571,https://woman.excite.co.jp,8
12780.816205,https://services.gst.gov.in,8
12781.29049,https://bpexch.com,8
12781.311502,https://xosodaiphat.com,8
12781.473261,https://www.tokyomotion.net,8
12781.475057,https://www.erome.com,8
12781.475803,https://www.cronista.com,8
12781.478371,https://www.taktube.net,8
12781.922723,https://xhopen.com,8
12819.645323,https://pl.pornhub.com,8
12819.738995,https://wiadomosci.onet.pl,8
12824.605776,https://tw.stock.yahoo.com,8
12824.645985,https://tw.stock.yahoo.com,8
12825.288993,https://drive.google.com,8
12825.359377,https://drive.google.com,8
12825.559942,https://drive.google.com,8
12825.581263,https://www.ojogodobicho.com,8
12828.006093,https://pikabu.ru,8
12828.332193,https://imgsrc.ru,8
12828.540081,https://imgsrc.ru,8
12829.174446,https://imgsrc.ru,8
12829.211184,https://www2.hm.com,8
12829.211547,https://pl.pornhub.com,8
12829.512012,https://tw.stock.yahoo.com,8
12829.608923,https://www.hamshahrionline.ir,8
12829.813785,https://www.onet.pl,8
12829.933369,https://www.casinoplusonlineph.com,8
12830.595097,https://www.kleinanzeigen.de,8
12831.724572,https://imgsrc.ru,8
12835.722797,https://www.amazon.com,8
12836.526554,https://tw.stock.yahoo.com,8
12845.557749,https://skipthegames.com,8
12845.644585,https://tw.stock.yahoo.com,8
12846.793015,https://pl.pornhub.com,8
12883.719009,https://www.jra.go.jp,8
12883.7212,https://www.betano.bet.br,8
12884.963092,https://www.betano.bet.br,8
12887.980317,https://www.uol.com.br,8
12900.133455,https://www.cardmarket.com,8
12903.490043,https://namu.wiki,8
12903.586425,https://www.5movierulz.lgbt,8
12904.112886,https://www.5movierulz.lgbt,8
12906.631589,https://www.5movierulz.lgbt,8
12907.995924,https://cz.pornhub.com,8
12908.002232,https://www.upwork.com,8
12911.628681,https://www.5movierulz.lgbt,8
12911.704176,https://www.bpjsketenagakerjaan.go.id,8
12913.289135,https://tw.yahoo.com,8
12913.302921,https://www.5movierulz.lgbt,8
12948.743828,https://eurowine9.com,8
12948.781562,https://www.5movierulz.lgbt,8
12949.658813,https://es.scribd.com,8
12949.659191,https://iporntv.net,8
12949.660997,https://www.lanacion.com.ar,8
12949.884323,https://hdporncomics.com,8
12949.887383,https://www.bpjsketenagakerjaan.go.id,8
12949.898157,https://donya-e-eqtesad.com,8
12950.08911,https://portal.auone.jp,8
12950.161716,https://steamcommunity.com,8
12950.328417,https://bpexch.com,8
12950.490501,https://es.eporner.com,8
12950.501184,https://mydesi.sbs,8
12950.615582,https://s.tabelog.com,8
12951.329866,https://kick.com,8
12953.178018,https://www.amazon.de,8
12961.728379,https://tw.stock.yahoo.com,8
12963.151815,https://www.finn.no,8
13195.91895,https://kick.com,8
13196.186465,https://tw.stock.yahoo.com,8
13197.643441,https://tw.stock.yahoo.com,8
13197.767144,https://skipthegames.com,8
13205.064584,https://xnxx.health,8
13227.471654,https://drive.google.com,8
13227.714018,https://drive.google.com,8
13227.730431,https://drive.google.com,8
13227.757761,https://www.ojogodobicho.com,8
13420.011886,https://www.dailymail.co.uk,8
13922.573497,https://en.luxuretv.com,8
13923.043794,https://parade.com,8
13923.970381,https://xnxx.health,8
13924.303829,https://tw.stock.yahoo.com,8
13925.433186,https://tw.stock.yahoo.com,8
13925.837672,https://www.aparat.com,8
13925.840115,https://www.pornhat.com,8
13925.96095,https://www.pornhat.com,8
13926.006706,https://imgsrc.ru,8
13926.014932,https://parade.com,8
13926.588965,https://es.scribd.com,8
13926.589745,https://es.scribd.com,8
13926.593429,https://www.apornvideo.com,8
13926.736447,https://m.skelbiu.lt,8
13926.809113,https://www.pornhat.com,8
13926.969629,https://xn--72cz9dvb1cxc.net,8
13934.37146,https://imgsrc.ru,8
13935.422369,https://en.luxuretv.com,8
13963.689039,https://link.coupang.com,8
13976.840686,https://tw.stock.yahoo.com,8
13981.535422,https://bakusai.com,8
13982.221587,https://tw.stock.yahoo.com,8
13985.624333,https://doujindesu.tv,8
13986.398338,https://tw.stock.yahoo.com,8
13997.497949,https://tw.stock.yahoo.com,8
14001.557861,https://tw.stock.yahoo.com,8
14006.765368,https://doujindesu.tv,8
14007.777263,https://tw.stock.yahoo.com,8
14009.091487,https://drive.google.com,8
14009.093118,https://drive.google.com,8
14009.405375,https://zozo.jp,8
14009.46278,https://zozo.jp,8
14009.627295,https://www.ojogodobicho.com,8
14009.627856,https://drive.google.com,8
14019.2137,https://www.betano.bet.br,8
14019.222857,https://www.jra.go.jp,8
14019.544092,https://www.uol.com.br,8
14020.204163,https://www.betano.bet.br,8
14023.670658,https://kick.com,8
14033.712371,https://tw.stock.yahoo.com,8
14036.057256,https://tw.stock.yahoo.com,8
14053.71223,https://tw.stock.yahoo.com,8
14057.013371,https://www.redtube.com,8
14062.009912,https://tw.stock.yahoo.com,8
14064.939067,https://www.xpaja.net,8
14065.309885,https://quizlet.com,8
14065.34692,https://8moviesda.net,8
14065.484513,https://ge.xhamster.desi,8
14065.623885,https://www.leboncoin.fr,8
14065.873588,https://www.cardmarket.com,8
14071.562902,https://tw.stock.yahoo.com,8
14073.980794,https://www.amazon.com.au,8
14073.984698,https://woman.excite.co.jp,8
14074.141611,https://services.gst.gov.in,8
14074.318858,https://www.tokyomotion.net,8
14074.460199,https://mobile-x2.simontokx.asia,8
14074.533164,https://xosodaiphat.com,8
14074.564367,https://ge.xhamster43.desi,8
14143.173856,https://tw.stock.yahoo.com,8
14337.838567,https://www.dailymail.co.uk,8
14460.629686,https://www.lavanguardia.com,9
14460.741924,https://m.skelbiu.lt,9
14542.431933,https://www.universal-credit.service.gov.uk,9
14551.594131,https://www.apornvideo.com,9
14552.013955,https://arca.live,9
14552.473818,https://arca.live,9
14552.7851,https://www.bing.com,9
14562.125441,https://www.njuskalo.hr,9
14562.258819,https://www.repubblica.it,9
14562.260127,https://growagarden.fandom.com,9
14562.424002,https://wol.jw.org,9
14562.424714,https://wol.jw.org,9
14563.42623,https://www.futbin.com,9
14563.674365,https://apps.facebook.com,9
14563.695168,https://www.hotstar.com,9
14563.737997,https://thisvid.com,9
14564.257624,https://articulo.mercadolibre.com.ar,9
14564.269833,https://gamewith.jp,9
14564.401871,https://gamewith.jp,9
14599.785769,https://www.sakshi.com,9
14599.908226,https://www.sakshi.com,9
14600.161447,https://www.xvideos.es,9
14600.186562,https://kpqz.brdbuxte.com,9
14600.367881,https://kpqz.brdbuxte.com,9
14600.507835,https://www.xvideos.es,9
14600.927991,https://vailonxx.vip,9
14600.967158,https://kpqz.brdbuxte.com,9
14600.978302,https://vailonxx.vip,9
14601.04596,https://kpqz.brdbuxte.com,9
14601.585903,https://www.seznam.cz,9
14601.630273,https://www.seznam.cz,9
14603.664732,https://kpqz.brdbuxte.com,9
14603.683261,https://kpqz.brdbuxte.com,9
14603.738386,https://kpqz.brdbuxte.com,9
14603.760076,https://kpqz.brdbuxte.com,9
14604.332843,https://www.xvideos.es,9
14605.107364,https://direct.lc.chat,9
14606.415845,https://manhwaweb.com,9
14606.450708,https://kpqz.brdbuxte.com,9
14606.456238,https://manhwaweb.com,9
14606.525019,https://kpqz.brdbuxte.com,9
14606.978935,https://www.jusbrasil.com.br,9
14608.116827,https://sp.jra.jp,9
14608.447514,https://sp.jra.jp,9
14692.160149,https://www.cardmarket.com,9
14703.345192,https://www.jra.go.jp,9
14703.365606,https://www.betano.bet.br,9
14706.132616,https://www.welt.de,9
14706.203066,https://xnxx.health,9
14707.526446,https://tw.stock.yahoo.com,9
14721.593967,https://www.espn.com,9
15005.542736,https://www.espn.com,9
15028.736241,https://www.betano.bet.br,9
15028.736464,https://www.betano.bet.br,9
15028.736662,https://www.jra.go.jp,9
15028.977471,https://one.ibomma.foo,9
15029.460131,https://novel18.syosetu.com,9
15029.460634,https://fr.xvideos.com,9
15029.481289,https://x.ijavhd.com,9
15029.588612,https://novel18.syosetu.com,9
15029.641147,https://x.ijavhd.com,9
15029.676297,https://www.betano.bet.br,9
15029.690785,https://novel18.syosetu.com,9
15029.737876,https://x.ijavhd.com,9
15029.783871,https://www.betano.bet.br,9
15029.843221,https://x.ijavhd.com,9
15029.896084,https://fr.xvideos.com,9
15029.897353,https://novel18.syosetu.com,9
15029.96471,https://novel18.syosetu.com,9
15029.964921,https://x.ijavhd.com,9
15029.976202,https://m.fabswingers.com,9
15030.017534,https://fr.xvideos.com,9
15030.253578,https://m.fabswingers.com,9
15030.354554,https://m.fabswingers.com,9
15030.472095,https://novel18.syosetu.com,9
15030.569589,https://m.fabswingers.com,9
15030.579654,https://fr.xvideos.com,9
15030.761109,https://m.fabswingers.com,9
15032.138866,https://tw.stock.yahoo.com,9
15033.613844,https://in.pinterest.com,9
15033.844953,https://m.daum.net,9
15122.853659,https://www.jusbrasil.com.br,9
15122.869142,https://sp.jra.jp,9
15123.296112,https://sp.jra.jp,9
15125.391482,https://www.espn.com,9
15230.932835,https://www.espn.com,9
15339.687106,https://m.skelbiu.lt,9
15470.515825,https://www.espn.com,9
15474.835291,https://www.jra.go.jp,9
15482.528111,https://e-okul.meb.gov.tr,9
15550.254578,https://www.serviporno.com,9
15553.536019,https://www.espn.com,9
15554.147932,https://xnxx.health,9
15554.350114,https://link.coupang.com,9
15659.763319,https://cn.pornhub.com,9
15659.764358,https://sportowefakty.wp.pl,9
15659.764579,https://www.finn.no,9
15659.812777,https://www.5movierulz.lgbt,9
15660.117005,https://gekso.xyz,9
15660.397342,https://www.amazon.com,9
15660.586798,https://www.betano.bet.br,9
15660.601126,https://www.betano.bet.br,9
15660.839347,https://www.5movierulz.lgbt,9
15661.25885,https://www.elconfidencial.com,9
15662.363705,https://parade.com,9
15662.989286,https://tw.stock.yahoo.com,9
15663.360305,https://parade.com,9
15663.437927,https://tw.stock.yahoo.com,9
15663.644992,https://www.finn.no,9
15663.647451,https://adult.noodlemagazine.com,9
15663.647769,https://pl.pornhub.com,9
15664.459824,https://www.espn.com,9
15664.467664,https://e-okul.meb.gov.tr,9
15664.948889,https://www.serviporno.com,9
15665.089648,https://kpqz.brdbuxte.com,9
15665.176846,https://kpqz.brdbuxte.com,9
15665.565981,https://adult.noodlemagazine.com,9
15665.682966,https://tw.stock.yahoo.com,9
15666.054966,https://www.serviporno.com,9
15666.324094,https://www.sport.es,9
15667.344644,https://news.google.com,9
15671.362542,https://link.coupang.com,9
15691.986923,https://tw.stock.yahoo.com,9
15692.23542,https://poki.com,9
15702.98226,https://www.universal-credit.service.gov.uk,9
15708.714654,https://tw.stock.yahoo.com,9
15721.527086,https://skipthegames.com,9
15760.064474,https://pl.pornhub.com,9
15760.31367,https://skipthegames.com,9
15760.348927,https://www.sozcu.com.tr,9
15761.503353,https://www.sozcu.com.tr,9
15762.312996,https://www.uol.com.br,9
15762.592143,https://www.sozcu.com.tr,9
15764.529155,https://tw.stock.yahoo.com,9
15779.067973,https://s.tabelog.com,9
15779.12229,https://x.ijavhd.com,9
15779.299454,https://s.tabelog.com,9
15779.523158,https://x.ijavhd.com,9
15779.824467,https://x.ijavhd.com,9
15779.876209,https://pl.pornhub.com,9
15779.981468,https://x.ijavhd.com,9
15780.943737,https://s.tabelog.com,9
15780.94423,https://s.tabelog.com,9
15782.060523,https://www.jagran.com,9
15785.062003,https://finance.yahoo.com,9
15785.346877,https://finance.yahoo.com,9
15785.557421,https://finance.yahoo.com,9
15798.590223,https://skipthegames.com,9
15798.628507,https://m.fabswingers.com,9
15798.783888,https://m.fabswingers.com,9
15799.115111,https://m.fabswingers.com,9
15799.335171,https://m.fabswingers.com,9
15814.066526,https://fr.xvideos.com,9
15814.069198,https://m.fabswingers.com,9
15814.207807,https://fr.xvideos.com,9
15814.287187,https://m.fabswingers.com,9
15814.555054,https://m.fabswingers.com,9
15815.844795,https://m.fabswingers.com,9
15828.418498,https://www.espn.com,9
15831.719638,https://tw.stock.yahoo.com,9
15833.100052,https://www.redtube.com,9
15842.510336,https://pl.pornhub.com,9
15842.566496,https://www.betano.bet.br,9
15842.600644,https://litnet.com,9
15842.621625,https://www.betano.bet.br,9
15842.690878,https://scratch.mit.edu,9
15843.104424,https://parade.com,9
15846.523523,https://scratch.mit.edu,9
15849.784324,https://scratch.mit.edu,9
15855.93646,https://scratch.mit.edu,9
15857.500859,https://scratch.mit.edu,9
15859.20545,https://scratch.mit.edu,9
15860.450057,https://tw.stock.yahoo.com,9
15862.773377,https://scratch.mit.edu,9
15864.003959,https://scratch.mit.edu,9
15867.914384,https://scratch.mit.edu,9
15878.021889,https://tw.stock.yahoo.com,9
15878.170881,https://parade.com,9
15879.331928,https://tw.stock.yahoo.com,9
15881.547788,https://tw.stock.yahoo.com,9
15885.833006,https://tw.stock.yahoo.com,9
15892.974754,https://tw.stock.yahoo.com,9
15903.839523,https://www.universal-credit.service.gov.uk,9
15904.0879,https://zozo.jp,9
15904.187159,https://zozo.jp,9
15904.640618,https://zozo.jp,9
15904.715076,https://zozo.jp,9
15904.910646,https://zozo.jp,9
15904.984826,https://zozo.jp,9
15905.131905,https://zozo.jp,9
15905.201347,https://zozo.jp,9
15905.384246,https://zozo.jp,9
15905.45856,https://zozo.jp,9
15905.723982,https://zozo.jp,9
15905.794633,https://zozo.jp,9
15906.011434,https://zozo.jp,9
15906.087596,https://zozo.jp,9
15964.424899,https://skipthegames.com,9
15964.451228,https://skipthegames.com,9
15964.476715,https://skipthegames.com,9
15964.521199,https://pl.pornhub.com,9
16064.358616,https://tw.stock.yahoo.com,9
16068.629384,https://www.foxnews.com,9
16069.438608,https://tw.stock.yahoo.com,9
16090.874547,https://www.uol.com.br,9
16126.349645,https://xnxx.health,9
16192.949661,https://www.espn.com,9
16203.923556,https://imgsrc.ru,10
16247.1597,https://xnxx.health,10
16273.667378,https://beauty.hotpepper.jp,10
16274.014913,https://saednews.com,10
16324.254509,https://www.ouest-france.fr,10
16324.358206,https://www.ouest-france.fr,10
16326.741994,https://tw.stock.yahoo.com,10
16327.468118,https://en.luxuretv.com,10
16327.558355,https://tw.stock.yahoo.com,10
16327.916686,https://tw.stock.yahoo.com,10
16450.070672,https://m.skelbiu.lt,10
16450.134187,https://es.scribd.com,10
16450.137291,https://www.lecturas.com,10
16471.200582,https://wiadomosci.onet.pl,10
16475.519483,https://www.espn.com,10
16605.331983,https://link.coupang.com,10
16621.45223,https://skipthegames.com,10
16633.103381,https://tw.stock.yahoo.com,10
16633.104063,https://tw.stock.yahoo.com,10
16729.804311,https://www.espn.com,10
16772.139474,https://tabs.ultimate-guitar.com,10
16772.142384,https://ncode.syosetu.com,10
16772.177257,https://www.conectate.com.do,10
16772.263912,https://www.navitime.co.jp,10
16772.269341,https://fojik.com,10
16772.286296,https://www.fpo.xxx,10
16772.537755,https://persona.patria.org.ve,10
16772.537992,https://www.joyclub.de,10
16772.538204,https://sede.agenciatributaria.gob.es,10
16772.540617,https://rta.bappam.fans,10
16772.54127,https://www.thscore.mobi,10
16772.632822,https://mangabuddy.com,10
16772.632952,https://pt.pornhub.com,10
16772.633073,https://www.wannonce.com,10
16772.633191,https://funpay.com,10
16772.633309,https://www.qorno.com,10
16772.633426,https://www.tori.fi,10
16772.633544,https://x.sex-studentki.co,10
16772.633662,https://awlyaa.education.dz,10
16772.633776,https://jable.tv,10
16772.633896,https://www.marca.com,10
16772.63401,https://xhcopy.life,10
16772.634124,https://www.disneyplus.com,10
16772.634238,https://heovl.fit,10
16772.634368,https://admin.shopify.com,10
16772.634489,https://ficbook.net,10
16772.634606,https://motherless.com,10
16772.634723,https://m.nkryu17dc.com,10
16772.63492,https://gelbooru.com,10
16772.635168,https://www.flipkart.com,10
16772.635297,https://www.jalan.net,10
16772.635415,https://www.zillow.com,10
16772.635533,https://amp.xnxx.com,10
16772.63565,https://www.tagesschau.de,10
16772.635764,https://es.cam4.com,10
16772.635883,https://www.otto.de,10
16772.636778,https://photos.google.com,10
16772.637001,https://www.xnxx.tv,10
16773.730029,https://classroom.google.com,10
16773.767509,https://gelbooru.com,10
16773.767657,https://gelbooru.com,10
16773.767788,https://gelbooru.com,10
16773.767907,https://gelbooru.com,10
16773.768022,https://gelbooru.com,10
16773.76814,https://xhcopy.life,10
16773.768259,https://xhcopy.life,10
16773.768374,https://xhcopy.life,10
16773.768505,https://xhcopy.life,10
16773.768626,https://xhcopy.life,10
16773.768744,https://xhcopy.life,10
16773.784309,https://www.xnxx-arabic.com,10
16773.796028,https://m.yahoo.co.jp,10
16773.868538,https://m.nkryu17dc.com,10
16774.600771,https://www.moneycontrol.com,10
16774.8045,https://www.moneycontrol.com,10
16880.936072,https://id.woxh.world,10
16947.245311,https://m.skelbiu.lt,10
16951.717415,https://www.espn.com,10
17071.565331,https://www.betano.bet.br,10
17071.565508,https://www.betano.bet.br,10
17071.565685,https://www.jra.go.jp,10
17072.523194,https://www.betano.bet.br,10
17196.862413,https://www.welt.de,10
17197.586885,https://tw.stock.yahoo.com,10
17235.95471,https://skipthegames.com,10
17318.017443,https://www.espn.com,10
17318.661526,https://www.xvideos.es,10
17319.153491,https://xnxx.health,10
17319.196147,https://www.xvideos.es,10
17352.508434,https://www.universal-credit.service.gov.uk,10
17379.212257,https://www.pornhat.com,10
17379.43771,https://es.scribd.com,10
17401.568293,https://www.universal-credit.service.gov.uk,10
17402.66725,https://tw.stock.yahoo.com,10
17402.675554,https://tw.stock.yahoo.com,10
17402.860699,https://www.cardmarket.com,10
17403.409816,https://www.20minutos.es,10
17403.423831,https://tktube.com,10
17403.570505,https://parade.com,10
17403.713119,https://doujindesu.tv,10
17403.943818,https://m.daum.net,10
17403.982978,https://www.annunci69.it,10
17404.07146,https://www.youjizz.com,10
17404.242171,https://doujindesu.tv,10
17409.149502,https://www.pornhat.com,10
17417.115173,https://www.leboncoin.fr,10
17420.076461,https://www.xpaja.net,10
17420.534111,https://quizlet.com,10
17420.660427,https://ge.xhamster.desi,10
17420.770283,https://grapee.jp,10
17446.07893,https://www.amazon.com.au,10
17446.08033,https://woman.excite.co.jp,10
17446.277934,https://services.gst.gov.in,10
17446.45845,https://mobile-x2.simontokx.asia,10
17446.495308,https://www.tokyomotion.net,10
17446.653507,https://xosodaiphat.com,10
17446.681668,https://8moviesda.net,10
17450.516762,https://tw.stock.yahoo.com,10
17459.383384,https://www.universal-credit.service.gov.uk,10
17459.38375,https://en.luxuretv.com,10
17459.486797,https://nguoiquansat.vn,10
17470.565697,https://www.universal-credit.service.gov.uk,10
17471.100832,https://en.luxuretv.com,10
17516.704896,https://ge.xhamster43.desi,10
17526.70036,https://tw.stock.yahoo.com,10
17528.85142,https://www.serviporno.com,10
17530.155254,https://www.serviporno.com,10
17535.568145,https://en.luxuretv.com,10
17548.339307,https://xnxx.health,10
17548.538981,https://link.coupang.com,10
17582.54292,https://www.amazon.com.au,10
17582.545217,https://woman.excite.co.jp,10
17587.947832,https://www.amazon.com,10
17619.919043,https://m.sports.naver.com,10
17620.585377,https://www.sexvid.pro,10
17620.586026,https://onlyfans.com,10
17729.290172,https://tw.stock.yahoo.com,10
17777.487614,https://www.jusbrasil.com.br,10
17777.499269,https://www.xvideos.es,10
17777.542071,https://www.xvideos.es,10
17777.906196,https://www.xvideos.es,10
17797.270222,https://www.cardmarket.com,10
17804.792277,https://www.xpaja.net,10
17809.839905,https://ge.xhamster.desi,10
17809.841106,https://quizlet.com,10
17809.902855,https://www.leboncoin.fr,10
17813.398495,https://tw.stock.yahoo.com,10
18408.291917,https://www.5movierulz.lgbt,11
18409.362984,https://www.5movierulz.lgbt,11
18438.433241,https://www.yahoo.co.jp,11
18440.226323,https://www.cardmarket.com,11
18446.817599,https://www.xpaja.net,11
18446.863129,https://quizlet.com,11
18446.863369,https://8moviesda.net,11
18447.269094,https://ge.xhamster.desi,11
18447.337691,https://www.leboncoin.fr,11
18451.581957,https://tw.stock.yahoo.com,11
18451.836529,https://www.elconfidencial.com,11
18451.881779,https://www.apornvideo.com,11
18452.048982,https://kpqz.brdbuxte.com,11
18452.086778,https://kpqz.brdbuxte.com,11
18452.097983,https://news.google.com,11
18452.229326,https://kpqz.brdbuxte.com,11
18452.273908,https://kpqz.brdbuxte.com,11
18452.770383,https://kpqz.brdbuxte.com,11
18452.954214,https://kpqz.brdbuxte.com,11
18453.044706,https://www.xvideos.es,11
18453.401564,https://www.xvideos.es,11
18462.332278,https://discord.com,11
18466.068367,https://discord.com,11
18470.518706,https://kpqz.brdbuxte.com,11
18470.778419,https://kpqz.brdbuxte.com,11
18471.27314,https://kpqz.brdbuxte.com,11
18471.455335,https://kpqz.brdbuxte.com,11
18471.88969,https://heylink.me,11
18471.943725,https://heylink.me,11
18491.478851,https://m.24xxx.casa,11
18491.977099,https://m.24xxx.casa,11
18552.118259,https://kpqz.brdbuxte.com,11
18552.495288,https://kpqz.brdbuxte.com,11
18553.093981,https://news.google.com,11
18592.301637,https://news.google.com,11
18592.442849,https://www.netflix.com,11
18592.507385,https://www.netflix.com,11
18592.561471,https://www.ilmessaggero.it,11
18592.617914,https://www.ilmessaggero.it,11
18592.667474,https://kpqz.brdbuxte.com,11
18592.669829,https://www.ilmessaggero.it,11
18592.848769,https://kpqz.brdbuxte.com,11
18682.695763,https://xnxx.health,11
18749.600846,https://www.welt.de,11
18749.924261,https://imgsrc.ru,11
18772.489523,https://www.netflix.com,11
18772.538421,https://www.netflix.com,11
18772.605199,https://heylink.me,11
18772.621736,https://www.ilmessaggero.it,11
18772.644024,https://heylink.me,11
18772.664061,https://www.ilmessaggero.it,11
18772.707185,https://www.ilmessaggero.it,11
18772.746085,https://www.ilmessaggero.it,11
18802.48447,https://id.woxh.world,11
18866.699556,https://www.netflix.com,11
18866.734393,https://www.netflix.com,11
18905.480985,https://kpqz.brdbuxte.com,11
18905.526199,https://kpqz.brdbuxte.com,11
18905.526358,https://kpqz.brdbuxte.com,11
18905.528571,https://kpqz.brdbuxte.com,11
18905.65676,https://kpqz.brdbuxte.com,11
18905.693896,https://kpqz.brdbuxte.com,11
18905.70986,https://kpqz.brdbuxte.com,11
18905.71224,https://kpqz.brdbuxte.com,11
18906.179339,https://news.google.com,11
18906.183956,https://www.almasryalyoum.com,11
18906.25249,https://www.almasryalyoum.com,11
18917.832488,https://kpqz.brdbuxte.com,11
18918.013615,https://kpqz.brdbuxte.com,11
18976.133656,https://pl.pornhub.com,11
18976.337479,https://xnxx.health,11
18978.942991,https://pl.pornhub.com,11
19092.558239,https://www.betano.bet.br,11
19092.560142,https://www.betano.bet.br,11
19092.560971,https://www.jra.go.jp,11
19092.853887,https://www.uol.com.br,11
19093.25835,https://www.betano.bet.br,11
19093.576524,https://www.betano.bet.br,11
19094.752367,https://tw.stock.yahoo.com,11
19096.870478,https://tw.stock.yahoo.com,11
19099.926267,https://www.bilibili.com,11
19099.92648,https://mlbpark.donga.com,11
19099.927185,https://www.mangago.me,11
19099.930487,https://fra.xhspot.com,11
19124.80747,https://www.uol.com.br,11
19128.803096,https://www.otto.de,11
19128.805471,https://photos.google.com,11
19128.805539,https://www.xnxx.tv,11
19128.805675,https://elpais.com,11
19132.906035,https://googll.store,11
19133.444789,https://www.scribd.com,11
19133.45451,https://www.imdb.com,11
19133.457284,https://m.magazineluiza.com.br,11
19133.621322,https://www.xnxx.tv,11
19133.623698,https://www.samsung.com,11
19133.623837,https://googll.store,11
19133.773234,https://udn.com,11
19133.773409,https://www.xnxx.tv,11
19133.886464,https://www.amazon.in,11
19133.893131,https://triunfobet.com,11
19133.901625,https://www.emag.ro,11
19133.90169,https://www.scribd.com,11
19133.901814,https://triunfobet.com,11
19133.928207,https://faphouse1.com,11
19133.941136,https://www.5movierulz.lgbt,11
19133.950851,https://www.betway.co.za,11
19134.078666,https://www.rexporn.sex,11
19134.126182,https://www.remove.bg,11
19134.182392,https://photos.google.com,11
19134.182572,https://www.otto.de,11
19134.28118,https://www.otto.de,11
19134.446987,https://www.5movierulz.lgbt,11
19134.679564,https://www.otto.de,11
19135.066177,https://www.amazon.co.uk,11
19135.078195,https://search.rakuten.co.jp,11
19135.251997,https://www.xnxx.tv,11
19136.012044,https://www.yahoo.co.jp,11
19136.585248,https://hi.xhamster43.desi,11
19136.600734,https://hi.xhamster43.desi,11
19143.867467,https://m.vk.com,11
19163.555847,https://www.cardmarket.com,11
19164.690485,https://www.annunci69.it,11
19169.629164,https://www.5movierulz.lgbt,11
19170.235041,https://calendar.google.com,11
19170.36972,https://www.fiverr.com,11
19172.036837,https://xhamster19.com,11
19175.156839,https://www.5movierulz.lgbt,11
19175.233506,https://www.bpjsketenagakerjaan.go.id,11
19176.501177,https://tw.yahoo.com,11
19176.511254,https://www.5movierulz.lgbt,11
19184.839549,https://www.finn.no,11
19235.404592,https://www.5movierulz.lgbt,11
19236.016236,https://www.5movierulz.lgbt,11
19239.809633,https://www.52shuku.vip,11
19247.063512,https://www.5movierulz.lgbt,11
19247.717901,https://www.5movierulz.lgbt,11
19340.839463,https://t.me,11
19387.663715,https://tw.stock.yahoo.com,11
19387.707249,https://tw.stock.yahoo.com,11
19392.19724,https://news.google.com,11
19392.278481,https://kpqz.brdbuxte.com,11
19392.436109,https://kpqz.brdbuxte.com,11
19393.177482,https://www.xvideos.es,11
19393.611719,https://www.xvideos.es,11
19397.09408,https://www.serviporno.com,11
19398.345605,https://www.serviporno.com,11
19401.567561,https://m.24xxx.casa,11
19402.010522,https://m.24xxx.casa,11
19457.743157,https://superbet.bet.br,11
19457.794707,https://kpqz.brdbuxte.com,11
19457.81816,https://superbet.bet.br,11
19457.833771,https://news.google.com,11
19457.970466,https://kpqz.brdbuxte.com,11
19458.915537,https://www.tjk.org,11
19460.234747,https://justindianporn.info,11
19460.292786,https://justindianporn.info,11
19461.142425,https://kpqz.brdbuxte.com,11
19461.180834,https://www.ozon.ru,11
19461.240947,https://www.ozon.ru,11
19461.320643,https://br.skokka.com,11
19461.32854,https://kpqz.brdbuxte.com,11
19461.57704,https://www.goal.com,11
19461.577835,https://br.skokka.com,11
19461.578161,https://br.skokka.com,11
19461.599433,https://www.elconfidencial.com,11
19461.628756,https://br.skokka.com,11
19461.642469,https://www.goal.com,11
19461.64579,https://superbet.bet.br,11
19461.714283,https://superbet.bet.br,11
19461.718311,https://bebesong.com,11
19461.71901,https://www.sidrachain.com,11
19461.71925,https://www.sidrachain.com,11
19461.772009,https://www.5movierulz.lgbt,11
19461.854874,https://syosetu.org,11
19461.913359,https://syosetu.org,11
19462.126609,https://kpqz.brdbuxte.com,11
19462.128685,https://www.idnes.cz,11
19462.179992,https://www.idnes.cz,11
19462.285141,https://www.5movierulz.lgbt,11
19462.306267,https://kpqz.brdbuxte.com,11
19462.603986,https://www.wildberries.ru,11
19462.615515,https://kpqz.brdbuxte.com,11
19462.70505,https://justindianporn.info,11
19462.713168,https://syosetu.org,11
19462.721448,https://kpqz.brdbuxte.com,11
19462.730296,https://kpqz.brdbuxte.com,11
19462.738197,https://kpqz.brdbuxte.com,11
19462.745867,https://justindianporn.info,11
19462.7523,https://syosetu.org,11
19462.7941,https://kpqz.brdbuxte.com,11
19462.807675,https://superbet.bet.br,11
19462.856474,https://superbet.bet.br,11
19462.904967,https://kpqz.brdbuxte.com,11
19462.917847,https://kpqz.brdbuxte.com,11
19462.918631,https://kpqz.brdbuxte.com,11
19462.936287,https://www.idnes.cz,11
19462.972939,https://www.idnes.cz,11
19463.167735,https://kpqz.brdbuxte.com,11
19463.326899,https://br.skokka.com,11
19463.328765,https://www.wattpad.com,11
19463.344754,https://kpqz.brdbuxte.com,11
19463.351586,https://www.seznam.cz,11
19463.354812,https://www.seznam.cz,11
19463.39627,https://www.seznam.cz,11
19463.399319,https://www.seznam.cz,11
19463.741672,https://hiroba.dpoint.docomo.ne.jp,11
19463.748727,https://xbato.com,11
19463.754334,https://www.ilmeteo.it,11
19463.777908,https://www.seznam.cz,11
19463.810459,https://www.seznam.cz,11
19463.834095,https://shopee.com.br,11
19463.837286,https://sp.mbga.jp,11
19463.878524,https://articulo.mercadolibre.com.mx,11
19463.908969,https://kpqz.brdbuxte.com,11
19463.949138,https://articulo.mercadolibre.com.mx,11
19464.004667,https://xhtube.life,11
19464.048528,https://www.idnes.cz,11
19464.07408,https://olimpbet.kz,11
19464.078226,https://kpqz.brdbuxte.com,11
19464.100021,https://www.idnes.cz,11
19464.110757,https://policies.google.com,11
19464.138356,https://luticlip.com,11
19464.144546,https://portal.librus.pl,11
19464.212672,https://app.hubspot.com,11
19464.220569,https://www.5movierulz.lgbt,11
19464.484708,https://kpqz.brdbuxte.com,11
19464.668412,https://kpqz.brdbuxte.com,11
19464.707251,https://www.indiapost.gov.in,11
19464.722268,https://kpqz.brdbuxte.com,11
19464.766582,https://bato.to,11
19464.895389,https://kpqz.brdbuxte.com,11
19464.921646,https://www.indiapost.gov.in,11
19464.923245,https://kpqz.brdbuxte.com,11
19464.933801,https://support.google.com,11
19465.039487,https://y2mate.nu,11
19465.07316,https://kpqz.brdbuxte.com,11
19465.074556,https://kpqz.brdbuxte.com,11
19465.262868,https://kpqz.brdbuxte.com,11
19465.31995,https://pl.escort.club,11
19465.425139,https://www.5movierulz.lgbt,11
19465.442101,https://www.almasryalyoum.com,11
19465.483834,https://www.almasryalyoum.com,11
19465.984542,https://retail.onlinesbi.sbi,11
19466.076965,https://kpqz.brdbuxte.com,11
19466.109729,https://game8.jp,11
19466.232847,https://kpqz.brdbuxte.com,11
19466.256869,https://kpqz.brdbuxte.com,11
19466.306666,https://m.economictimes.com,11
19466.404256,https://kpqz.brdbuxte.com,11
19466.528226,https://www.rojgarresult.com,11
19466.975337,https://fa.m.wikipedia.org,11
19466.977117,https://telegram.org,11
19467.675897,https://direct.lc.chat,11
19467.731875,https://www.novinky.cz,11
19467.962321,https://www.123-hdd.com,11
19468.010457,https://www.biblegateway.com,11
19468.014923,https://www.kompas.com,11
19468.029134,https://direct.lc.chat,11
19468.091284,https://www.123-hdd.com,11
19468.180021,https://kpqz.brdbuxte.com,11
19468.197475,https://www.wildberries.ru,11
19468.275017,https://www.erome.com,11
19468.355897,https://kpqz.brdbuxte.com,11
19468.698312,https://www.w3schools.com,11
19468.708175,https://v.daum.net,11
19468.725707,https://www.3bmeteo.com,11
19468.744244,https://18comic.vip,11
19468.834586,https://www.xvideos-ar.com,11
19468.963978,https://www.fmkorea.com,11
19469.019996,https://v.daum.net,11
19469.489074,https://www.arabx.cam,11
19469.522099,https://hanime1.me,11
19469.529966,https://www.ozon.ru,11
19469.550724,https://www.microsoft.com,11
19469.591383,https://www.ozon.ru,11
19469.604018,https://www.arabx.cam,11
19469.656724,https://hanime1.me,11
19469.918543,https://www.123-hdd.com,11
19469.959209,https://www.123-hdd.com,11
19470.084197,https://www.xvideos.es,11
19470.164788,https://kpqz.brdbuxte.com,11
19470.318311,https://theqoo.net,11
19470.336003,https://kpqz.brdbuxte.com,11
19470.417355,https://www.xvideos.es,11
19470.650385,https://m.olx.pl,11
19470.68795,https://theqoo.net,11
19470.719116,https://www.kamababa.desi,11
19470.769763,https://m.gsmarena.com,11
19470.791981,https://www.amazon.es,11
19471.199132,https://www.amazon.es,11
19471.213108,https://www.5movierulz.lgbt,11
19471.765018,https://www.123-hdd.com,11
19471.803316,https://www.123-hdd.com,11
19471.980203,https://www.123-hdd.com,11
19472.0177,https://www.123-hdd.com,11
19473.562302,https://www.kamababa.desi,11
19473.562696,https://m.gsmarena.com,11
19473.606544,https://m.gsmarena.com,11
19473.607094,https://www.kamababa.desi,11
19473.634889,https://www.espn.com.ve,11
19474.145809,https://tmohentai.com,11
19474.209734,https://tmohentai.com,11
19474.23938,https://news.google.com,11
19474.245577,https://m.olx.pl,11
19474.279847,https://m.24xxx.casa,11
19474.946991,https://superbet.bet.br,11
19474.990366,https://superbet.bet.br,11
19476.998976,https://tmohentai.com,11
19477.033073,https://tmohentai.com,11
19477.133532,https://m.24xxx.casa,11
19479.465244,https://tmohentai.com,11
19479.496978,https://tmohentai.com,11
19479.560992,https://m.24xxx.casa,11
19479.871923,https://m.24xxx.casa,11
19479.95223,https://www.amazon.com,11
19480.194401,https://www.infobae.com,11
19480.285666,https://www.infobae.com,11
19480.576945,https://www.5movierulz.lgbt,11
19481.09959,https://xn--l3cg7a8a0cwa3f.com,11
19481.104596,https://www.seznam.cz,11
19481.137008,https://www.seznam.cz,11
19481.155845,https://www.5movierulz.lgbt,11
19481.733281,https://www.promiedos.com.ar,11
19481.747605,https://fra.xhspot.com,11
19481.765489,https://www.5movierulz.lgbt,11
19482.321992,https://www.5movierulz.lgbt,11
19482.877014,https://www.5movierulz.lgbt,11
19483.439718,https://www.5movierulz.lgbt,11
19483.994429,https://www.5movierulz.lgbt,11
19484.677442,https://ecnavi.jp,11
19484.806767,https://www.betway.co.za,11
19484.807665,https://www.espncricinfo.com,11
19485.238038,https://playinmatch.com,11
19485.271275,https://es.scribd.com,11
19485.484454,https://translate.google.com,11
19485.806537,https://www.bilibili.tv,11
19485.906495,https://www.bilibili.tv,11
19486.033018,https://detail.chiebukuro.yahoo.co.jp,11
19486.140693,https://xhamster2.com,11
19486.230139,https://xhamster2.com,11
19486.602158,https://de.m.wikipedia.org,11
19486.658187,https://de.m.wikipedia.org,11
19487.729894,https://missav.ws,11
19487.787102,https://missav.ws,11
19487.814938,https://m.olx.pl,11
19487.815562,https://tmohentai.com,11
19487.855271,https://tmohentai.com,11
19487.997071,https://m.olx.pl,11
19488.170403,https://www.curseforge.com,11
19488.541155,https://www.curseforge.com,11
19521.567136,https://br.skokka.com,11
19541.957476,https://videy.co,11
19542.02139,https://parade.com,11
19542.996824,https://tw.stock.yahoo.com,11
19543.685916,https://tw.stock.yahoo.com,11
19544.343405,https://tw.stock.yahoo.com,11
19544.776972,https://tw.stock.yahoo.com,11
19574.758195,https://e-okul.meb.gov.tr,11
19574.797617,https://xnxx.health,11
19620.432498,https://www.gov.br,11
19674.591461,https://mm.anwap.today,11
19674.607316,https://mm.anwap.today,11
19674.638875,https://mm.anwap.today,11
19674.653636,https://mm.anwap.today,11
19701.780614,https://br.skokka.com,11
19705.896277,https://justindianporn.info,11
19705.936015,https://justindianporn.info,11
19706.494368,https://news.google.com,11
19706.620294,https://kpqz.brdbuxte.com,11
19706.800129,https://kpqz.brdbuxte.com,11
19707.135951,https://kpqz.brdbuxte.com,11
19707.207207,https://kpqz.brdbuxte.com,11
19707.464537,https://www.xvideos.es,11
19707.732662,https://www.indiapost.gov.in,11
19707.812149,https://www.xvideos.es,11
19707.936455,https://www.indiapost.gov.in,11
19725.43821,https://news.google.com,11
19749.092655,https://discord.com,11
19749.134716,https://discord.com,11
19757.147266,https://en.luxuretv.com,11
19757.311256,https://kpqz.brdbuxte.com,11
19757.375906,https://kpqz.brdbuxte.com,11
19757.449913,https://news.google.com,11
19757.660033,https://kpqz.brdbuxte.com,11
19757.734131,https://kpqz.brdbuxte.com,11
19772.97903,https://www.betano.bet.br,11
19772.979613,https://www.betano.bet.br,11
19772.981996,https://www.jra.go.jp,11
19773.558666,https://www.betano.bet.br,11
19773.943845,https://www.betano.bet.br,11
19774.808404,https://tw.stock.yahoo.com,11
19775.580948,https://news.google.com,11
19776.08887,https://www.kleinanzeigen.de,11
19776.244993,https://www.uol.com.br,11
19776.546112,https://www.uol.com.br,11
19776.586018,https://discord.com,11
19776.626789,https://discord.com,11
19788.001444,https://news.google.com,11
19788.987378,https://www.xvideos.es,11
19789.306898,https://www.xvideos.es,11
19790.251246,https://noodlemagazine.com,11
19790.348787,https://noodlemagazine.com,11
19790.999392,https://m.24xxx.casa,11
19791.325062,https://m.24xxx.casa,11
19814.72301,https://news.google.com,12
19823.775837,https://www.betano.bet.br,12
19823.776365,https://www.betano.bet.br,12
19824.222032,https://www.betano.bet.br,12
19824.677964,https://www.betano.bet.br,12
19828.108941,https://www.foxnews.com,12
19828.627673,https://www.homedepot.com,12
19828.731735,https://www.homedepot.com,12
19828.731815,https://www.homedepot.com,12
19828.731906,https://www.homedepot.com,12
19828.734532,https://www.homedepot.com,12
19828.734613,https://www.5movierulz.lgbt,12
19828.736739,https://www.homedepot.com,12
19829.283722,https://www.5movierulz.lgbt,12
19829.439847,https://www.5movierulz.lgbt,12
19829.981099,https://tw.yahoo.com,12
19833.137994,https://www.xpaja.net,12
19833.184056,https://quizlet.com,12
19833.649878,https://ge.xhamster.desi,12
19833.756327,https://www.leboncoin.fr,12
19834.004169,https://www.cardmarket.com,12
19860.163459,https://www.amazon.com.au,12
19860.166992,https://woman.excite.co.jp,12
19860.334126,https://services.gst.gov.in,12
19860.429108,https://ge.xhamster43.desi,12
19860.576039,https://mobile-x2.simontokx.asia,12
19860.608854,https://www.tokyomotion.net,12
19860.686396,https://8moviesda.net,12
19860.695384,https://xosodaiphat.com,12
19876.19018,https://xnxx.health,12
19876.450331,https://br.xhamster.com,12
19876.450579,https://br.xhamster.com,12
19876.450782,https://br.xhamster.com,12
19876.453703,https://br.xhamster.com,12
19876.456355,https://br.xhamster.com,12
19877.640909,https://tktube.com,12
19877.849219,https://tktube.com,12
19878.290811,https://pl.pornhub.com,12
19878.300032,https://link.coupang.com,12
19878.412444,https://litnet.com,12
19878.522681,https://www.kleinanzeigen.de,12
19878.978368,https://imgsrc.ru,12
19880.678333,https://tw.stock.yahoo.com,12
19928.392982,https://en.luxuretv.com,12
19944.274664,https://tw.stock.yahoo.com,12
19944.81488,https://www.xvideos2.com,12
19944.863324,https://www.apornvideo.com,12
19944.870626,https://railapp.railway.gov.bd,12
19944.881562,https://mangabuff.ru,12
19944.89204,https://movie.eroterest.net,12
19945.112666,https://m.magazineluiza.com.br,12
19945.201385,https://triunfobet.com,12
19972.751791,https://www.universal-credit.service.gov.uk,12
20021.294494,https://www.xvideos2.com,12
20021.294685,https://railapp.railway.gov.bd,12
20055.003022,https://www.xvideos2.com,12
20055.586747,https://m.magazineluiza.com.br,12
20055.676401,https://triunfobet.com,12
20056.261712,https://tw.stock.yahoo.com,12
20070.02023,https://railapp.railway.gov.bd,12
20246.973522,https://www.ancestry.com,12
20405.138188,https://www.xvideos2.com,12
20405.138451,https://railapp.railway.gov.bd,12
20407.01426,https://tw.stock.yahoo.com,12
20409.958046,https://www.elconfidencial.com,12
20410.109038,https://news.google.com,12
20412.374289,https://discord.com,12
20412.421412,https://discord.com,12
20517.949396,https://www.xvideos2.com,12
20517.94991,https://railapp.railway.gov.bd,12
20518.511499,https://m.magazineluiza.com.br,12
20518.605889,https://triunfobet.com,12
20519.068535,https://www.youjizz.com,12
20520.912382,https://tw.stock.yahoo.com,12
20530.756304,https://imgsrc.ru,12
20608.134502,https://www.booking.com,12
20634.937765,https://xnxx.health,12
20835.41668,https://tw.stock.yahoo.com,12
20936.292692,https://tw.stock.yahoo.com,12
21085.902169,https://en.m.wikipedia.org,12
21123.24083,https://en.luxuretv.com,12
21135.702293,https://en.luxuretv.com,12
21292.115143,https://tw.stock.yahoo.com,12
21292.627135,https://www.casinoplusonlineph.com,12
21332.598909,https://www.xvideos2.com,12
21332.599781,https://railapp.railway.gov.bd,12
21334.462182,https://www.serviporno.com,12
21336.065057,https://www.serviporno.com,12
21391.856074,https://www.xvideos2.com,12
21391.858271,https://railapp.railway.gov.bd,12
21391.909411,https://movie.eroterest.net,12
21392.055467,https://www.universal-credit.service.gov.uk,12
21392.390695,https://m.magazineluiza.com.br,12
21392.487564,https://triunfobet.com,12
21614.492183,https://www.xvideos2.com,13
21614.493575,https://railapp.railway.gov.bd,13
21657.604494,https://www.xvideos2.com,13
21657.604814,https://railapp.railway.gov.bd,13
21657.689221,https://mangabuff.ru,13
21658.170665,https://m.magazineluiza.com.br,13
21658.277628,https://triunfobet.com,13
21754.009334,https://www.xvideos2.com,13
21754.009484,https://railapp.railway.gov.bd,13
21779.526665,https://xnxx.health,13
21779.664589,https://link.coupang.com,13
21797.018422,https://www.dailymail.co.uk,13
21798.557831,https://xsmn.mobi,13
21798.845402,https://en1.savefrom.net,13
21799.771939,https://www.ojogodobicho.com,13
21801.471189,https://drive.google.com,13
21801.520946,https://drive.google.com,13
21801.591964,https://www.boyfriendtv.com,13
21801.659692,https://www.eporner.com,13
21803.257854,https://www.hepsiburada.com,13
21803.427285,https://parade.com,13
21803.54206,https://tw.stock.yahoo.com,13
21806.197287,https://www.xvideos2.com,13
21806.197471,https://mangabuff.ru,13
21806.198441,https://www.interia.pl,13
21806.208339,https://movie.eroterest.net,13
21806.2366,https://drive.google.com,13
21806.376376,https://railapp.railway.gov.bd,13
21806.37654,https://www.xvideos2.com,13
21806.898607,https://www.dailymail.co.uk,13
21808.780197,https://nickfinder.com,13
21817.927143,https://discord.com,13
21817.970873,https://news.google.com,13
21817.975986,https://discord.com,13
21818.11844,https://www.seznam.cz,13
21818.122597,https://kpqz.brdbuxte.com,13
21818.126587,https://kpqz.brdbuxte.com,13
21818.157301,https://www.seznam.cz,13
21818.194225,https://kpqz.brdbuxte.com,13
21818.292499,https://kpqz.brdbuxte.com,13
21818.459463,https://kpqz.brdbuxte.com,13
21818.640666,https://kpqz.brdbuxte.com,13
21818.959953,https://news.google.com,13
21819.224164,https://www.xvideos.es,13
21819.562436,https://www.xvideos.es,13
21820.0323,https://kpqz.brdbuxte.com,13
21820.21755,https://kpqz.brdbuxte.com,13
21820.675305,https://discord.com,13
21820.689853,https://news.google.com,13
21820.719279,https://discord.com,13
21821.292201,https://news.google.com,13
21827.318802,https://www.jra.go.jp,13
21827.318895,https://www.betano.bet.br,13
21827.319738,https://www.betano.bet.br,13
21827.840257,https://www.betano.bet.br,13
21828.514471,https://www.betano.bet.br,13
21830.621429,https://www.uol.com.br,13
21839.18074,https://www.amazon.com,13
21848.320445,https://www.cardmarket.com,13
21852.712054,https://www.xpaja.net,13
21852.768155,https://quizlet.com,13
21852.768368,https://8moviesda.net,13
21853.22289,https://ge.xhamster.desi,13
21853.289483,https://grapee.jp,13
21853.305996,https://www.leboncoin.fr,13
21864.937201,https://www.amazon.com.au,13
21864.939216,https://woman.excite.co.jp,13
21865.108236,https://services.gst.gov.in,13
21865.277609,https://www.tokyomotion.net,13
21865.280532,https://mobile-x2.simontokx.asia,13
21865.501504,https://xosodaiphat.com,13
21982.103123,https://tw.stock.yahoo.com,13
21996.432739,https://in.pinterest.com,13
21998.165525,https://www.cardmarket.com,13
21998.401068,https://tw.stock.yahoo.com,13
22001.62069,https://ge.xhamster.desi,13
22001.965573,https://www.casinoplusonlineph.com,13
22004.05886,https://www.ixl.com,13
22015.890301,https://quizlet.com,13
22015.903368,https://www.leboncoin.fr,13
22353.574068,https://www.lavanguardia.com,13
22353.689229,https://www.hamshahrionline.ir,13
22353.904306,https://tw.stock.yahoo.com,13
22639.85669,https://www.5movierulz.lgbt,13
22640.86272,https://www.5movierulz.lgbt,13
22642.887089,https://www.cardmarket.com,13
22647.081727,https://www.xpaja.net,13
22647.587588,https://ge.xhamster.desi,13
22647.647302,https://www.leboncoin.fr,13
22647.650862,https://quizlet.com,13
22662.974053,https://www.betano.bet.br,13
22662.991985,https://www.jra.go.jp,13
22662.999298,https://www.betano.bet.br,13
22663.057765,https://www.uol.com.br,13
22663.469976,https://www.betano.bet.br,13
22663.967087,https://www.betano.bet.br,13
22673.818719,https://kpqz.brdbuxte.com,13
22673.964087,https://news.google.com,13
22673.99974,https://kpqz.brdbuxte.com,13
22674.976089,https://www.xvideos.es,13
22675.31604,https://www.xvideos.es,13
22676.204444,https://www.cardmarket.com,13
22677.074143,https://gekso.xyz,13
22677.145533,https://www.annunci69.it,13
22678.053789,https://hochi.news,13
22678.766022,https://www.5movierulz.lgbt,13
22678.845067,https://www.bpjsketenagakerjaan.go.id,13
22680.455066,https://xhamster19.com,13
22680.824945,https://xnxx.health,13
22682.156117,https://studio.youtube.com,13
22682.156552,https://business.google.com,13
22682.157085,https://www.storm.mg,13
22682.216639,https://www.amazon.it,13
22682.304795,https://pl.pornhub.com,13
22682.424843,https://tiktokio.com,13
22692.705672,https://www.finn.no,13
22808.342327,https://tw.stock.yahoo.com,13
22808.342489,https://kpqz.brdbuxte.com,13
22808.485101,https://news.google.com,13
22808.511089,https://kpqz.brdbuxte.com,13
22809.471129,https://www.xvideos.es,13
22809.784656,https://www.xvideos.es,13
22820.990052,https://www.xvideos2.com,13
22821.005104,https://railapp.railway.gov.bd,13
22821.294579,https://m.magazineluiza.com.br,13
22821.390888,https://triunfobet.com,13
23190.340025,https://link.coupang.com,13
25522.4472,https://www.5movierulz.lgbt,14
25522.688878,https://kpqz.brdbuxte.com,14
25523.026435,https://kpqz.brdbuxte.com,14
25523.42151,https://www.alibaba.com,14
25523.444332,https://www.5movierulz.lgbt,14
25523.750073,https://www.bet365.bet.br,14
25523.756281,https://www.alibaba.com,14
25523.853568,https://www.bet365.bet.br,14
25652.070791,https://www.xvideos.es,14
25652.093485,https://www.jusbrasil.com.br,14
25652.732051,https://www.xvideos.es,14
25915.964123,https://tktube.com,14
25917.031077,https://tktube.com,14
26085.262015,https://www.universal-credit.service.gov.uk,14
26093.225281,https://www.betano.bet.br,14
26093.230101,https://www.betano.bet.br,14
26093.242015,https://www.jra.go.jp,14
26093.459338,https://www.booking.com,14
26093.683158,https://www.sahibinden.com,14
26095.95718,https://www.espn.com,14
26105.605723,https://tw.stock.yahoo.com,14
26106.65115,https://tw.stock.yahoo.com,14
26107.608277,https://br.xhamster.com,14
26107.674665,https://br.xhamster.com,14
26107.695611,https://br.xhamster.com,14
26107.802322,https://br.xhamster.com,14
26107.817151,https://br.xhamster.com,14
26107.89221,https://br.xhamster.com,14
26107.962968,https://br.xhamster.com,14
26110.332837,https://www.jusbrasil.com.br,14
26110.35841,https://www.xvideos.es,14
26110.963055,https://br.xhamster.com,14
26116.022206,https://br.xhamster.com,14
26116.17308,https://br.xhamster.com,14
26116.17324,https://br.xhamster.com,14
26116.173416,https://br.xhamster.com,14
26121.755933,https://xnxx.health,14
26122.045797,https://tw.stock.yahoo.com,14
26122.885077,https://e-okul.meb.gov.tr,14
26123.036268,https://www.serviporno.com,14
26123.456593,https://www.serviporno.com,14
26125.135715,https://tw.stock.yahoo.com,14
26125.941323,https://tw.stock.yahoo.com,14
26127.979938,https://br.xhamster.com,14
26128.033858,https://br.xhamster.com,14
26154.204695,https://www.amazon.com,14
26181.305328,https://www.welt.de,14
26182.291427,https://tw.stock.yahoo.com,14
26187.045757,https://genius.com,14
26192.795894,https://www.ouest-france.fr,14
26192.90312,https://www.ouest-france.fr,14
26213.884711,https://fr.xvideos.com,14
26213.939721,https://x.ijavhd.com,14
26213.943269,https://m.fabswingers.com,14
26213.991673,https://sexdep.blog,14
26214.062847,https://fr.xvideos.com,14
26214.18228,https://www.programme-tv.net,14
26214.248517,https://www.bt.dk,14
26214.263664,https://topics.smt.docomo.ne.jp,14
26214.359822,https://x.ijavhd.com,14
26214.401133,https://www.aftonbladet.se,14
26214.401406,https://www.natomanga.com,14
26214.406582,https://timesofindia.indiatimes.com,14
26214.497736,https://www.globo.com,14
26214.512443,https://www.haberler.com,14
26214.516216,https://m.humoruniv.com,14
26214.639103,https://m.fabswingers.com,14
26214.647332,https://turbo.az,14
26214.685197,https://www.otto.de,14
26214.722543,https://www.xnxx.tv,14
26214.722795,https://admin.shopify.com,14
26214.726663,https://www.nytimes.com,14
26214.72775,https://rt.pornhub.org,14
26214.779794,https://sexdep.blog,14
26214.938766,https://www.nytimes.com,14
26214.943522,https://jp.spankbang.com,14
26214.972125,https://www.tamildhool.net,14
26215.165974,https://www.metropoles.com,14
26215.166126,https://actu.fr,14
26215.166267,https://www.otomoto.pl,14
26215.166401,https://bbs.animanch.com,14
26215.166541,https://meet.google.com,14
26215.166672,https://de.pornhub.org,14
26215.169165,https://m.inven.co.kr,14
26215.169322,https://www.prokerala.com,14
26215.169466,https://www.reddit.com,14
26215.16961,https://www.hindustantimes.com,14
26215.169747,https://m.ladies.de,14
26215.169876,https://pt.xhamster.com,14
26215.169979,https://www.kohls.com,14
26215.170068,https://shahvani.com,14
26215.170193,https://www.whatsapp.com,14
26215.170291,https://m.wikitree.co.kr,14
26215.170372,https://spmb.jabarprov.go.id,14
26215.170459,https://www.mediafire.com,14
26215.170564,https://nypost.com,14
26215.170833,https://photos.google.com,14
26215.201538,https://pet.gree-apps.net,14
26215.413076,https://aniwatchtv.to,14
26215.413266,https://www.focus.de,14
26215.413433,https://www.fanmtl.com,14
26215.413599,https://www.cmoa.jp,14
26215.413758,https://www.goodreturns.in,14
26215.413915,https://www.bakecaincontrii.com,14
26215.414076,https://fojik.com,14
26215.414237,https://www.navitime.co.jp,14
26215.414403,https://www.temu.com,14
26215.414561,https://mail.ru,14
26215.51373,https://tw.stock.yahoo.com,14
26215.630172,https://satta-king-fast.com,14
26215.630373,https://www.leroymerlin.es,14
26215.630539,https://www.ign.com,14
26215.630707,https://m.shein.com,14
26215.630875,https://www.tori.fi,14
26215.631034,https://x.sex-studentki.co,14
26215.631196,https://www.hln.be,14
26215.631358,https://lichess.org,14
26215.631516,https://www.news.com.au,14
26215.631684,https://www.amazon.com.mx,14
26215.632354,https://m.fmkorea.com,14
26215.882033,https://m.fabswingers.com,14
26216.176634,https://m.fabswingers.com,14
26216.243485,https://www.bt.dk,14
26217.15123,https://ganamos.biz,14
26217.263314,https://in.pinterest.com,14
26217.5656,https://topics.smt.docomo.ne.jp,14
26217.565723,https://topics.smt.docomo.ne.jp,14
26217.56584,https://topics.smt.docomo.ne.jp,14
26217.565971,https://topics.smt.docomo.ne.jp,14
26218.013968,https://www.haberler.com,14
26218.015229,https://www.haberler.com,14
26218.015295,https://www.haberler.com,14
26218.015355,https://www.haberler.com,14
26218.01542,https://www.haberler.com,14
26218.055816,https://www.tamildhool.net,14
26218.089777,https://www.tamildhool.net,14
26218.089831,https://www.tamildhool.net,14
26218.089903,https://www.tamildhool.net,14
26218.089954,https://www.tamildhool.net,14
26218.090001,https://bbs.animanch.com,14
26218.090054,https://bbs.animanch.com,14
26218.090101,https://www.prokerala.com,14
26218.090152,https://www.prokerala.com,14
26218.090205,https://www.prokerala.com,14
26218.090255,https://www.prokerala.com,14
26218.090303,https://www.prokerala.com,14
26218.09036,https://mail.ru,14
26218.090412,https://mail.ru,14
26218.136562,https://www.xnxx3.com,14
26219.265965,https://www.xnxx3.com,14
26219.266151,https://www.xnxx3.com,14
26219.266314,https://www.xnxx3.com,14
26219.266469,https://www.xnxx3.com,14
26219.266621,https://www.xnxx3.com,14
26219.286358,https://www.xnxx3.com,14
26219.335488,https://www.discogs.com,14
26219.435206,https://lectormangaa.com,14
26219.674617,https://funinexchange247.com,14
26219.766531,https://suumo.jp,14
26219.986339,https://funinexchange247.com,14
26220.095572,https://suumo.jp,14
26220.098788,https://suumo.jp,14
26230.56363,https://m.fabswingers.com,14
26230.702805,https://m.fabswingers.com,14
26230.927617,https://m.fabswingers.com,14
26231.132769,https://m.fabswingers.com,14
26247.903609,https://www.jra.go.jp,14
26247.903854,https://www.betano.bet.br,14
26247.90438,https://www.betano.bet.br,14
26249.87229,https://gekso.xyz,14
26250.884394,https://www.betano.bet.br,14
26633.218668,https://www.uol.com.br,14
26650.179575,https://s.tabelog.com,14
26650.326139,https://s.tabelog.com,14
26651.189316,https://s.tabelog.com,14
26651.189845,https://s.tabelog.com,14
26652.744325,https://finance.yahoo.com,14
26652.982861,https://finance.yahoo.com,14
26666.79708,https://kingbokep.pro,14
26667.092544,https://litnet.com,14
26667.109322,https://fastdl.app,14
26667.470858,https://okxxx1.com,14
